Workbook
Name \Q: #REF!
Name \S: #REF!
Name \W: #REF!
Name \x: #REF!
Name _??: BlankMacro1
Name _??: BlankMacro1
Name _??: BlankMacro1
Name _??: BlankMacro1
Name _??: BlankMacro1
Name _??: BlankMacro1
Name _??: BlankMacro1
Name _??: BlankMacro1
Name _??: BlankMacro1
Name _??????1: BlankMacro1
Name _??????1: BlankMacro1
Name _??????1: BlankMacro1
Name _??????1: BlankMacro1
Name _??????1: BlankMacro1
Name _??????1: BlankMacro1
Name _??????1: BlankMacro1
Name _??????1: BlankMacro1
Name _??????1: BlankMacro1
Name _??????2: BlankMacro1
Name _??????2: BlankMacro1
Name _??????2: BlankMacro1
Name _??????2: BlankMacro1
Name _??????2: BlankMacro1
Name _??????2: BlankMacro1
Name _??????2: BlankMacro1
Name _??????2: BlankMacro1
Name _??????2: BlankMacro1
Name _??????3: BlankMacro1
Name _??????3: BlankMacro1
Name _??????3: BlankMacro1
Name _??????3: BlankMacro1
Name _??????3: BlankMacro1
Name _??????3: BlankMacro1
Name _??????3: BlankMacro1
Name _??????3: BlankMacro1
Name _??????3: BlankMacro1
Name _??????4: BlankMacro1
Name _??????4: BlankMacro1
Name _??????4: BlankMacro1
Name _??????4: BlankMacro1
Name _??????4: BlankMacro1
Name _??????4: BlankMacro1
Name _??????4: BlankMacro1
Name _??????4: BlankMacro1
Name _??????4: BlankMacro1
Name _??????5: BlankMacro1
Name _??????5: BlankMacro1
Name _??????5: BlankMacro1
Name _??????5: BlankMacro1
Name _??????5: BlankMacro1
Name _??????5: BlankMacro1
Name _??????5: BlankMacro1
Name _??????5: BlankMacro1
Name _??????5: BlankMacro1
Name _??????6: BlankMacro1
Name _??????6: BlankMacro1

Sheet foxz

Sheet 01-Bia
B1: CỘNG HÒA XÃ HỘI CHỦ NGHĨA VIỆT NAM
B2: Độc lập - Tự do - Hạnh phúc
B9: HỒ SƠ THANH TOÁN
B11: ĐỢT 02
B17: DỰ ÁN: DỰ ÁN ĐẦU TƯ XÂY DỰNG NHÀ Ở CAO TẦNG KẾT HỢP THƯƠNG MẠI DỊCH VỤ VÀ NHÀ Ở THẤP TẦNG SUNSHINE CRYSTAL RIVER
B18: GÓI THẦU: THI CÔNG KẾT CẤU, CHỐNG THẤM CẢNH QUAN NGOÀI NHÀ KHU VỰC CAO TẦNG
B19: ĐỊA ĐIỂM: Ô ĐẤT CT01-CT VÀ CT01-TT (ĐƯỢC ĐIỀU CHỈNH TỪ Ô ĐẤT CT01) THUỘC KHU ĐÔ THỊ NAM THĂNG LONG, GIAI ĐOẠN III, PHƯỜNG PHÚ THƯỢNG, QUẬN TÂY HỒ, HÀ NỘI
B20: BÊN GIAO THẦU: CÔNG TY TNHH ĐẦU TƯ THƯƠNG MẠI SÔNG MÃ
B21: BÊN NHẬN THẦU: CÔNG TY CỔ PHẦN ĐẦU TƯ XÂY DỰNG HOÀNG LONG GROUP
B22: SỐ HỢP ĐỒNG : 21/2025/HĐTC/CT01/SM-HL NGÀY 10/02/2025
B29: HÀ NỘI - 2025

Sheet 01-Công văn 
A1: CÔNG TY CỔ PHẦN ĐTXD HOÀNG LONG GROUP | E1: CỘNG HÒA XÃ HỘI CHỦ NGHĨA VIỆT NAM
E2: Độc Lập - Tự Do - Hạnh Phúc
A3: 01.2025/CV-HL-SM/CT01 | E3: =====o0o =====
A4: (V/v: Đề nghị thanh toán) | E4: Hà Nội, ngày .... tháng .… năm 2025
A6: GIẤY ĐỀ NGHỊ THANH TOÁN
A7: Kính gửi: | C7: CÔNG TY TNHH ĐẦU TƯ THƯƠNG MẠI SÔNG MÃ
A9: - Căn cứ Hợp đồng thi công số 21/2025/HĐTC/CT01/SM-HL ngày 10/02/2025 giữa Công ty TNHH Đầu tư Thương mại Sông Mã và Công ty Cổ phần Đầu tư Xây dựng Hoàng Long Group về việc thực hiện Gói thầu: Thi công kết cấu, chống thấm cảnh quan ngoài nhà khu vực cao tầng thuộc Dự án đầu tư xây dựng nhà ở cao tầng kết hợp thương mại dịch vụ và nhà ở thấp tầng Sunshine Crystal River
A10: - Căn cứ vào hồ sơ thanh toán đợt 1
B12: 1 | C12: Giá trị hoàn thành | F12: ='02.2 ĐNTT'!E17 -> 1767478295 | H12: đồng
B13: 2 | C13: Giá trị thanh toán | F13: ='02.2 ĐNTT'!J30 -> 1.2380757e+09 | H13: đồng | K13: 2864147927 | M13: 1781704938
K14: =F13-K13 -> -1.6260723e+09 | M14: 1.1757101e+09
A15: Nay Công ty Cổ phần Đầu tư xây dựng Hoàng Long Group đề nghị Công ty TNHH Đầu tư Thương mại Sông Mã thanh toán số tiền là:
A16: Giá trị: | D16: =F13 -> 1.2380757e+09 | F16: =H12 -> đồng | L16: 927072875
A17: ='02.2 ĐNTT'!B32 -> Bằng chữ:
A19: Về tài khoản:
B20: + Chủ tài khoản: Công ty Cổ phần Đầu tư Xây dựng Hoàng Long Group
B21: + Người đại diện: Đầu Minh Lăng + Chức vụ: Tổng Giám đốc | K21: ='02.2 ĐNTT'!J30:K30 -> 0
B22: + Số tài khoản: 00083589003
B23: + Tại Ngân hàng: TMCP Tiên Phong - Chi nhánh Đống Đa
A24: Kính mong Công ty TNHH Đầu tư Thương mại Sông Mã tạo điều kiện giúp đỡ.
A25: Xin trân trọng cảm ơn./
F26: CÔNG TY CỔ PHẦN ĐẦU TƯ XÂY DỰNG
F27: HOÀNG LONG GROUP
A28: Nơi nhận:
A29: - Như kính gửi
A30: - Lưu CT

Sheet 02.1-ĐNTT
A2: Dự án: Dự án đầu tư xây dựng nhà ở cao tầng kết hợp thương mại dịch vụ và nhà ở thấp tầng Sunshine Crystal River
A3: BẢNG TỔNG HỢP GIÁ TRỊ ĐỀ NGHỊ THANH TOÁN THEO KÌ
B5: Thầu phụ: Công ty Cổ phần Đầu tư Xây dựng Hoàng Long Group | E5: Hợp đồng số: 21/2025/CT01/SM-HL | J5: Địa điểm thi công: | K5: Ô đất CT01-CT và CT01-TT (được điều chỉnh từ ô đất CT01) thuộc Khu đô thị Nam Thăng Long, giai đoạn III, Phường Phú Thượng, Quận Tây Hồ, Hà Nội
B7: Chủ thẻ: Công ty Cổ phần Đầu tư Xây dựng Hoàng Long Group | E7: Ngân hàng: TMCP Tiên Phong - Chi nhánh Đống Đa | J7: Thanh toán lần : | K7: 02
B8: Số tài khoản: 00083589003 | J8: Đơn vị tính: VNĐ
A10: Stt | B10: Hạng mục công việc | C10: ĐVT | D10: Đơn giá (Chưa VAT) | E10: Hợp đồng | G10: Khối lượng nghiệm thu | J10: Giá trị nghiệm thu | M10: Hợp đồng còn lại
E11: Khối lượng | F11: Giá trị | G11: Luỹ kế kỳ trước | H11: Kỳ này | I11: Luỹ kế đến nay | J11: Luỹ kế kỳ trước | K11: Kỳ này | L11: Luỹ kế đến nay | M11: Khối lượng | N11: Giá trị
B12: HĐ số 21/2025/CT01/SM-HL | J12: =+SUBTOTAL(9,J13:J152) -> 1989051752 | K12: =+SUBTOTAL(9,K13:K152) -> 1636553977 | L12: =+SUBTOTAL(9,L13:L152) -> 3625605729 | N12: =+SUBTOTAL(9,N13:N152) -> 1.1089772e+10
A13: * | B13: HẠNG MỤC: THI CÔNG KẾT CẤU CẢNH QUAN NGOÀI NHÀ KHU VỰC CAO TẦNG
A14: I | B14: CÔNG TÁC XÂY
A15: 1 | B15: Xây tường gạch đặc, chiều dày >330mm, VXM mác 75 | C15: m3 | D15: 2275030 | E15: 35.03 | F15: =+E15*D15 -> 79694301 | G15: ='03-GTHT DOT...'!E10 -> 0 | H15: ='03-GTHT DOT...'!F10 -> 0 | I15: ='03-GTHT DOT...'!G10 -> 0 | J15: ='03-GTHT DOT...'!H10 -> 0 | K15: ='03-GTHT DOT...'!I10 -> 0 | L15: ='03-GTHT DOT...'!J10 -> 0 | M15: =E15-I15 -> 35.03 | N15: =F15-L15 -> 79694301
A16: 2 | B16: Xây tường gạch đặc, chiều dày <=330mm, VXM mác 75 | C16: m3 | D16: 2275030 | E16: 1174.45 | F16: =+E16*D16 -> 2.671909e+09 | G16: ='03-GTHT DOT...'!E11 -> 0 | H16: ='03-GTHT DOT...'!F11 -> 0 | I16: ='03-GTHT DOT...'!G11 -> 0 | J16: ='03-GTHT DOT...'!H11 -> 0 | K16: ='03-GTHT DOT...'!I11 -> 0 | L16: ='03-GTHT DOT...'!J11 -> 0 | M16: =E16-I16 -> 1174.45 | N16: =F16-L16 -> 2.671909e+09
A17: 3 | B17: Xây tường gạch đặc, chiều dày <=110mm, VXM mác 75 | C17: m3 | D17: 2335944 | E17: 19.56 | F17: =+E17*D17 -> 45691065 | G17: ='03-GTHT DOT...'!E12 -> 0 | H17: ='03-GTHT DOT...'!F12 -> 0 | I17: ='03-GTHT DOT...'!G12 -> 0 | J17: ='03-GTHT DOT...'!H12 -> 0 | K17: ='03-GTHT DOT...'!I12 -> 0 | L17: ='03-GTHT DOT...'!J12 -> 0 | M17: =E17-I17 -> 19.56 | N17: =F17-L17 -> 45691065
A18: 4 | B18: Xây cột, trụ, gạch đặc, VXM mác 75 | C18: m3 | D18: 2572168 | E18: 0.99 | F18: =+E18*D18 -> 2546446.3 | G18: ='03-GTHT DOT...'!E13 -> 0 | H18: ='03-GTHT DOT...'!F13 -> 0 | I18: ='03-GTHT DOT...'!G13 -> 0 | J18: ='03-GTHT DOT...'!H13 -> 0 | K18: ='03-GTHT DOT...'!I13 -> 0 | L18: ='03-GTHT DOT...'!J13 -> 0 | M18: =E18-I18 -> 0.99 | N18: =F18-L18 -> 2546446.3
A19: 5 | B19: Ván khuôn giằng tường | C19: m2 | D19: 240597 | E19: 256.45 | F19: =+E19*D19 -> 61701101 | G19: ='03-GTHT DOT...'!E14 -> 0 | H19: ='03-GTHT DOT...'!F14 -> 0 | I19: ='03-GTHT DOT...'!G14 -> 0 | J19: ='03-GTHT DOT...'!H14 -> 0 | K19: ='03-GTHT DOT...'!I14 -> 0 | L19: ='03-GTHT DOT...'!J14 -> 0 | M19: =E19-I19 -> 256.45 | N19: =F19-L19 -> 61701101
A20: 6 | B20: Cốt thép giằng tường | C20: kg | D20: 6030 | E20: 2029.13 | F20: =+E20*D20 -> 12235654 | G20: ='03-GTHT DOT...'!E15 -> 0 | H20: ='03-GTHT DOT...'!F15 -> 0 | I20: ='03-GTHT DOT...'!G15 -> 0 | J20: ='03-GTHT DOT...'!H15 -> 0 | K20: ='03-GTHT DOT...'!I15 -> 0 | L20: ='03-GTHT DOT...'!J15 -> 0 | M20: =E20-I20 -> 2029.13 | N20: =F20-L20 -> 12235654
A21: 7 | B21: Bê tông giằng tường mác 200# | C21: m3 | D21: 366825 | E21: 28.21 | F21: =+E21*D21 -> 10348133 | G21: ='03-GTHT DOT...'!E16 -> 0 | H21: ='03-GTHT DOT...'!F16 -> 0 | I21: ='03-GTHT DOT...'!G16 -> 0 | J21: ='03-GTHT DOT...'!H16 -> 0 | K21: ='03-GTHT DOT...'!I16 -> 0 | L21: ='03-GTHT DOT...'!J16 -> 0 | M21: =E21-I21 -> 28.21 | N21: =F21-L21 -> 10348133
A22: 8 | B22: Khoan cấy cốt thép, đường kính thép D14 | C22: vị trí | D22: 27600 | E22: 548 | F22: =+E22*D22 -> 15124800 | G22: ='03-GTHT DOT...'!E17 -> 0 | H22: ='03-GTHT DOT...'!F17 -> 0 | I22: ='03-GTHT DOT...'!G17 -> 0 | J22: ='03-GTHT DOT...'!H17 -> 0 | K22: ='03-GTHT DOT...'!I17 -> 0 | L22: ='03-GTHT DOT...'!J17 -> 0 | M22: =E22-I22 -> 548 | N22: =F22-L22 -> 15124800
A23: 9 | B23: Ván khuôn trụ tường | C23: m2 | D23: 240597 | E23: 162.76 | F23: =+E23*D23 -> 39159568 | G23: ='03-GTHT DOT...'!E18 -> 0 | H23: ='03-GTHT DOT...'!F18 -> 0 | I23: ='03-GTHT DOT...'!G18 -> 0 | J23: ='03-GTHT DOT...'!H18 -> 0 | K23: ='03-GTHT DOT...'!I18 -> 0 | L23: ='03-GTHT DOT...'!J18 -> 0 | M23: =E23-I23 -> 162.76 | N23: =F23-L23 -> 39159568
A24: 10 | B24: Cốt thép trụ tường | C24: kg | D24: 6030 | E24: 1268.44 | F24: =+E24*D24 -> 7648693.2 | G24: ='03-GTHT DOT...'!E19 -> 0 | H24: ='03-GTHT DOT...'!F19 -> 0 | I24: ='03-GTHT DOT...'!G19 -> 0 | J24: ='03-GTHT DOT...'!H19 -> 0 | K24: ='03-GTHT DOT...'!I19 -> 0 | L24: ='03-GTHT DOT...'!J19 -> 0 | M24: =E24-I24 -> 1268.44 | N24: =F24-L24 -> 7648693.2
A25: 11 | B25: Bê tông trụ tường mác 200# | C25: m3 | D25: 366825 | E25: 8.95 | F25: =+E25*D25 -> 3283083.7 | G25: ='03-GTHT DOT...'!E20 -> 0 | H25: ='03-GTHT DOT...'!F20 -> 0 | I25: ='03-GTHT DOT...'!G20 -> 0 | J25: ='03-GTHT DOT...'!H20 -> 0 | K25: ='03-GTHT DOT...'!I20 -> 0 | L25: ='03-GTHT DOT...'!J20 -> 0 | M25: =E25-I25 -> 8.95 | N25: =F25-L25 -> 3283083.7
A26: 12 | B26: Ván khuôn tấm đan, bậc cấp | C26: m2 | D26: 240597 | E26: 60.88 | F26: =+E26*D26 -> 14647545 | G26: ='03-GTHT DOT...'!E21 -> 0 | H26: ='03-GTHT DOT...'!F21 -> 0 | I26: ='03-GTHT DOT...'!G21 -> 0 | J26: ='03-GTHT DOT...'!H21 -> 0 | K26: ='03-GTHT DOT...'!I21 -> 0 | L26: ='03-GTHT DOT...'!J21 -> 0 | M26: =E26-I26 -> 60.88 | N26: =F26-L26 -> 14647545
... A30: 16 | B30: Chi phí cộng thêm đối với đầu việc ván khuôn bậc tam cấp - tại vị trí ván khuôn thí (ván khuôn chết không luân chuyển được) | C30: m2 | D30: 60000 | E30: 1 | F30: =+E30*D30 -> 60000 | G30: ='03-GTHT DOT...'!E25 -> 0 | H30: ='03-GTHT DOT...'!F25 -> 0 | I30: ='03-GTHT DOT...'!G25 -> 0 | J30: ='03-GTHT DOT...'!H25 -> 0 | K30: ='03-GTHT DOT...'!I25 -> 0 | L30: ='03-GTHT DOT...'!J25 -> 0 | M30: =E30-I30 -> 1 | N30: =F30-L30 -> 60000
A31: II | B31: CÔNG TÁC BÊ TÔNG | G31: ='03-GTHT DOT...'!E26 -> 0 | H31: ='03-GTHT DOT...'!F26 -> 0 | I31: ='03-GTHT DOT...'!G26 -> 0 | J31: ='03-GTHT DOT...'!H26 -> 0 | K31: ='03-GTHT DOT...'!I26 -> 0 | L31: ='03-GTHT DOT...'!J26 -> 0 | M31: =E31-I31 -> 0
A32: 16 | B32: Bê tông sản xuất qua dây chuyền trạm trộn tại hiện trường hoặc thương phẩm, đổ bằng bơm bê tông, bê tông dầm mác M400# | C32: m3 | D32: 366825 | E32: 94.40925 | F32: =+E32*D32 -> 34631673 | G32: ='03-GTHT DOT...'!E27 -> 18.4544 | H32: ='03-GTHT DOT...'!F27 -> 18.172098 | I32: ='03-GTHT DOT...'!G27 -> 36.626498 | J32: ='03-GTHT DOT...'!H27 -> 6769535 | K32: ='03-GTHT DOT...'!I27 -> 6665980 | L32: ='03-GTHT DOT...'!J27 -> 13435515 | M32: =E32-I32 -> 57.782752 | N32: =F32-L32 -> 21196158
A33: 17 | B33: Bê tông sản xuất qua dây chuyền trạm trộn tại hiện trường hoặc thương phẩm, đổ bằng bơm bê tông, bê tông giếng gió mác M400# | C33: m3 | D33: 366825 | E33: 93.24379 | F33: =+E33*D33 -> 34204153 | G33: ='03-GTHT DOT...'!E28 -> 0 | H33: ='03-GTHT DOT...'!F28 -> 13.021151 | I33: ='03-GTHT DOT...'!G28 -> 13.021151 | J33: ='03-GTHT DOT...'!H28 -> 0 | K33: ='03-GTHT DOT...'!I28 -> 4776484 | L33: ='03-GTHT DOT...'!J28 -> 4776484 | M33: =E33-I33 -> 80.222639 | N33: =F33-L33 -> 29427669
A34: 18 | B34: Bê tông sản xuất qua dây chuyền trạm trộn tại hiện trường hoặc thương phẩm, đổ bằng bơm bê tông, bê tông vách bể mác M400# | C34: m3 | D34: 387025 | E34: 439.5078 | F34: =+E34*D34 -> 1.7010051e+08 | G34: ='03-GTHT DOT...'!E29 -> 200.37653 | H34: ='03-GTHT DOT...'!F29 -> 299.2042 | I34: ='03-GTHT DOT...'!G29 -> 499.58074 | J34: ='03-GTHT DOT...'!H29 -> 77550728 | K34: ='03-GTHT DOT...'!I29 -> 115799507 | L34: ='03-GTHT DOT...'!J29 -> 193350235 | M34: =E34-I34 -> -60.072932 | N34: =F34-L34 -> -23249727
A35: 19 | B35: Bê tông sản xuất qua dây chuyền trạm trộn tại hiện trường hoặc thương phẩm, đổ bằng bơm bê tông, bê tông sàn đáy bể mác M400# | C35: m3 | D35: 385007 | E35: 1380.6915 | F35: =+E35*D35 -> 5.3157589e+08 | G35: ='03-GTHT DOT...'!E30 -> 560.80935 | H35: ='03-GTHT DOT...'!F30 -> 312.15609 | I35: ='03-GTHT DOT...'!G30 -> 872.96544 | J35: ='03-GTHT DOT...'!H30 -> 215915524 | K35: ='03-GTHT DOT...'!I30 -> 120182280 | L35: ='03-GTHT DOT...'!J30 -> 336097804 | M35: =E35-I35 -> 507.72606 | N35: =F35-L35 -> 1.9547809e+08
A36: 20 | B36: Bê tông rãnh thoát nước B200 mác M400# | C36: m3 | D36: 366825 | E36: 56.26125 | F36: =+E36*D36 -> 20638033 | G36: ='03-GTHT DOT...'!E31 -> 0 | H36: ='03-GTHT DOT...'!F31 -> 0 | I36: ='03-GTHT DOT...'!G31 -> 0 | J36: ='03-GTHT DOT...'!H31 -> 0 | K36: ='03-GTHT DOT...'!I31 -> 0 | L36: ='03-GTHT DOT...'!J31 -> 0 | M36: =E36-I36 -> 56.26125 | N36: =F36-L36 -> 20638033
A37: III | B37: CÔNG TÁC VÁN KHUÔN | G37: ='03-GTHT DOT...'!E32 -> 0 | H37: ='03-GTHT DOT...'!F32 -> 0 | I37: ='03-GTHT DOT...'!G32 -> 0 | J37: ='03-GTHT DOT...'!H32 -> 0 | K37: ='03-GTHT DOT...'!I32 -> 0 | L37: ='03-GTHT DOT...'!J32 -> 0 | M37: =E37-I37 -> 0
A38: 21 | B38: Ván khuôn dầm bể | C38: m2 | D38: 240597 | E38: 629.395 | F38: =+E38*D38 -> 1.5143055e+08 | G38: ='03-GTHT DOT...'!E33 -> 12.302847 | H38: ='03-GTHT DOT...'!F33 -> 145.9326 | I38: ='03-GTHT DOT...'!G33 -> 158.23545 | J38: ='03-GTHT DOT...'!H33 -> 2960028 | K38: ='03-GTHT DOT...'!I33 -> 35110946 | L38: ='03-GTHT DOT...'!J33 -> 38070974 | M38: =E38-I38 -> 471.15955 | N38: =F38-L38 -> 1.1335957e+08
A39: 22 | B39: Ván khuôn giếng gió | C39: m2 | D39: 240597 | E39: 1062.1026 | F39: =+E39*D39 -> 2.555387e+08 | G39: ='03-GTHT DOT...'!E34 -> 0 | H39: ='03-GTHT DOT...'!F34 -> 118.3741 | I39: ='03-GTHT DOT...'!G34 -> 118.3741 | J39: ='03-GTHT DOT...'!H34 -> 0 | K39: ='03-GTHT DOT...'!I34 -> 28480453 | L39: ='03-GTHT DOT...'!J34 -> 28480453 | M39: =E39-I39 -> 943.7285 | N39: =F39-L39 -> 2.2705825e+08
A40: 23 | B40: Ván khuôn vách bể | C40: m2 | D40: 240597 | E40: 609.1374 | F40: =+E40*D40 -> 1.4655663e+08 | G40: ='03-GTHT DOT...'!E35 -> 0 | H40: ='03-GTHT DOT...'!F35 -> 1401.112 | I40: ='03-GTHT DOT...'!G35 -> 1401.112 | J40: ='03-GTHT DOT...'!H35 -> 0 | K40: ='03-GTHT DOT...'!I35 -> 337103339 | L40: ='03-GTHT DOT...'!J35 -> 337103339 | M40: =E40-I40 -> -791.97458 | N40: =F40-L40 -> -1.9054671e+08
A41: 24 | B41: Ván khuôn cong vách bể | C41: m2 | D41: 276777 | E41: 2657.9397 | F41: =+E41*D41 -> 7.3565659e+08 | G41: ='03-GTHT DOT...'!E36 -> 1494.7809 | H41: ='03-GTHT DOT...'!F36 -> 1133.9824 | I41: ='03-GTHT DOT...'!G36 -> 2628.7633 | J41: ='03-GTHT DOT...'!H36 -> 413720982 | K41: ='03-GTHT DOT...'!I36 -> 313860247 | L41: ='03-GTHT DOT...'!J36 -> 727581229 | M41: =E41-I41 -> 29.176417 | N41: =F41-L41 -> 8075361.2
A42: 25 | B42: Ván khuôn sàn đáy bể | C42: m2 | D42: 240597 | E42: 8103.3649 | F42: =+E42*D42 -> 1.9496453e+09 | G42: ='03-GTHT DOT...'!E37 -> 2723.6891 | H42: ='03-GTHT DOT...'!F37 -> 936.2513 | I42: ='03-GTHT DOT...'!G37 -> 3659.9404 | J42: ='03-GTHT DOT...'!H37 -> 655311423 | K42: ='03-GTHT DOT...'!I37 -> 225259254 | L42: ='03-GTHT DOT...'!J37 -> 880570677 | M42: =E42-I42 -> 4443.4245 | N42: =F42-L42 -> 1.0690746e+09
A43: 26 | B43: Ván khuôn rãnh thoát nước B200 | C43: m2 | D43: 240597 | E43: 520.9375 | F43: =+E43*D43 -> 1.25336e+08 | G43: ='03-GTHT DOT...'!E38 -> 0 | H43: ='03-GTHT DOT...'!F38 -> 0 | I43: ='03-GTHT DOT...'!G38 -> 0 | J43: ='03-GTHT DOT...'!H38 -> 0 | K43: ='03-GTHT DOT...'!I38 -> 0 | L43: ='03-GTHT DOT...'!J38 -> 0 | M43: =E43-I43 -> 520.9375 | N43: =F43-L43 -> 1.25336e+08
A44: 27 | B44: Chi phí cộng thêm đối với đầu việc ván khuôn bậc sàn đáy bể tại vị trí ván khuôn thí (ván khuôn chết không luân chuyển được) | C44: m2 | D44: 60000 | E44: 1 | F44: =+E44*D44 -> 60000 | G44: ='03-GTHT DOT...'!E39 -> 0 | H44: ='03-GTHT DOT...'!F39 -> 928.0593 | I44: ='03-GTHT DOT...'!G39 -> 928.0593 | J44: ='03-GTHT DOT...'!H39 -> 0 | K44: ='03-GTHT DOT...'!I39 -> 55683558 | L44: ='03-GTHT DOT...'!J39 -> 55683558 | M44: =E44-I44 -> -927.0593 | N44: =F44-L44 -> -55623558
A45: IV | B45: CÔNG TÁC CỐT THÉP | G45: ='03-GTHT DOT...'!E40 -> 0 | H45: ='03-GTHT DOT...'!F40 -> 0 | I45: ='03-GTHT DOT...'!G40 -> 0 | J45: ='03-GTHT DOT...'!H40 -> 0 | K45: ='03-GTHT DOT...'!I40 -> 0 | L45: ='03-GTHT DOT...'!J40 -> 0 | M45: =E45-I45 -> 0
A46: 26 | B46: Cốt thép dầm bể | C46: kg | D46: 6030 | E46: 12273.202 | F46: =+E46*D46 -> 74007411 | G46: ='03-GTHT DOT...'!E41 -> 7418.0994 | H46: ='03-GTHT DOT...'!F41 -> 3724.2575 | I46: ='03-GTHT DOT...'!G41 -> 11142.357 | J46: ='03-GTHT DOT...'!H41 -> 44731140 | K46: ='03-GTHT DOT...'!I41 -> 22457273 | L46: ='03-GTHT DOT...'!J41 -> 67188413 | M46: =E46-I46 -> 1130.8456 | N46: =F46-L46 -> 6818998.1 | P46: 300 | Q46: =P46*D46 -> 1809000
A47: 28 | B47: Cốt thép giếng gió | C47: kg | D47: 6030 | E47: 7832.4784 | F47: =+E47*D47 -> 47229845 | G47: ='03-GTHT DOT...'!E42 -> 0 | H47: ='03-GTHT DOT...'!F42 -> 800.76072 | I47: ='03-GTHT DOT...'!G42 -> 800.76072 | J47: ='03-GTHT DOT...'!H42 -> 0 | K47: ='03-GTHT DOT...'!I42 -> 4828587 | L47: ='03-GTHT DOT...'!J42 -> 4828587 | M47: =E47-I47 -> 7031.7176 | N47: =F47-L47 -> 42401258
A48: 29 | B48: Cốt thép vách bể | C48: kg | D48: 6030 | E48: 30765.546 | F48: =+E48*D48 -> 1.8551624e+08 | G48: ='03-GTHT DOT...'!E43 -> 21402.252 | H48: ='03-GTHT DOT...'!F43 -> 22007.775 | I48: ='03-GTHT DOT...'!G43 -> 43410.027 | J48: ='03-GTHT DOT...'!H43 -> 129055579 | K48: ='03-GTHT DOT...'!I43 -> 132706882 | L48: ='03-GTHT DOT...'!J43 -> 261762461 | M48: =E48-I48 -> -12644.48 | N48: =F48-L48 -> -76246217
A49: 30 | B49: Cốt thép sàn đáy bể | C49: kg | D49: 6030 | E49: 165682.98 | F49: =+E49*D49 -> 9.9906837e+08 | G49: ='03-GTHT DOT...'!E44 -> 71287.937 | H49: ='03-GTHT DOT...'!F44 -> 34821.641 | I49: ='03-GTHT DOT...'!G44 -> 106109.58 | J49: ='03-GTHT DOT...'!H44 -> 429866260 | K49: ='03-GTHT DOT...'!I44 -> 209974496 | L49: ='03-GTHT DOT...'!J44 -> 639840756 | M49: =E49-I49 -> 59573.402 | N49: =F49-L49 -> 3.5922761e+08
A50: 31 | B50: Cốt thép rãnh thoát nước | C50: kg | D50: 6030 | E50: 3938.2875 | F50: =+E50*D50 -> 23747874 | G50: ='03-GTHT DOT...'!E45 -> 0 | H50: ='03-GTHT DOT...'!F45 -> 0 | I50: ='03-GTHT DOT...'!G45 -> 0 | J50: ='03-GTHT DOT...'!H45 -> 0 | K50: ='03-GTHT DOT...'!I45 -> 0 | L50: ='03-GTHT DOT...'!J45 -> 0 | M50: =E50-I50 -> 3938.2875 | N50: =F50-L50 -> 23747874
A51: 32 | B51: Khoan cấy cốt thép, đường kính thép D12, Keo ramset, hilti hoặc tương đương | C51: vị trí | D51: 22500 | E51: 3780 | F51: =+E51*D51 -> 85050000 | G51: ='03-GTHT DOT...'!E46 -> 0 | H51: ='03-GTHT DOT...'!F46 -> 980 | I51: ='03-GTHT DOT...'!G46 -> 980 | J51: ='03-GTHT DOT...'!H46 -> 0 | K51: ='03-GTHT DOT...'!I46 -> 22050000 | L51: ='03-GTHT DOT...'!J46 -> 22050000 | M51: =E51-I51 -> 2800 | N51: =F51-L51 -> 63000000
A52: 33 | B52: Thép khoan cấy | C52: kg | D52: 6030 | E52: 6237.7205 | F52: =+E52*D52 -> 37613455 | G52: ='03-GTHT DOT...'!E47 -> 2184.1713 | H52: ='03-GTHT DOT...'!F47 -> 267.77625 | I52: ='03-GTHT DOT...'!G47 -> 2451.9476 | J52: ='03-GTHT DOT...'!H47 -> 13170553 | K52: ='03-GTHT DOT...'!I47 -> 1614691 | L52: ='03-GTHT DOT...'!J47 -> 14785244 | M52: =E52-I52 -> 3785.7729 | N52: =F52-L52 -> 22828211
A53: ** | B53: HẠNG MỤC: TRÁT, LÁNG, CHỐNG THẤM CẢNH QUAN NGOÀI NHÀ | G53: ='03-GTHT DOT...'!E48 -> 0 | H53: ='03-GTHT DOT...'!F48 -> 0 | I53: ='03-GTHT DOT...'!G48 -> 0 | J53: ='03-GTHT DOT...'!H48 -> 0 | K53: ='03-GTHT DOT...'!I48 -> 0 | L53: ='03-GTHT DOT...'!J48 -> 0 | M53: =E53-I53 -> 0 | N53: =F53-L53 -> 0
A54: A | B54: HẠNG MỤC BỂ + ĐẢO + BỒN HOA QUANH BỂ | G54: ='03-GTHT DOT...'!E49 -> 0 | H54: ='03-GTHT DOT...'!F49 -> 0 | I54: ='03-GTHT DOT...'!G49 -> 0 | J54: ='03-GTHT DOT...'!H49 -> 0 | K54: ='03-GTHT DOT...'!I49 -> 0 | L54: ='03-GTHT DOT...'!J49 -> 0 | M54: =E54-I54 -> 0 | N54: =F54-L54 -> 0
A55: I | B55: Bể bơi | G55: ='03-GTHT DOT...'!E50 -> 0 | H55: ='03-GTHT DOT...'!F50 -> 0 | I55: ='03-GTHT DOT...'!G50 -> 0 | J55: ='03-GTHT DOT...'!H50 -> 0 | K55: ='03-GTHT DOT...'!I50 -> 0 | L55: ='03-GTHT DOT...'!J50 -> 0 | M55: =E55-I55 -> 0 | N55: =F55-L55 -> 0
A56: 1 | B56: Quét lớp chống thấm | C56: m2 | D56: 420000 | E56: 945.3465 | F56: =+E56*D56 -> 397045530 | G56: ='03-GTHT DOT...'!E51 -> 0 | H56: ='03-GTHT DOT...'!F51 -> 0 | I56: ='03-GTHT DOT...'!G51 -> 0 | J56: ='03-GTHT DOT...'!H51 -> 0 | K56: ='03-GTHT DOT...'!I51 -> 0 | L56: ='03-GTHT DOT...'!J51 -> 0 | M56: =E56-I56 -> 945.3465 | N56: =F56-L56 -> 397045530
A57: 2 | B57: Vữa xi măng M75 dày 30-50mm, phần nền | C57: m2 | D57: 82715 | E57: 662.98 | F57: =+E57*D57 -> 54838391 | G57: ='03-GTHT DOT...'!E52 -> 0 | H57: ='03-GTHT DOT...'!F52 -> 0 | I57: ='03-GTHT DOT...'!G52 -> 0 | J57: ='03-GTHT DOT...'!H52 -> 0 | K57: ='03-GTHT DOT...'!I52 -> 0 | L57: ='03-GTHT DOT...'!J52 -> 0 | M57: =E57-I57 -> 662.98 | N57: =F57-L57 -> 54838391
A58: 3 | B58: Vữa xi măng M75 dày 15mm, trát thành | C58: m2 | D58: 104715 | E58: 282.3665 | F58: =+E58*D58 -> 29568008 | G58: ='03-GTHT DOT...'!E53 -> 0 | H58: ='03-GTHT DOT...'!F53 -> 0 | I58: ='03-GTHT DOT...'!G53 -> 0 | J58: ='03-GTHT DOT...'!H53 -> 0 | K58: ='03-GTHT DOT...'!I53 -> 0 | L58: ='03-GTHT DOT...'!J53 -> 0 | M58: =E58-I58 -> 282.3665 | N58: =F58-L58 -> 29568008
B59: Đá Mosaic gốm màu xanh KT300x300x4mm | C59: m2 | D59: Chưa bao gồm, không chào giá | E59: 884.54278 | G59: ='03-GTHT DOT...'!E54 -> 0 | H59: ='03-GTHT DOT...'!F54 -> 0 | I59: ='03-GTHT DOT...'!G54 -> 0 | J59: ='03-GTHT DOT...'!H54 -> 0 | K59: ='03-GTHT DOT...'!I54 -> 0 | L59: ='03-GTHT DOT...'!J54 -> 0 | M59: =E59-I59 -> 884.54278 | N59: =F59-L59 -> 0
B60: Đá Moca crema limestone KT theo TK | C60: m2 | D60: Chưa bao gồm, không chào giá | E60: 72.8672 | G60: ='03-GTHT DOT...'!E55 -> 0 | H60: ='03-GTHT DOT...'!F55 -> 0 | I60: ='03-GTHT DOT...'!G55 -> 0 | J60: ='03-GTHT DOT...'!H55 -> 0 | K60: ='03-GTHT DOT...'!I55 -> 0 | L60: ='03-GTHT DOT...'!J55 -> 0 | M60: =E60-I60 -> 72.8672 | N60: =F60-L60 -> 0
A61: 4 | B61: Vữa xi măng lót trước khi ốp đá | C61: m2 | D61: 104715 | E61: 72.8672 | F61: =+E61*D61 -> 7630288.8 | G61: ='03-GTHT DOT...'!E56 -> 0 | H61: ='03-GTHT DOT...'!F56 -> 0 | I61: ='03-GTHT DOT...'!G56 -> 0 | J61: ='03-GTHT DOT...'!H56 -> 0 | K61: ='03-GTHT DOT...'!I56 -> 0 | L61: ='03-GTHT DOT...'!J56 -> 0 | M61: =E61-I61 -> 72.8672 | N61: =F61-L61 -> 7630288.8
A62: 5 | B62: Xây ghế ngôi trong bể bơi | C62: m3 | E62: 0 | F62: Đã gồm trong xây kết cấu | G62: ='03-GTHT DOT...'!E57 -> 0 | H62: ='03-GTHT DOT...'!F57 -> 0 | I62: ='03-GTHT DOT...'!G57 -> 0 | J62: ='03-GTHT DOT...'!H57 -> 0 | K62: ='03-GTHT DOT...'!I57 -> 0 | L62: ='03-GTHT DOT...'!J57 -> 0 | M62: =E62-I62 -> 0
B63: Mặt ghế ngồi | C63: Tấm | D63: 240597 | E63: 17 | G63: ='03-GTHT DOT...'!E58 -> 0 | H63: ='03-GTHT DOT...'!F58 -> 0 | I63: ='03-GTHT DOT...'!G58 -> 0 | J63: ='03-GTHT DOT...'!H58 -> 0 | K63: ='03-GTHT DOT...'!I58 -> 0 | L63: ='03-GTHT DOT...'!J58 -> 0 | M63: =E63-I63 -> 17 | N63: =F63-L63 -> 0
B64: Hoàn thiện mặt ghế ngồi | C64: m2 | D64: Chưa bao gồm, không chào giá | E64: 9.2073797 | G64: ='03-GTHT DOT...'!E59 -> 0 | H64: ='03-GTHT DOT...'!F59 -> 0 | I64: ='03-GTHT DOT...'!G59 -> 0 | J64: ='03-GTHT DOT...'!H59 -> 0 | K64: ='03-GTHT DOT...'!I59 -> 0 | L64: ='03-GTHT DOT...'!J59 -> 0 | M64: =E64-I64 -> 9.2073797 | N64: =F64-L64 -> 0
A65: 6 | B65: Vữa xi măng lót trước khi ốp đá | C65: m2 | D65: 104715 | E65: 9.2073797 | F65: =+E65*D65 -> 964150.77 | G65: ='03-GTHT DOT...'!E60 -> 0 | H65: ='03-GTHT DOT...'!F60 -> 0 | I65: ='03-GTHT DOT...'!G60 -> 0 | J65: ='03-GTHT DOT...'!H60 -> 0 | K65: ='03-GTHT DOT...'!I60 -> 0 | L65: ='03-GTHT DOT...'!J60 -> 0 | M65: =E65-I65 -> 9.2073797 | N65: =F65-L65 -> 964150.77
B66: Chữ lòng bể bơi theo thiết kế | C66: Bộ | D66: Chưa bao gồm, không chào giá | E66: 1 | G66: ='03-GTHT DOT...'!E61 -> 0 | H66: ='03-GTHT DOT...'!F61 -> 0 | I66: ='03-GTHT DOT...'!G61 -> 0 | J66: ='03-GTHT DOT...'!H61 -> 0 | K66: ='03-GTHT DOT...'!I61 -> 0 | L66: ='03-GTHT DOT...'!J61 -> 0 | M66: =E66-I66 -> 1 | N66: =F66-L66 -> 0
A67: II | B67: Rãnh thác tràn | G67: ='03-GTHT DOT...'!E62 -> 0 | H67: ='03-GTHT DOT...'!F62 -> 0 | I67: ='03-GTHT DOT...'!G62 -> 0 | J67: ='03-GTHT DOT...'!H62 -> 0 | K67: ='03-GTHT DOT...'!I62 -> 0 | L67: ='03-GTHT DOT...'!J62 -> 0 | M67: =E67-I67 -> 0 | N67: =F67-L67 -> 0
A68: 7 | B68: Quét chống thấm | C68: m2 | D68: 420000 | E68: 324.2604 | F68: =+E68*D68 -> 136189368 | G68: ='03-GTHT DOT...'!E63 -> 0 | H68: ='03-GTHT DOT...'!F63 -> 0 | I68: ='03-GTHT DOT...'!G63 -> 0 | J68: ='03-GTHT DOT...'!H63 -> 0 | K68: ='03-GTHT DOT...'!I63 -> 0 | L68: ='03-GTHT DOT...'!J63 -> 0 | M68: =E68-I68 -> 324.2604 | N68: =F68-L68 -> 136189368
A69: 8 | B69: Vữa xi măng dày 15mm, đáy rãnh | C69: m2 | D69: 82715 | E69: 86.7 | F69: =+E69*D69 -> 7171390.5 | G69: ='03-GTHT DOT...'!E64 -> 0 | H69: ='03-GTHT DOT...'!F64 -> 0 | I69: ='03-GTHT DOT...'!G64 -> 0 | J69: ='03-GTHT DOT...'!H64 -> 0 | K69: ='03-GTHT DOT...'!I64 -> 0 | L69: ='03-GTHT DOT...'!J64 -> 0 | M69: =E69-I69 -> 86.7 | N69: =F69-L69 -> 7171390.5
A70: 9 | B70: Vữa xi măng dày 15mm, thành rãnh | C70: m2 | D70: 104715 | E70: 237.5604 | F70: =+E70*D70 -> 24876137 | G70: ='03-GTHT DOT...'!E65 -> 0 | H70: ='03-GTHT DOT...'!F65 -> 0 | I70: ='03-GTHT DOT...'!G65 -> 0 | J70: ='03-GTHT DOT...'!H65 -> 0 | K70: ='03-GTHT DOT...'!I65 -> 0 | L70: ='03-GTHT DOT...'!J65 -> 0 | M70: =E70-I70 -> 237.5604 | N70: =F70-L70 -> 24876137
B71: Lát gạch Ceramic men trắng bề mặt bóng dày 10mm | C71: m2 | D71: Chưa bao gồm, không chào giá | E71: 322.3986 | G71: ='03-GTHT DOT...'!E66 -> 0 | H71: ='03-GTHT DOT...'!F66 -> 0 | I71: ='03-GTHT DOT...'!G66 -> 0 | J71: ='03-GTHT DOT...'!H66 -> 0 | K71: ='03-GTHT DOT...'!I66 -> 0 | L71: ='03-GTHT DOT...'!J66 -> 0 | M71: =E71-I71 -> 322.3986 | N71: =F71-L71 -> 0
B72: Sỏi tự nhiên 20-30mm dày 30mm | C72: m3 | D72: Chưa bao gồm, không chào giá | E72: 1.0629 | G72: ='03-GTHT DOT...'!E67 -> 0 | H72: ='03-GTHT DOT...'!F67 -> 0 | I72: ='03-GTHT DOT...'!G67 -> 0 | J72: ='03-GTHT DOT...'!H67 -> 0 | K72: ='03-GTHT DOT...'!I67 -> 0 | L72: ='03-GTHT DOT...'!J67 -> 0 | M72: =E72-I72 -> 1.0629 | N72: =F72-L72 -> 0
B73: Thanh nhựa đậy rãnh 180x25mm, nhựa nguyên sinh | C73: md | D73: Chưa bao gồm, không chào giá | E73: 80.37 | G73: ='03-GTHT DOT...'!E68 -> 0 | H73: ='03-GTHT DOT...'!F68 -> 0 | I73: ='03-GTHT DOT...'!G68 -> 0 | J73: ='03-GTHT DOT...'!H68 -> 0 | K73: ='03-GTHT DOT...'!I68 -> 0 | L73: ='03-GTHT DOT...'!J68 -> 0 | M73: =E73-I73 -> 80.37 | N73: =F73-L73 -> 0
B74: Nẹp V inox KT50x40mm | C74: md | D74: Chưa bao gồm, không chào giá | E74: 160.74 | G74: ='03-GTHT DOT...'!E69 -> 0 | H74: ='03-GTHT DOT...'!F69 -> 0 | I74: ='03-GTHT DOT...'!G69 -> 0 | J74: ='03-GTHT DOT...'!H69 -> 0 | K74: ='03-GTHT DOT...'!I69 -> 0 | L74: ='03-GTHT DOT...'!J69 -> 0 | M74: =E74-I74 -> 160.74 | N74: =F74-L74 -> 0
A75: 10 | B75: Nẹp V miệng rãnh thoát tràn | C75: md | D75: 129525 | E75: 80.37 | F75: =+E75*D75 -> 10409924 | G75: ='03-GTHT DOT...'!E70 -> 0 | H75: ='03-GTHT DOT...'!F70 -> 0 | I75: ='03-GTHT DOT...'!G70 -> 0 | J75: ='03-GTHT DOT...'!H70 -> 0 | K75: ='03-GTHT DOT...'!I70 -> 0 | L75: ='03-GTHT DOT...'!J70 -> 0 | M75: =E75-I75 -> 80.37 | N75: =F75-L75 -> 10409924
A76: III | B76: Poolbar | G76: ='03-GTHT DOT...'!E71 -> 0 | H76: ='03-GTHT DOT...'!F71 -> 0 | I76: ='03-GTHT DOT...'!G71 -> 0 | J76: ='03-GTHT DOT...'!H71 -> 0 | K76: ='03-GTHT DOT...'!I71 -> 0 | L76: ='03-GTHT DOT...'!J71 -> 0 | M76: =E76-I76 -> 0 | N76: =F76-L76 -> 0
A77: 11 | B77: Xây tường poolbar, <=110mm | C77: m3 | E77: 0 | F77: Đã gồm trong xây kết cấu | G77: ='03-GTHT DOT...'!E72 -> 0 | H77: ='03-GTHT DOT...'!F72 -> 0 | I77: ='03-GTHT DOT...'!G72 -> 0 | J77: ='03-GTHT DOT...'!H72 -> 0 | K77: ='03-GTHT DOT...'!I72 -> 0 | L77: ='03-GTHT DOT...'!J72 -> 0 | M77: =E77-I77 -> 0
A78: 12 | B78: Quét chống thấm | C78: m2 | D78: 250000 | E78: 65.8549 | F78: =+E78*D78 -> 16463725 | G78: ='03-GTHT DOT...'!E73 -> 0 | H78: ='03-GTHT DOT...'!F73 -> 0 | I78: ='03-GTHT DOT...'!G73 -> 0 | J78: ='03-GTHT DOT...'!H73 -> 0 | K78: ='03-GTHT DOT...'!I73 -> 0 | L78: ='03-GTHT DOT...'!J73 -> 0 | M78: =E78-I78 -> 65.8549 | N78: =F78-L78 -> 16463725
A79: 13 | B79: Vữa xi măng mác 75 tạo dốc 1% độ dày theo thực tế | C79: m2 | D79: 82715 | E79: 44.47 | F79: =+E79*D79 -> 3678336 | G79: ='03-GTHT DOT...'!E74 -> 0 | H79: ='03-GTHT DOT...'!F74 -> 0 | I79: ='03-GTHT DOT...'!G74 -> 0 | J79: ='03-GTHT DOT...'!H74 -> 0 | K79: ='03-GTHT DOT...'!I74 -> 0 | L79: ='03-GTHT DOT...'!J74 -> 0 | M79: =E79-I79 -> 44.47 | N79: =F79-L79 -> 3678336
A80: 14 | B80: Vữa xi măng mác 75 trát thành | C80: m2 | D80: 104715 | E80: 21.3849 | F80: =+E80*D80 -> 2239319.8 | G80: ='03-GTHT DOT...'!E75 -> 0 | H80: ='03-GTHT DOT...'!F75 -> 0 | I80: ='03-GTHT DOT...'!G75 -> 0 | J80: ='03-GTHT DOT...'!H75 -> 0 | K80: ='03-GTHT DOT...'!I75 -> 0 | L80: ='03-GTHT DOT...'!J75 -> 0 | M80: =E80-I80 -> 21.3849 | N80: =F80-L80 -> 2239319.8
B81: Đá Cubic Granite Bình Định vàng nhạt băm mặt KT100x100x30mm | C81: m2 | D81: Chưa bao gồm, không chào giá | E81: 60.8172 | G81: ='03-GTHT DOT...'!E76 -> 0 | H81: ='03-GTHT DOT...'!F76 -> 0 | I81: ='03-GTHT DOT...'!G76 -> 0 | J81: ='03-GTHT DOT...'!H76 -> 0 | K81: ='03-GTHT DOT...'!I76 -> 0 | L81: ='03-GTHT DOT...'!J76 -> 0 | M81: =E81-I81 -> 60.8172 | N81: =F81-L81 -> 0
B82: Đá Thanh Hóa xanh đen băm mặt KT200x200x30mm | C82: m2 | D82: Chưa bao gồm, không chào giá | E82: 5.3 | G82: ='03-GTHT DOT...'!E77 -> 0 | H82: ='03-GTHT DOT...'!F77 -> 0 | I82: ='03-GTHT DOT...'!G77 -> 0 | J82: ='03-GTHT DOT...'!H77 -> 0 | K82: ='03-GTHT DOT...'!I77 -> 0 | L82: ='03-GTHT DOT...'!J77 -> 0 | M82: =E82-I82 -> 5.3 | N82: =F82-L82 -> 0
B83: Đá Thanh Hóa xanh đen băm mặt KT300x300x30mm | C83: m2 | D83: Chưa bao gồm, không chào giá | E83: 5.65 | G83: ='03-GTHT DOT...'!E78 -> 0 | H83: ='03-GTHT DOT...'!F78 -> 0 | I83: ='03-GTHT DOT...'!G78 -> 0 | J83: ='03-GTHT DOT...'!H78 -> 0 | K83: ='03-GTHT DOT...'!I78 -> 0 | L83: ='03-GTHT DOT...'!J78 -> 0 | M83: =E83-I83 -> 5.65 | N83: =F83-L83 -> 0
A84: 15 | B84: Vữa xi măng trước khi ốp đá | C84: m2 | D84: 104715 | E84: 5.65 | F84: =+E84*D84 -> 591639.75 | G84: ='03-GTHT DOT...'!E79 -> 0 | H84: ='03-GTHT DOT...'!F79 -> 0 | I84: ='03-GTHT DOT...'!G79 -> 0 | J84: ='03-GTHT DOT...'!H79 -> 0 | K84: ='03-GTHT DOT...'!I79 -> 0 | L84: ='03-GTHT DOT...'!J79 -> 0 | M84: =E84-I84 -> 5.65 | N84: =F84-L84 -> 591639.75
B85: Hệ khung thép hộp mạ kẽm nhúng nóng KT20x20x1,2mm | C85: kg | D85: Chưa bao gồm, không chào giá | E85: 112.24118 | G85: ='03-GTHT DOT...'!E80 -> 0 | H85: ='03-GTHT DOT...'!F80 -> 0 | I85: ='03-GTHT DOT...'!G80 -> 0 | J85: ='03-GTHT DOT...'!H80 -> 0 | K85: ='03-GTHT DOT...'!I80 -> 0 | L85: ='03-GTHT DOT...'!J80 -> 0 | M85: =E85-I85 -> 112.24118 | N85: =F85-L85 -> 0
B86: Đá Moca crema limestone KT theo KT | C86: m2 | D86: Chưa bao gồm, không chào giá | E86: 105.817 | G86: ='03-GTHT DOT...'!E81 -> 0 | H86: ='03-GTHT DOT...'!F81 -> 0 | I86: ='03-GTHT DOT...'!G81 -> 0 | J86: ='03-GTHT DOT...'!H81 -> 0 | K86: ='03-GTHT DOT...'!I81 -> 0 | L86: ='03-GTHT DOT...'!J81 -> 0 | M86: =E86-I86 -> 105.817 | N86: =F86-L86 -> 0
A87: IV | B87: Biển hồ | F87: =+E87*D87 -> 0 | G87: ='03-GTHT DOT...'!E82 -> 0 | H87: ='03-GTHT DOT...'!F82 -> 0 | I87: ='03-GTHT DOT...'!G82 -> 0 | J87: ='03-GTHT DOT...'!H82 -> 0 | K87: ='03-GTHT DOT...'!I82 -> 0 | L87: ='03-GTHT DOT...'!J82 -> 0 | M87: =E87-I87 -> 0 | N87: =F87-L87 -> 0
A88: 16 | B88: Bê tông bọt | C88: m3 | D88: 900000 | E88: 122.29573 | F88: =+E88*D88 -> 110066157 | G88: ='03-GTHT DOT...'!E83 -> 0 | H88: ='03-GTHT DOT...'!F83 -> 0 | I88: ='03-GTHT DOT...'!G83 -> 0 | J88: ='03-GTHT DOT...'!H83 -> 0 | K88: ='03-GTHT DOT...'!I83 -> 0 | L88: ='03-GTHT DOT...'!J83 -> 0 | M88: =E88-I88 -> 122.29573 | N88: =F88-L88 -> 110066157
B89: Lưới sợi thủy tinh | C89: m2 | D89: Chưa bao gồm, không chào giá | E89: 3154.1461 | G89: ='03-GTHT DOT...'!E84 -> 0 | H89: ='03-GTHT DOT...'!F84 -> 0 | I89: ='03-GTHT DOT...'!G84 -> 0 | J89: ='03-GTHT DOT...'!H84 -> 0 | K89: ='03-GTHT DOT...'!I84 -> 0 | L89: ='03-GTHT DOT...'!J84 -> 0 | M89: =E89-I89 -> 3154.1461 | N89: =F89-L89 -> 0
A90: 17 | B90: Quét chống thấm | C90: m2 | D90: 420000 | E90: 3144.8371 | F90: =+E90*D90 -> 1320831582 | G90: ='03-GTHT DOT...'!E85 -> 0 | H90: ='03-GTHT DOT...'!F85 -> 0 | I90: ='03-GTHT DOT...'!G85 -> 0 | J90: ='03-GTHT DOT...'!H85 -> 0 | K90: ='03-GTHT DOT...'!I85 -> 0 | L90: ='03-GTHT DOT...'!J85 -> 0 | M90: =E90-I90 -> 3144.8371 | N90: =F90-L90 -> 1320831582
B91: Cát nén phủ bề mặt tạo hình độ dày mỏng tùy vị trí | C91: m2 | D91: Chưa bao gồm, không chào giá | E91: 3154.1461 | G91: ='03-GTHT DOT...'!E86 -> 0 | H91: ='03-GTHT DOT...'!F86 -> 0 | I91: ='03-GTHT DOT...'!G86 -> 0 | J91: ='03-GTHT DOT...'!H86 -> 0 | K91: ='03-GTHT DOT...'!I86 -> 0 | L91: ='03-GTHT DOT...'!J86 -> 0 | M91: =E91-I91 -> 3154.1461 | N91: =F91-L91 -> 0
A92: V | B92: Bồn hoa + đảo quanh biển hồ | F92: =+E92*D92 -> 0 | G92: ='03-GTHT DOT...'!E87 -> 0 | H92: ='03-GTHT DOT...'!F87 -> 0 | I92: ='03-GTHT DOT...'!G87 -> 0 | J92: ='03-GTHT DOT...'!H87 -> 0 | K92: ='03-GTHT DOT...'!I87 -> 0 | L92: ='03-GTHT DOT...'!J87 -> 0 | M92: =E92-I92 -> 0 | N92: =F92-L92 -> 0
A93: 18 | B93: Quét chống thấm | C93: m2 | D93: 250000 | E93: 219.13 | F93: =+E93*D93 -> 54782500 | G93: ='03-GTHT DOT...'!E88 -> 0 | H93: ='03-GTHT DOT...'!F88 -> 0 | I93: ='03-GTHT DOT...'!G88 -> 0 | J93: ='03-GTHT DOT...'!H88 -> 0 | K93: ='03-GTHT DOT...'!I88 -> 0 | L93: ='03-GTHT DOT...'!J88 -> 0 | M93: =E93-I93 -> 219.13 | N93: =F93-L93 -> 54782500
A94: 19 | B94: Lớp vữa xi măng M75 đánh dốc 0,5% về phía phễu thu độ dày theo thực tế | C94: m2 | D94: 82715 | E94: 19.05 | F94: =+E94*D94 -> 1575720.8 | G94: ='03-GTHT DOT...'!E89 -> 0 | H94: ='03-GTHT DOT...'!F89 -> 0 | I94: ='03-GTHT DOT...'!G89 -> 0 | J94: ='03-GTHT DOT...'!H89 -> 0 | K94: ='03-GTHT DOT...'!I89 -> 0 | L94: ='03-GTHT DOT...'!J89 -> 0 | M94: =E94-I94 -> 19.05 | N94: =F94-L94 -> 1575720.8
A95: 20 | B95: Lớp vữa xi măng M75 trát thành bồn hoa | C95: m2 | D95: 104715 | E95: 219.13076 | F95: =+E95*D95 -> 22946278 | G95: ='03-GTHT DOT...'!E90 -> 0 | H95: ='03-GTHT DOT...'!F90 -> 0 | I95: ='03-GTHT DOT...'!G90 -> 0 | J95: ='03-GTHT DOT...'!H90 -> 0 | K95: ='03-GTHT DOT...'!I90 -> 0 | L95: ='03-GTHT DOT...'!J90 -> 0 | M95: =E95-I95 -> 219.13076 | N95: =F95-L95 -> 22946278
B96: Lớp vỉ nhựa Plastic Cell chất liệu nhựa PP màu đen KT500x500x30mm | C96: m2 | D96: Chưa bao gồm, không chào giá | E96: 297.76504 | G96: ='03-GTHT DOT...'!E91 -> 0 | H96: ='03-GTHT DOT...'!F91 -> 0 | I96: ='03-GTHT DOT...'!G91 -> 0 | J96: ='03-GTHT DOT...'!H91 -> 0 | K96: ='03-GTHT DOT...'!I91 -> 0 | L96: ='03-GTHT DOT...'!J91 -> 0 | M96: =E96-I96 -> 297.76504 | N96: =F96-L96 -> 0
B97: Lớp vải địa ART15 hoặc tương đương | C97: m2 | D97: Chưa bao gồm, không chào giá | E97: 326.34731 | G97: ='03-GTHT DOT...'!E92 -> 0 | H97: ='03-GTHT DOT...'!F92 -> 0 | I97: ='03-GTHT DOT...'!G92 -> 0 | J97: ='03-GTHT DOT...'!H92 -> 0 | K97: ='03-GTHT DOT...'!I92 -> 0 | L97: ='03-GTHT DOT...'!J92 -> 0 | M97: =E97-I97 -> 326.34731 | N97: =F97-L97 -> 0
B98: Lớp sỏi 10x20mm trộn cát vàng tỷ lệ 1:1 | C98: m3 | D98: Chưa bao gồm, không chào giá | E98: 5.3608274 | G98: ='03-GTHT DOT...'!E93 -> 0 | H98: ='03-GTHT DOT...'!F93 -> 0 | I98: ='03-GTHT DOT...'!G93 -> 0 | J98: ='03-GTHT DOT...'!H93 -> 0 | K98: ='03-GTHT DOT...'!I93 -> 0 | L98: ='03-GTHT DOT...'!J93 -> 0 | M98: =E98-I98 -> 5.3608274 | N98: =F98-L98 -> 0
B99: Đất màu trồng cây | C99: m3 | D99: Chưa bao gồm, không chào giá | E99: 107.21655 | G99: ='03-GTHT DOT...'!E94 -> 0 | H99: ='03-GTHT DOT...'!F94 -> 0 | I99: ='03-GTHT DOT...'!G94 -> 0 | J99: ='03-GTHT DOT...'!H94 -> 0 | K99: ='03-GTHT DOT...'!I94 -> 0 | L99: ='03-GTHT DOT...'!J94 -> 0 | M99: =E99-I99 -> 107.21655 | N99: =F99-L99 -> 0
B100: Khối đá trang trí lớn | C100: Viên | D100: Chưa bao gồm, không chào giá | E100: 12 | G100: ='03-GTHT DOT...'!E95 -> 0 | H100: ='03-GTHT DOT...'!F95 -> 0 | I100: ='03-GTHT DOT...'!G95 -> 0 | J100: ='03-GTHT DOT...'!H95 -> 0 | K100: ='03-GTHT DOT...'!I95 -> 0 | L100: ='03-GTHT DOT...'!J95 -> 0 | M100: =E100-I100 -> 12 | N100: =F100-L100 -> 0
B101: Khối đá trang trí cỡ vừa | C101: Viên | D101: Chưa bao gồm, không chào giá | E101: 11 | G101: ='03-GTHT DOT...'!E96 -> 0 | H101: ='03-GTHT DOT...'!F96 -> 0 | I101: ='03-GTHT DOT...'!G96 -> 0 | J101: ='03-GTHT DOT...'!H96 -> 0 | K101: ='03-GTHT DOT...'!I96 -> 0 | L101: ='03-GTHT DOT...'!J96 -> 0 | M101: =E101-I101 -> 11 | N101: =F101-L101 -> 0
B102: Khối đá trang trí cỡ nhỏ | C102: Viên | D102: Chưa bao gồm, không chào giá | E102: 15 | G102: ='03-GTHT DOT...'!E97 -> 0 | H102: ='03-GTHT DOT...'!F97 -> 0 | I102: ='03-GTHT DOT...'!G97 -> 0 | J102: ='03-GTHT DOT...'!H97 -> 0 | K102: ='03-GTHT DOT...'!I97 -> 0 | L102: ='03-GTHT DOT...'!J97 -> 0 | M102: =E102-I102 -> 15 | N102: =F102-L102 -> 0
A103: B | B103: HẠNG MỤC NỀN CẢNH QUAN + BỒN HOA + GIẾNG GIÓ | F103: =+E103*D103 -> 0 | G103: ='03-GTHT DOT...'!E98 -> 0 | H103: ='03-GTHT DOT...'!F98 -> 0 | I103: ='03-GTHT DOT...'!G98 -> 0 | J103: ='03-GTHT DOT...'!H98 -> 0 | K103: ='03-GTHT DOT...'!I98 -> 0 | L103: ='03-GTHT DOT...'!J98 -> 0 | M103: =E103-I103 -> 0 | N103: =F103-L103 -> 0
A104: I | B104: Phần nền | F104: =+E104*D104 -> 0 | G104: ='03-GTHT DOT...'!E99 -> 0 | H104: ='03-GTHT DOT...'!F99 -> 0 | I104: ='03-GTHT DOT...'!G99 -> 0 | J104: ='03-GTHT DOT...'!H99 -> 0 | K104: ='03-GTHT DOT...'!I99 -> 0 | L104: ='03-GTHT DOT...'!J99 -> 0 | M104: =E104-I104 -> 0 | N104: =F104-L104 -> 0
A105: 1 | B105: Vị trí hoàn thiện Cát biển tự nhiên (F1) | C105: m2 | D105: Chưa bao gồm, hoàn thiện sau | E105: 1833.7901 | G105: ='03-GTHT DOT...'!E100 -> 0 | H105: ='03-GTHT DOT...'!F100 -> 0 | I105: ='03-GTHT DOT...'!G100 -> 0 | J105: ='03-GTHT DOT...'!H100 -> 0 | K105: ='03-GTHT DOT...'!I100 -> 0 | L105: ='03-GTHT DOT...'!J100 -> 0 | M105: =E105-I105 -> 1833.7901 | N105: =F105-L105 -> 0
A106: 1.1 | B106: Lớp vải địa ART 15 hoặc tương đương | C106: m2 | D106: Chưa bao gồm, hoàn thiện sau | E106: 1833.7901 | G106: ='03-GTHT DOT...'!E101 -> 0 | H106: ='03-GTHT DOT...'!F101 -> 0 | I106: ='03-GTHT DOT...'!G101 -> 0 | J106: ='03-GTHT DOT...'!H101 -> 0 | K106: ='03-GTHT DOT...'!I101 -> 0 | L106: ='03-GTHT DOT...'!J101 -> 0 | M106: =E106-I106 -> 1833.7901 | N106: =F106-L106 -> 0
A107: 1.2 | B107: Lớp vỉ nhựa Plastic Cell chất liệu nhựa PP màu đen, KT 500x500x30 | C107: m2 | D107: Chưa bao gồm, hoàn thiện sau | E107: 1833.7901 | G107: ='03-GTHT DOT...'!E102 -> 0 | H107: ='03-GTHT DOT...'!F102 -> 0 | I107: ='03-GTHT DOT...'!G102 -> 0 | J107: ='03-GTHT DOT...'!H102 -> 0 | K107: ='03-GTHT DOT...'!I102 -> 0 | L107: ='03-GTHT DOT...'!J102 -> 0 | M107: =E107-I107 -> 1833.7901 | N107: =F107-L107 -> 0
...

Sheet 02.2 ĐNTT
A2: ='02.1-ĐNTT'!A2:N2 -> Dự án: Dự án đầu tư xây dựng nhà ở cao tầng kết hợp thương mại dịch vụ và nhà ở thấp tầng Sunshine Crystal River
A3: ĐỀ NGHỊ THANH TOÁN THEO KÌ
B5: ='02.1-ĐNTT'!B5:D6 -> Thầu phụ: Công ty Cổ phần Đầu tư Xây dựng Hoàng Long Group | F5: ='02.1-ĐNTT'!E5 -> Hợp đồng số: 21/2025/CT01/SM-HL | J5: Địa điểm thi công: | K5: ='02.1-ĐNTT'!K5:N6 -> Ô đất CT01-CT và CT01-TT (được điều chỉnh từ ô đất CT01) thuộc Khu đô thị Nam Thăng Long, giai đoạn III, Phường Phú Thượng, Quận Tây Hồ, Hà Nội
B6: ='02.1-ĐNTT'!B7 -> Chủ thẻ: Công ty Cổ phần Đầu tư Xây dựng Hoàng Long Group | F6: ='02.1-ĐNTT'!E7 -> Ngân hàng: TMCP Tiên Phong - Chi nhánh Đống Đa | J6: Thanh toán lần : | K6: ='02.1-ĐNTT'!K7 -> 02
B7: ='02.1-ĐNTT'!B8 -> Số tài khoản: 00083589003 | J7: Đơn vị tính: vnđ
K8: Hà Nội, ngày …... tháng …... năm 2025
A9: Giá trị hợp đồng + PLHĐ [1] = [1.1]+[1.2] + …. | E9: =E10+E11 -> 1.5892608e+10
A10: Giá trị HĐ gốc [1.1] | E10: ='02.1-ĐNTT'!F155 -> 1.5892608e+10
A11: Giá trị PLHĐ số …. [1.2] | E11: =0 -> 0
A12: Giá trị tạm ứng HĐ + PLHĐ [2] = [2.1] + [2.2] + …. | E12: =E13+E14 -> 3178521623
A13: Giá trị tạm ứng HĐ [2.1] | E13: =ROUND(E10*20%,0) -> 3178521623
A14: Giá trị tạm ứng PLHĐ số ….. [2.2] | E14: 0
A15: Giá trị tạm ứng vật tư [3] | E15: 0
A16: Lũy kế giá trị nghiệm thu đến nay [4] | E16: ='02.1-ĐNTT'!L155 -> 3.9156542e+09
A17: Giá trị nghiệm thu kỳ này [5] | E17: ='02.1-ĐNTT'!K155 -> 1767478295
A18: Giá trị hoàn thành kỳ này theo HĐ [5A] | E18: ='02.1-ĐNTT'!K155 -> 1767478295
A19: Giá trị hoàn thành kỳ này theo PLHĐ [5B] | E19: 0
A20: Lũy kế giá trị đã duyệt các kỳ trước [6] = [7]+[8]+[9]+[10]+[11] | E20: =E21+E22+E23+E24+E25 -> 1307099570
B21: - Lũy kế giá trị ĐNTT [7] | E21: 1307099570
B22: - Lũy kế tạm giữ vật tư [8] | E22: 0
B23: - Lũy kế trừ BHLĐ [9] | E23: 0
B24: - Lũy kế trừ khác [10] | E24: 0 | G24: Giá trị trừ kỳ này [17]=[17a]+[17b]+[17c]+[17d]
B25: - Còn nợ kỳ trước chưa bao gồm BL [11] | E25: 0 | G25: (Không bao gồm bảo lưu)
A26: Lũy kế bảo lưu 10% đến nay [12] = [4]*10% | E26: =ROUND(E16*10%,0) -> 391565419 | G26: - Trừ vật tư kỳ này [17a] | K26: 0
A27: Lũy kế thu hồi tạm ứng đến nay [13] =[4]*[2]/{[1]*0.8} | E27: =ROUND(E16*E12/(E9*0.8),0) -> 978913547 | G27: - Trừ BHLĐ kỳ này [17b] | K27: 0
A28: Lũy kế thu hồi tạm ứng vật tư [14] = [….] | E28: 0 | G28: - Tạm giữ kỳ này [17c] | J28: =+'đối trừ đợt 2'!J26 -> 19363984
A29: [15] = [6]+[12]+[13]+[14] | E29: =E20+E26+E27+E28 -> 2677578536 | G29: - Trừ khác kỳ này [17d] | J29: 0 | P29: 1.3385996e+09
A30: Giá trị thanh toán kỳ này (chưa trừ) [16] = [4-15] | E30: =E16-E29 -> 1.2380757e+09 | G30: Giá trị thanh toán kỳ này [18]= [16] - [17] | J30: =E30-J24 -> 1.2380757e+09 | L30: đồng | O30: 1382840607 | Q30: 1.247323e+09
B32: Bằng chữ:
B33: BÊN NHẬN THẦU | G33: PHỤ TRÁCH BAN ĐIỀU HÀNH DỰ ÁN | K33: BÊN GIAO THẦU | O33: =E16*0.65 -> 2.5451752e+09

Sheet 03-GTHT DOT...
A2: CÔNG TRÌNH: THI CÔNG KẾT CẤU, CHỐNG THẤM CẢNH QUAN NGOÀI NHÀ KHU VỰC CAO TẦNG
A3: BẢNG TỔNG HỢP GIÁ TRỊ KHỐI LƯỢNG HOÀN THÀNH THEO HỢP ĐỒNG
A5: Stt | B5: Nội dung | C5: Đơn vị | D5: Đơn giá | E5: Khối lượng nghiệm thu | H5: Giá trị nghiệm thu | K5: Ghi chú
E6: Luỹ kế kỳ trước | F6: Kỳ này | G6: Lũy kế đến nay | H6: Luỹ kế kỳ trước | I6: Kỳ này | J6: Lũy kế đến nay
B7: ='02.1-ĐNTT'!B12 -> HĐ số 21/2025/CT01/SM-HL
A8: ='02.1-ĐNTT'!A13 -> * | B8: ='02.1-ĐNTT'!B13 -> HẠNG MỤC: THI CÔNG KẾT CẤU CẢNH QUAN NGOÀI NHÀ KHU VỰC CAO TẦNG
A9: ='02.1-ĐNTT'!A14 -> I | B9: ='02.1-ĐNTT'!B14 -> CÔNG TÁC XÂY
A10: ='02.1-ĐNTT'!A15 -> 1 | B10: ='02.1-ĐNTT'!B15 -> Xây tường gạch đặc, chiều dày >330mm, VXM mác 75 | C10: ='02.1-ĐNTT'!C15 -> m3 | D10: ='02.1-ĐNTT'!D15 -> 2275030 | E10: 0 | F10: ='04-THKL DOT...'!F15 -> 0 | G10: =E10+F10 -> 0 | H10: =ROUND($D10*E10,0) -> 0 | I10: =ROUND($D10*F10,0) -> 0 | J10: =H10+I10 -> 0
A11: ='02.1-ĐNTT'!A16 -> 2 | B11: ='02.1-ĐNTT'!B16 -> Xây tường gạch đặc, chiều dày <=330mm, VXM mác 75 | C11: ='02.1-ĐNTT'!C16 -> m3 | D11: ='02.1-ĐNTT'!D16 -> 2275030 | E11: 0 | F11: ='04-THKL DOT...'!F16 -> 0 | G11: =E11+F11 -> 0 | H11: =ROUND($D11*E11,0) -> 0 | I11: =ROUND($D11*F11,0) -> 0 | J11: =H11+I11 -> 0
A12: ='02.1-ĐNTT'!A17 -> 3 | B12: ='02.1-ĐNTT'!B17 -> Xây tường gạch đặc, chiều dày <=110mm, VXM mác 75 | C12: ='02.1-ĐNTT'!C17 -> m3 | D12: ='02.1-ĐNTT'!D17 -> 2335944 | E12: 0 | F12: ='04-THKL DOT...'!F17 -> 0 | G12: =E12+F12 -> 0 | H12: =ROUND($D12*E12,0) -> 0 | I12: =ROUND($D12*F12,0) -> 0 | J12: =H12+I12 -> 0
A13: ='02.1-ĐNTT'!A18 -> 4 | B13: ='02.1-ĐNTT'!B18 -> Xây cột, trụ, gạch đặc, VXM mác 75 | C13: ='02.1-ĐNTT'!C18 -> m3 | D13: ='02.1-ĐNTT'!D18 -> 2572168 | E13: 0 | F13: ='04-THKL DOT...'!F18 -> 0 | G13: =E13+F13 -> 0 | H13: =ROUND($D13*E13,0) -> 0 | I13: =ROUND($D13*F13,0) -> 0 | J13: =H13+I13 -> 0
A14: ='02.1-ĐNTT'!A19 -> 5 | B14: ='02.1-ĐNTT'!B19 -> Ván khuôn giằng tường | C14: ='02.1-ĐNTT'!C19 -> m2 | D14: ='02.1-ĐNTT'!D19 -> 240597 | E14: 0 | F14: ='04-THKL DOT...'!F19 -> 0 | G14: =E14+F14 -> 0 | H14: =ROUND($D14*E14,0) -> 0 | I14: =ROUND($D14*F14,0) -> 0 | J14: =H14+I14 -> 0
A15: ='02.1-ĐNTT'!A20 -> 6 | B15: ='02.1-ĐNTT'!B20 -> Cốt thép giằng tường | C15: ='02.1-ĐNTT'!C20 -> kg | D15: ='02.1-ĐNTT'!D20 -> 6030 | E15: 0 | F15: ='04-THKL DOT...'!F20 -> 0 | G15: =E15+F15 -> 0 | H15: =ROUND($D15*E15,0) -> 0 | I15: =ROUND($D15*F15,0) -> 0 | J15: =H15+I15 -> 0
A16: ='02.1-ĐNTT'!A21 -> 7 | B16: ='02.1-ĐNTT'!B21 -> Bê tông giằng tường mác 200# | C16: ='02.1-ĐNTT'!C21 -> m3 | D16: ='02.1-ĐNTT'!D21 -> 366825 | E16: 0 | F16: ='04-THKL DOT...'!F21 -> 0 | G16: =E16+F16 -> 0 | H16: =ROUND($D16*E16,0) -> 0 | I16: =ROUND($D16*F16,0) -> 0 | J16: =H16+I16 -> 0
A17: ='02.1-ĐNTT'!A22 -> 8 | B17: ='02.1-ĐNTT'!B22 -> Khoan cấy cốt thép, đường kính thép D14 | C17: ='02.1-ĐNTT'!C22 -> vị trí | D17: ='02.1-ĐNTT'!D22 -> 27600 | E17: 0 | F17: ='04-THKL DOT...'!F22 -> 0 | G17: =E17+F17 -> 0 | H17: =ROUND($D17*E17,0) -> 0 | I17: =ROUND($D17*F17,0) -> 0 | J17: =H17+I17 -> 0
A18: ='02.1-ĐNTT'!A23 -> 9 | B18: ='02.1-ĐNTT'!B23 -> Ván khuôn trụ tường | C18: ='02.1-ĐNTT'!C23 -> m2 | D18: ='02.1-ĐNTT'!D23 -> 240597 | E18: 0 | F18: ='04-THKL DOT...'!F23 -> 0 | G18: =E18+F18 -> 0 | H18: =ROUND($D18*E18,0) -> 0 | I18: =ROUND($D18*F18,0) -> 0 | J18: =H18+I18 -> 0
A19: ='02.1-ĐNTT'!A24 -> 10 | B19: ='02.1-ĐNTT'!B24 -> Cốt thép trụ tường | C19: ='02.1-ĐNTT'!C24 -> kg | D19: ='02.1-ĐNTT'!D24 -> 6030 | E19: 0 | F19: ='04-THKL DOT...'!F24 -> 0 | G19: =E19+F19 -> 0 | H19: =ROUND($D19*E19,0) -> 0 | I19: =ROUND($D19*F19,0) -> 0 | J19: =H19+I19 -> 0
A20: ='02.1-ĐNTT'!A25 -> 11 | B20: ='02.1-ĐNTT'!B25 -> Bê tông trụ tường mác 200# | C20: ='02.1-ĐNTT'!C25 -> m3 | D20: ='02.1-ĐNTT'!D25 -> 366825 | E20: 0 | F20: ='04-THKL DOT...'!F25 -> 0 | G20: =E20+F20 -> 0 | H20: =ROUND($D20*E20,0) -> 0 | I20: =ROUND($D20*F20,0) -> 0 | J20: =H20+I20 -> 0
A21: ='02.1-ĐNTT'!A26 -> 12 | B21: ='02.1-ĐNTT'!B26 -> Ván khuôn tấm đan, bậc cấp | C21: ='02.1-ĐNTT'!C26 -> m2 | D21: ='02.1-ĐNTT'!D26 -> 240597 | E21: 0 | F21: ='04-THKL DOT...'!F26 -> 0 | G21: =E21+F21 -> 0 | H21: =ROUND($D21*E21,0) -> 0 | I21: =ROUND($D21*F21,0) -> 0 | J21: =H21+I21 -> 0
... A25: ='02.1-ĐNTT'!A30 -> 16 | B25: ='02.1-ĐNTT'!B30 -> Chi phí cộng thêm đối với đầu việc ván khuôn bậc tam cấp - tại vị trí ván khuôn thí (ván khuôn chết không luân chuyển được) | C25: ='02.1-ĐNTT'!C30 -> m2 | D25: ='02.1-ĐNTT'!D30 -> 60000 | E25: 0 | F25: ='04-THKL DOT...'!F30 -> 0 | G25: =E25+F25 -> 0 | H25: =ROUND($D25*E25,0) -> 0 | I25: =ROUND($D25*F25,0) -> 0 | J25: =H25+I25 -> 0
A26: ='02.1-ĐNTT'!A31 -> II | B26: ='02.1-ĐNTT'!B31 -> CÔNG TÁC BÊ TÔNG | D26: ='02.1-ĐNTT'!D31 -> 0 | E26: 0 | F26: ='04-THKL DOT...'!F31 -> 0 | G26: =E26+F26 -> 0 | H26: =ROUND($D26*E26,0) -> 0 | I26: =ROUND($D26*F26,0) -> 0 | J26: =H26+I26 -> 0
A27: ='02.1-ĐNTT'!A32 -> 16 | B27: ='02.1-ĐNTT'!B32 -> Bê tông sản xuất qua dây chuyền trạm trộn tại hiện trường hoặc thương phẩm, đổ bằng bơm bê tông, bê tông dầm mác M400# | C27: ='02.1-ĐNTT'!C32 -> m3 | D27: ='02.1-ĐNTT'!D32 -> 366825 | E27: 18.4544 | F27: ='04-THKL DOT...'!F32 -> 18.172098 | G27: =E27+F27 -> 36.626498 | H27: =ROUND($D27*E27,0) -> 6769535 | I27: =ROUND($D27*F27,0) -> 6665980 | J27: =H27+I27 -> 13435515
A28: ='02.1-ĐNTT'!A33 -> 17 | B28: ='02.1-ĐNTT'!B33 -> Bê tông sản xuất qua dây chuyền trạm trộn tại hiện trường hoặc thương phẩm, đổ bằng bơm bê tông, bê tông giếng gió mác M400# | C28: ='02.1-ĐNTT'!C33 -> m3 | D28: ='02.1-ĐNTT'!D33 -> 366825 | E28: 0 | F28: ='04-THKL DOT...'!F33 -> 13.021151 | G28: =E28+F28 -> 13.021151 | H28: =ROUND($D28*E28,0) -> 0 | I28: =ROUND($D28*F28,0) -> 4776484 | J28: =H28+I28 -> 4776484
A29: ='02.1-ĐNTT'!A34 -> 18 | B29: ='02.1-ĐNTT'!B34 -> Bê tông sản xuất qua dây chuyền trạm trộn tại hiện trường hoặc thương phẩm, đổ bằng bơm bê tông, bê tông vách bể mác M400# | C29: ='02.1-ĐNTT'!C34 -> m3 | D29: ='02.1-ĐNTT'!D34 -> 387025 | E29: 200.37653 | F29: ='04-THKL DOT...'!F34 -> 299.2042 | G29: =E29+F29 -> 499.58074 | H29: =ROUND($D29*E29,0) -> 77550728 | I29: =ROUND($D29*F29,0) -> 115799507 | J29: =H29+I29 -> 193350235
A30: ='02.1-ĐNTT'!A35 -> 19 | B30: ='02.1-ĐNTT'!B35 -> Bê tông sản xuất qua dây chuyền trạm trộn tại hiện trường hoặc thương phẩm, đổ bằng bơm bê tông, bê tông sàn đáy bể mác M400# | C30: ='02.1-ĐNTT'!C35 -> m3 | D30: ='02.1-ĐNTT'!D35 -> 385007 | E30: 560.80935 | F30: ='04-THKL DOT...'!F35 -> 312.15609 | G30: =E30+F30 -> 872.96544 | H30: =ROUND($D30*E30,0) -> 215915524 | I30: =ROUND($D30*F30,0) -> 120182280 | J30: =H30+I30 -> 336097804
A31: ='02.1-ĐNTT'!A36 -> 20 | B31: ='02.1-ĐNTT'!B36 -> Bê tông rãnh thoát nước B200 mác M400# | C31: ='02.1-ĐNTT'!C36 -> m3 | D31: ='02.1-ĐNTT'!D36 -> 366825 | E31: 0 | F31: ='04-THKL DOT...'!F36 -> 0 | G31: =E31+F31 -> 0 | H31: =ROUND($D31*E31,0) -> 0 | I31: =ROUND($D31*F31,0) -> 0 | J31: =H31+I31 -> 0
A32: ='02.1-ĐNTT'!A37 -> III | B32: ='02.1-ĐNTT'!B37 -> CÔNG TÁC VÁN KHUÔN | C32: ='02.1-ĐNTT'!C37 -> 0 | D32: ='02.1-ĐNTT'!D37 -> 0 | E32: 0 | F32: ='04-THKL DOT...'!F37 -> 0 | G32: =E32+F32 -> 0 | H32: =ROUND($D32*E32,0) -> 0 | I32: =ROUND($D32*F32,0) -> 0 | J32: =H32+I32 -> 0
A33: ='02.1-ĐNTT'!A38 -> 21 | B33: ='02.1-ĐNTT'!B38 -> Ván khuôn dầm bể | C33: ='02.1-ĐNTT'!C38 -> m2 | D33: ='02.1-ĐNTT'!D38 -> 240597 | E33: 12.302847 | F33: ='04-THKL DOT...'!F38 -> 145.9326 | G33: =E33+F33 -> 158.23545 | H33: =ROUND($D33*E33,0) -> 2960028 | I33: =ROUND($D33*F33,0) -> 35110946 | J33: =H33+I33 -> 38070974
A34: ='02.1-ĐNTT'!A39 -> 22 | B34: ='02.1-ĐNTT'!B39 -> Ván khuôn giếng gió | C34: ='02.1-ĐNTT'!C39 -> m2 | D34: ='02.1-ĐNTT'!D39 -> 240597 | E34: 0 | F34: ='04-THKL DOT...'!F39 -> 118.3741 | G34: =E34+F34 -> 118.3741 | H34: =ROUND($D34*E34,0) -> 0 | I34: =ROUND($D34*F34,0) -> 28480453 | J34: =H34+I34 -> 28480453
A35: ='02.1-ĐNTT'!A40 -> 23 | B35: ='02.1-ĐNTT'!B40 -> Ván khuôn vách bể | C35: ='02.1-ĐNTT'!C40 -> m2 | D35: ='02.1-ĐNTT'!D40 -> 240597 | E35: 0 | F35: ='04-THKL DOT...'!F40 -> 1401.112 | G35: =E35+F35 -> 1401.112 | H35: =ROUND($D35*E35,0) -> 0 | I35: =ROUND($D35*F35,0) -> 337103339 | J35: =H35+I35 -> 337103339
A36: ='02.1-ĐNTT'!A41 -> 24 | B36: ='02.1-ĐNTT'!B41 -> Ván khuôn cong vách bể | C36: ='02.1-ĐNTT'!C41 -> m2 | D36: ='02.1-ĐNTT'!D41 -> 276777 | E36: 1494.7809 | F36: ='04-THKL DOT...'!F41 -> 1133.9824 | G36: =E36+F36 -> 2628.7633 | H36: =ROUND($D36*E36,0) -> 413720982 | I36: =ROUND($D36*F36,0) -> 313860247 | J36: =H36+I36 -> 727581229
A37: ='02.1-ĐNTT'!A42 -> 25 | B37: ='02.1-ĐNTT'!B42 -> Ván khuôn sàn đáy bể | C37: ='02.1-ĐNTT'!C42 -> m2 | D37: ='02.1-ĐNTT'!D42 -> 240597 | E37: 2723.6891 | F37: ='04-THKL DOT...'!F42 -> 936.2513 | G37: =E37+F37 -> 3659.9404 | H37: =ROUND($D37*E37,0) -> 655311423 | I37: =ROUND($D37*F37,0) -> 225259254 | J37: =H37+I37 -> 880570677
A38: ='02.1-ĐNTT'!A43 -> 26 | B38: ='02.1-ĐNTT'!B43 -> Ván khuôn rãnh thoát nước B200 | C38: ='02.1-ĐNTT'!C43 -> m2 | D38: ='02.1-ĐNTT'!D43 -> 240597 | E38: 0 | F38: ='04-THKL DOT...'!F43 -> 0 | G38: =E38+F38 -> 0 | H38: =ROUND($D38*E38,0) -> 0 | I38: =ROUND($D38*F38,0) -> 0 | J38: =H38+I38 -> 0
A39: ='02.1-ĐNTT'!A44 -> 27 | B39: ='02.1-ĐNTT'!B44 -> Chi phí cộng thêm đối với đầu việc ván khuôn bậc sàn đáy bể tại vị trí ván khuôn thí (ván khuôn chết không luân chuyển được) | C39: ='02.1-ĐNTT'!C44 -> m2 | D39: ='02.1-ĐNTT'!D44 -> 60000 | E39: 0 | F39: ='04-THKL DOT...'!F44 -> 928.0593 | G39: =E39+F39 -> 928.0593 | H39: =ROUND($D39*E39,0) -> 0 | I39: =ROUND($D39*F39,0) -> 55683558 | J39: =H39+I39 -> 55683558
A40: ='02.1-ĐNTT'!A45 -> IV | B40: ='02.1-ĐNTT'!B45 -> CÔNG TÁC CỐT THÉP | D40: ='02.1-ĐNTT'!D45 -> 0 | E40: 0 | F40: ='04-THKL DOT...'!F45 -> 0 | G40: =E40+F40 -> 0 | H40: =ROUND($D40*E40,0) -> 0 | I40: =ROUND($D40*F40,0) -> 0 | J40: =H40+I40 -> 0
A41: ='02.1-ĐNTT'!A46 -> 26 | B41: ='02.1-ĐNTT'!B46 -> Cốt thép dầm bể | C41: ='02.1-ĐNTT'!C46 -> kg | D41: ='02.1-ĐNTT'!D46 -> 6030 | E41: 7418.0994 | F41: ='04-THKL DOT...'!F46 -> 3724.2575 | G41: =E41+F41 -> 11142.357 | H41: =ROUND($D41*E41,0) -> 44731140 | I41: =ROUND($D41*F41,0) -> 22457273 | J41: =H41+I41 -> 67188413
A42: ='02.1-ĐNTT'!A47 -> 28 | B42: ='02.1-ĐNTT'!B47 -> Cốt thép giếng gió | C42: ='02.1-ĐNTT'!C47 -> kg | D42: ='02.1-ĐNTT'!D47 -> 6030 | E42: 0 | F42: ='04-THKL DOT...'!F47 -> 800.76072 | G42: =E42+F42 -> 800.76072 | H42: =ROUND($D42*E42,0) -> 0 | I42: =ROUND($D42*F42,0) -> 4828587 | J42: =H42+I42 -> 4828587
A43: ='02.1-ĐNTT'!A48 -> 29 | B43: ='02.1-ĐNTT'!B48 -> Cốt thép vách bể | C43: ='02.1-ĐNTT'!C48 -> kg | D43: ='02.1-ĐNTT'!D48 -> 6030 | E43: 21402.252 | F43: ='04-THKL DOT...'!F48 -> 22007.775 | G43: =E43+F43 -> 43410.027 | H43: =ROUND($D43*E43,0) -> 129055579 | I43: =ROUND($D43*F43,0) -> 132706882 | J43: =H43+I43 -> 261762461
A44: ='02.1-ĐNTT'!A49 -> 30 | B44: ='02.1-ĐNTT'!B49 -> Cốt thép sàn đáy bể | C44: ='02.1-ĐNTT'!C49 -> kg | D44: ='02.1-ĐNTT'!D49 -> 6030 | E44: 71287.937 | F44: ='04-THKL DOT...'!F49 -> 34821.641 | G44: =E44+F44 -> 106109.58 | H44: =ROUND($D44*E44,0) -> 429866260 | I44: =ROUND($D44*F44,0) -> 209974496 | J44: =H44+I44 -> 639840756
A45: ='02.1-ĐNTT'!A50 -> 31 | B45: ='02.1-ĐNTT'!B50 -> Cốt thép rãnh thoát nước | C45: ='02.1-ĐNTT'!C50 -> kg | D45: ='02.1-ĐNTT'!D50 -> 6030 | E45: 0 | F45: ='04-THKL DOT...'!F50 -> 0 | G45: =E45+F45 -> 0 | H45: =ROUND($D45*E45,0) -> 0 | I45: =ROUND($D45*F45,0) -> 0 | J45: =H45+I45 -> 0
A46: ='02.1-ĐNTT'!A51 -> 32 | B46: ='02.1-ĐNTT'!B51 -> Khoan cấy cốt thép, đường kính thép D12, Keo ramset, hilti hoặc tương đương | C46: ='02.1-ĐNTT'!C51 -> vị trí | D46: ='02.1-ĐNTT'!D51 -> 22500 | E46: 0 | F46: ='04-THKL DOT...'!F51 -> 980 | G46: =E46+F46 -> 980 | H46: =ROUND($D46*E46,0) -> 0 | I46: =ROUND($D46*F46,0) -> 22050000 | J46: =H46+I46 -> 22050000
A47: ='02.1-ĐNTT'!A52 -> 33 | B47: ='02.1-ĐNTT'!B52 -> Thép khoan cấy | C47: ='02.1-ĐNTT'!C52 -> kg | D47: ='02.1-ĐNTT'!D52 -> 6030 | E47: 2184.1713 | F47: ='04-THKL DOT...'!F52 -> 267.77625 | G47: =E47+F47 -> 2451.9476 | H47: =ROUND($D47*E47,0) -> 13170553 | I47: =ROUND($D47*F47,0) -> 1614691 | J47: =H47+I47 -> 14785244
A48: ='02.1-ĐNTT'!A53 -> ** | B48: ='02.1-ĐNTT'!B53 -> HẠNG MỤC: TRÁT, LÁNG, CHỐNG THẤM CẢNH QUAN NGOÀI NHÀ | D48: ='02.1-ĐNTT'!D53 -> 0 | E48: 0 | F48: ='04-THKL DOT...'!F53 -> 0 | G48: =E48+F48 -> 0 | H48: =ROUND($D48*E48,0) -> 0 | I48: =ROUND($D48*F48,0) -> 0 | J48: =H48+I48 -> 0
A49: ='02.1-ĐNTT'!A54 -> A | B49: ='02.1-ĐNTT'!B54 -> HẠNG MỤC BỂ + ĐẢO + BỒN HOA QUANH BỂ | D49: ='02.1-ĐNTT'!D54 -> 0 | E49: 0 | F49: ='04-THKL DOT...'!F54 -> 0 | G49: =E49+F49 -> 0 | H49: =ROUND($D49*E49,0) -> 0 | I49: =ROUND($D49*F49,0) -> 0 | J49: =H49+I49 -> 0
A50: ='02.1-ĐNTT'!A55 -> I | B50: ='02.1-ĐNTT'!B55 -> Bể bơi | D50: ='02.1-ĐNTT'!D55 -> 0 | E50: 0 | F50: ='04-THKL DOT...'!F55 -> 0 | G50: =E50+F50 -> 0 | H50: =ROUND($D50*E50,0) -> 0 | I50: =ROUND($D50*F50,0) -> 0 | J50: =H50+I50 -> 0
A51: ='02.1-ĐNTT'!A56 -> 1 | B51: ='02.1-ĐNTT'!B56 -> Quét lớp chống thấm | C51: ='02.1-ĐNTT'!C56 -> m2 | D51: ='02.1-ĐNTT'!D56 -> 420000 | E51: 0 | F51: ='04-THKL DOT...'!F56 -> 0 | G51: =E51+F51 -> 0 | H51: =ROUND($D51*E51,0) -> 0 | I51: =ROUND($D51*F51,0) -> 0 | J51: =H51+I51 -> 0
A52: ='02.1-ĐNTT'!A57 -> 2 | B52: ='02.1-ĐNTT'!B57 -> Vữa xi măng M75 dày 30-50mm, phần nền | C52: ='02.1-ĐNTT'!C57 -> m2 | D52: ='02.1-ĐNTT'!D57 -> 82715 | E52: 0 | F52: ='04-THKL DOT...'!F57 -> 0 | G52: =E52+F52 -> 0 | H52: =ROUND($D52*E52,0) -> 0 | I52: =ROUND($D52*F52,0) -> 0 | J52: =H52+I52 -> 0
A53: ='02.1-ĐNTT'!A58 -> 3 | B53: ='02.1-ĐNTT'!B58 -> Vữa xi măng M75 dày 15mm, trát thành | C53: ='02.1-ĐNTT'!C58 -> m2 | D53: ='02.1-ĐNTT'!D58 -> 104715 | E53: 0 | F53: ='04-THKL DOT...'!F58 -> 0 | G53: =E53+F53 -> 0 | H53: =ROUND($D53*E53,0) -> 0 | I53: =ROUND($D53*F53,0) -> 0 | J53: =H53+I53 -> 0
B54: ='02.1-ĐNTT'!B59 -> Đá Mosaic gốm màu xanh KT300x300x4mm | C54: ='02.1-ĐNTT'!C59 -> m2 | D54: ='02.1-ĐNTT'!D59 -> Chưa bao gồm, không chào giá | E54: 0 | F54: ='04-THKL DOT...'!F59 -> 0 | G54: =E54+F54 -> 0 | J54: =H54+I54 -> 0
B55: ='02.1-ĐNTT'!B60 -> Đá Moca crema limestone KT theo TK | C55: ='02.1-ĐNTT'!C60 -> m2 | D55: ='02.1-ĐNTT'!D60 -> Chưa bao gồm, không chào giá | E55: 0 | F55: ='04-THKL DOT...'!F60 -> 0 | G55: =E55+F55 -> 0 | J55: =H55+I55 -> 0
A56: ='02.1-ĐNTT'!A61 -> 4 | B56: ='02.1-ĐNTT'!B61 -> Vữa xi măng lót trước khi ốp đá | C56: ='02.1-ĐNTT'!C61 -> m2 | D56: ='02.1-ĐNTT'!D61 -> 104715 | E56: 0 | F56: ='04-THKL DOT...'!F61 -> 0 | G56: =E56+F56 -> 0 | H56: =ROUND($D56*E56,0) -> 0 | I56: =ROUND($D56*F56,0) -> 0 | J56: =H56+I56 -> 0
A57: ='02.1-ĐNTT'!A62 -> 5 | B57: ='02.1-ĐNTT'!B62 -> Xây ghế ngôi trong bể bơi | C57: ='02.1-ĐNTT'!C62 -> m3 | D57: ='02.1-ĐNTT'!D62 -> 0 | E57: 0 | F57: ='04-THKL DOT...'!F62 -> 0 | G57: =E57+F57 -> 0 | H57: =ROUND($D57*E57,0) -> 0 | I57: =ROUND($D57*F57,0) -> 0 | J57: =H57+I57 -> 0
B58: ='02.1-ĐNTT'!B63 -> Mặt ghế ngồi | C58: ='02.1-ĐNTT'!C63 -> Tấm | D58: ='02.1-ĐNTT'!D63 -> 240597 | E58: 0 | F58: ='04-THKL DOT...'!F63 -> 0 | G58: =E58+F58 -> 0 | H58: =ROUND($D58*E58,0) -> 0 | I58: =ROUND($D58*F58,0) -> 0 | J58: =H58+I58 -> 0
B59: ='02.1-ĐNTT'!B64 -> Hoàn thiện mặt ghế ngồi | C59: ='02.1-ĐNTT'!C64 -> m2 | D59: ='02.1-ĐNTT'!D64 -> Chưa bao gồm, không chào giá | E59: 0 | F59: ='04-THKL DOT...'!F64 -> 0 | G59: =E59+F59 -> 0 | J59: =H59+I59 -> 0
A60: ='02.1-ĐNTT'!A65 -> 6 | B60: ='02.1-ĐNTT'!B65 -> Vữa xi măng lót trước khi ốp đá | C60: ='02.1-ĐNTT'!C65 -> m2 | D60: ='02.1-ĐNTT'!D65 -> 104715 | E60: 0 | F60: ='04-THKL DOT...'!F65 -> 0 | G60: =E60+F60 -> 0 | H60: =ROUND($D60*E60,0) -> 0 | I60: =ROUND($D60*F60,0) -> 0 | J60: =H60+I60 -> 0
B61: ='02.1-ĐNTT'!B66 -> Chữ lòng bể bơi theo thiết kế | C61: ='02.1-ĐNTT'!C66 -> Bộ | D61: ='02.1-ĐNTT'!D66 -> Chưa bao gồm, không chào giá | E61: 0 | F61: ='04-THKL DOT...'!F66 -> 0 | G61: =E61+F61 -> 0 | J61: =H61+I61 -> 0
A62: ='02.1-ĐNTT'!A67 -> II | B62: ='02.1-ĐNTT'!B67 -> Rãnh thác tràn | D62: ='02.1-ĐNTT'!D67 -> 0 | E62: 0 | F62: ='04-THKL DOT...'!F67 -> 0 | G62: =E62+F62 -> 0 | H62: =ROUND($D62*E62,0) -> 0 | I62: =ROUND($D62*F62,0) -> 0 | J62: =H62+I62 -> 0
A63: ='02.1-ĐNTT'!A68 -> 7 | B63: ='02.1-ĐNTT'!B68 -> Quét chống thấm | C63: ='02.1-ĐNTT'!C68 -> m2 | D63: ='02.1-ĐNTT'!D68 -> 420000 | E63: 0 | F63: ='04-THKL DOT...'!F68 -> 0 | G63: =E63+F63 -> 0 | H63: =ROUND($D63*E63,0) -> 0 | I63: =ROUND($D63*F63,0) -> 0 | J63: =H63+I63 -> 0
A64: ='02.1-ĐNTT'!A69 -> 8 | B64: ='02.1-ĐNTT'!B69 -> Vữa xi măng dày 15mm, đáy rãnh | C64: ='02.1-ĐNTT'!C69 -> m2 | D64: ='02.1-ĐNTT'!D69 -> 82715 | E64: 0 | F64: ='04-THKL DOT...'!F69 -> 0 | G64: =E64+F64 -> 0 | H64: =ROUND($D64*E64,0) -> 0 | I64: =ROUND($D64*F64,0) -> 0 | J64: =H64+I64 -> 0
A65: ='02.1-ĐNTT'!A70 -> 9 | B65: ='02.1-ĐNTT'!B70 -> Vữa xi măng dày 15mm, thành rãnh | C65: ='02.1-ĐNTT'!C70 -> m2 | D65: ='02.1-ĐNTT'!D70 -> 104715 | E65: 0 | F65: ='04-THKL DOT...'!F70 -> 0 | G65: =E65+F65 -> 0 | H65: =ROUND($D65*E65,0) -> 0 | I65: =ROUND($D65*F65,0) -> 0 | J65: =H65+I65 -> 0
B66: ='02.1-ĐNTT'!B71 -> Lát gạch Ceramic men trắng bề mặt bóng dày 10mm | C66: ='02.1-ĐNTT'!C71 -> m2 | D66: ='02.1-ĐNTT'!D71 -> Chưa bao gồm, không chào giá | E66: 0 | F66: ='04-THKL DOT...'!F71 -> 0 | G66: =E66+F66 -> 0 | J66: =H66+I66 -> 0
B67: ='02.1-ĐNTT'!B72 -> Sỏi tự nhiên 20-30mm dày 30mm | C67: ='02.1-ĐNTT'!C72 -> m3 | D67: ='02.1-ĐNTT'!D72 -> Chưa bao gồm, không chào giá | E67: 0 | F67: ='04-THKL DOT...'!F72 -> 0 | G67: =E67+F67 -> 0 | J67: =H67+I67 -> 0
B68: ='02.1-ĐNTT'!B73 -> Thanh nhựa đậy rãnh 180x25mm, nhựa nguyên sinh | C68: ='02.1-ĐNTT'!C73 -> md | D68: ='02.1-ĐNTT'!D73 -> Chưa bao gồm, không chào giá | E68: 0 | F68: ='04-THKL DOT...'!F73 -> 0 | G68: =E68+F68 -> 0 | J68: =H68+I68 -> 0
B69: ='02.1-ĐNTT'!B74 -> Nẹp V inox KT50x40mm | C69: ='02.1-ĐNTT'!C74 -> md | D69: ='02.1-ĐNTT'!D74 -> Chưa bao gồm, không chào giá | E69: 0 | F69: ='04-THKL DOT...'!F74 -> 0 | G69: =E69+F69 -> 0 | J69: =H69+I69 -> 0
A70: ='02.1-ĐNTT'!A75 -> 10 | B70: ='02.1-ĐNTT'!B75 -> Nẹp V miệng rãnh thoát tràn | C70: ='02.1-ĐNTT'!C75 -> md | D70: ='02.1-ĐNTT'!D75 -> 129525 | E70: 0 | F70: ='04-THKL DOT...'!F75 -> 0 | G70: =E70+F70 -> 0 | H70: =ROUND($D70*E70,0) -> 0 | I70: =ROUND($D70*F70,0) -> 0 | J70: =H70+I70 -> 0
A71: ='02.1-ĐNTT'!A76 -> III | B71: ='02.1-ĐNTT'!B76 -> Poolbar | D71: ='02.1-ĐNTT'!D76 -> 0 | E71: 0 | F71: ='04-THKL DOT...'!F76 -> 0 | G71: =E71+F71 -> 0 | H71: =ROUND($D71*E71,0) -> 0 | I71: =ROUND($D71*F71,0) -> 0 | J71: =H71+I71 -> 0
A72: ='02.1-ĐNTT'!A77 -> 11 | B72: ='02.1-ĐNTT'!B77 -> Xây tường poolbar, <=110mm | C72: ='02.1-ĐNTT'!C77 -> m3 | D72: ='02.1-ĐNTT'!D77 -> 0 | E72: 0 | F72: ='04-THKL DOT...'!F77 -> 0 | G72: =E72+F72 -> 0 | H72: =ROUND($D72*E72,0) -> 0 | I72: =ROUND($D72*F72,0) -> 0 | J72: =H72+I72 -> 0
A73: ='02.1-ĐNTT'!A78 -> 12 | B73: ='02.1-ĐNTT'!B78 -> Quét chống thấm | C73: ='02.1-ĐNTT'!C78 -> m2 | D73: ='02.1-ĐNTT'!D78 -> 250000 | E73: 0 | F73: ='04-THKL DOT...'!F78 -> 0 | G73: =E73+F73 -> 0 | H73: =ROUND($D73*E73,0) -> 0 | I73: =ROUND($D73*F73,0) -> 0 | J73: =H73+I73 -> 0
A74: ='02.1-ĐNTT'!A79 -> 13 | B74: ='02.1-ĐNTT'!B79 -> Vữa xi măng mác 75 tạo dốc 1% độ dày theo thực tế | C74: ='02.1-ĐNTT'!C79 -> m2 | D74: ='02.1-ĐNTT'!D79 -> 82715 | E74: 0 | F74: ='04-THKL DOT...'!F79 -> 0 | G74: =E74+F74 -> 0 | H74: =ROUND($D74*E74,0) -> 0 | I74: =ROUND($D74*F74,0) -> 0 | J74: =H74+I74 -> 0
A75: ='02.1-ĐNTT'!A80 -> 14 | B75: ='02.1-ĐNTT'!B80 -> Vữa xi măng mác 75 trát thành | C75: ='02.1-ĐNTT'!C80 -> m2 | D75: ='02.1-ĐNTT'!D80 -> 104715 | E75: 0 | F75: ='04-THKL DOT...'!F80 -> 0 | G75: =E75+F75 -> 0 | H75: =ROUND($D75*E75,0) -> 0 | I75: =ROUND($D75*F75,0) -> 0 | J75: =H75+I75 -> 0
B76: ='02.1-ĐNTT'!B81 -> Đá Cubic Granite Bình Định vàng nhạt băm mặt KT100x100x30mm | C76: ='02.1-ĐNTT'!C81 -> m2 | D76: ='02.1-ĐNTT'!D81 -> Chưa bao gồm, không chào giá | E76: 0 | F76: ='04-THKL DOT...'!F81 -> 0 | G76: =E76+F76 -> 0 | J76: =H76+I76 -> 0
B77: ='02.1-ĐNTT'!B82 -> Đá Thanh Hóa xanh đen băm mặt KT200x200x30mm | C77: ='02.1-ĐNTT'!C82 -> m2 | D77: ='02.1-ĐNTT'!D82 -> Chưa bao gồm, không chào giá | E77: 0 | F77: ='04-THKL DOT...'!F82 -> 0 | G77: =E77+F77 -> 0 | J77: =H77+I77 -> 0
B78: ='02.1-ĐNTT'!B83 -> Đá Thanh Hóa xanh đen băm mặt KT300x300x30mm | C78: ='02.1-ĐNTT'!C83 -> m2 | D78: ='02.1-ĐNTT'!D83 -> Chưa bao gồm, không chào giá | E78: 0 | F78: ='04-THKL DOT...'!F83 -> 0 | G78: =E78+F78 -> 0 | J78: =H78+I78 -> 0
A79: ='02.1-ĐNTT'!A84 -> 15 | B79: ='02.1-ĐNTT'!B84 -> Vữa xi măng trước khi ốp đá | C79: ='02.1-ĐNTT'!C84 -> m2 | D79: ='02.1-ĐNTT'!D84 -> 104715 | E79: 0 | F79: ='04-THKL DOT...'!F84 -> 0 | G79: =E79+F79 -> 0 | H79: =ROUND($D79*E79,0) -> 0 | I79: =ROUND($D79*F79,0) -> 0 | J79: =H79+I79 -> 0
B80: ='02.1-ĐNTT'!B85 -> Hệ khung thép hộp mạ kẽm nhúng nóng KT20x20x1,2mm | C80: ='02.1-ĐNTT'!C85 -> kg | D80: ='02.1-ĐNTT'!D85 -> Chưa bao gồm, không chào giá | E80: 0 | F80: ='04-THKL DOT...'!F85 -> 0 | G80: =E80+F80 -> 0 | J80: =H80+I80 -> 0
B81: ='02.1-ĐNTT'!B86 -> Đá Moca crema limestone KT theo KT | C81: ='02.1-ĐNTT'!C86 -> m2 | D81: ='02.1-ĐNTT'!D86 -> Chưa bao gồm, không chào giá | E81: 0 | F81: ='04-THKL DOT...'!F86 -> 0 | G81: =E81+F81 -> 0 | J81: =H81+I81 -> 0
A82: ='02.1-ĐNTT'!A87 -> IV | B82: ='02.1-ĐNTT'!B87 -> Biển hồ | D82: ='02.1-ĐNTT'!D87 -> 0 | E82: 0 | F82: ='04-THKL DOT...'!F87 -> 0 | G82: =E82+F82 -> 0 | H82: =ROUND($D82*E82,0) -> 0 | I82: =ROUND($D82*F82,0) -> 0 | J82: =H82+I82 -> 0
A83: ='02.1-ĐNTT'!A88 -> 16 | B83: ='02.1-ĐNTT'!B88 -> Bê tông bọt | C83: ='02.1-ĐNTT'!C88 -> m3 | D83: ='02.1-ĐNTT'!D88 -> 900000 | E83: 0 | F83: ='04-THKL DOT...'!F88 -> 0 | G83: =E83+F83 -> 0 | H83: =ROUND($D83*E83,0) -> 0 | I83: =ROUND($D83*F83,0) -> 0 | J83: =H83+I83 -> 0
B84: ='02.1-ĐNTT'!B89 -> Lưới sợi thủy tinh | C84: ='02.1-ĐNTT'!C89 -> m2 | D84: ='02.1-ĐNTT'!D89 -> Chưa bao gồm, không chào giá | E84: 0 | F84: ='04-THKL DOT...'!F89 -> 0 | G84: =E84+F84 -> 0 | J84: =H84+I84 -> 0
A85: ='02.1-ĐNTT'!A90 -> 17 | B85: ='02.1-ĐNTT'!B90 -> Quét chống thấm | C85: ='02.1-ĐNTT'!C90 -> m2 | D85: ='02.1-ĐNTT'!D90 -> 420000 | E85: 0 | F85: ='04-THKL DOT...'!F90 -> 0 | G85: =E85+F85 -> 0 | H85: =ROUND($D85*E85,0) -> 0 | I85: =ROUND($D85*F85,0) -> 0 | J85: =H85+I85 -> 0
B86: ='02.1-ĐNTT'!B91 -> Cát nén phủ bề mặt tạo hình độ dày mỏng tùy vị trí | C86: ='02.1-ĐNTT'!C91 -> m2 | D86: ='02.1-ĐNTT'!D91 -> Chưa bao gồm, không chào giá | E86: 0 | F86: ='04-THKL DOT...'!F91 -> 0 | G86: =E86+F86 -> 0 | J86: =H86+I86 -> 0
A87: ='02.1-ĐNTT'!A92 -> V | B87: ='02.1-ĐNTT'!B92 -> Bồn hoa + đảo quanh biển hồ | D87: ='02.1-ĐNTT'!D92 -> 0 | E87: 0 | F87: ='04-THKL DOT...'!F92 -> 0 | G87: =E87+F87 -> 0 | H87: =ROUND($D87*E87,0) -> 0 | I87: =ROUND($D87*F87,0) -> 0 | J87: =H87+I87 -> 0
A88: ='02.1-ĐNTT'!A93 -> 18 | B88: ='02.1-ĐNTT'!B93 -> Quét chống thấm | C88: ='02.1-ĐNTT'!C93 -> m2 | D88: ='02.1-ĐNTT'!D93 -> 250000 | E88: 0 | F88: ='04-THKL DOT...'!F93 -> 0 | G88: =E88+F88 -> 0 | H88: =ROUND($D88*E88,0) -> 0 | I88: =ROUND($D88*F88,0) -> 0 | J88: =H88+I88 -> 0
A89: ='02.1-ĐNTT'!A94 -> 19 | B89: ='02.1-ĐNTT'!B94 -> Lớp vữa xi măng M75 đánh dốc 0,5% về phía phễu thu độ dày theo thực tế | C89: ='02.1-ĐNTT'!C94 -> m2 | D89: ='02.1-ĐNTT'!D94 -> 82715 | E89: 0 | F89: ='04-THKL DOT...'!F94 -> 0 | G89: =E89+F89 -> 0 | H89: =ROUND($D89*E89,0) -> 0 | I89: =ROUND($D89*F89,0) -> 0 | J89: =H89+I89 -> 0
A90: ='02.1-ĐNTT'!A95 -> 20 | B90: ='02.1-ĐNTT'!B95 -> Lớp vữa xi măng M75 trát thành bồn hoa | C90: ='02.1-ĐNTT'!C95 -> m2 | D90: ='02.1-ĐNTT'!D95 -> 104715 | E90: 0 | F90: ='04-THKL DOT...'!F95 -> 0 | G90: =E90+F90 -> 0 | H90: =ROUND($D90*E90,0) -> 0 | I90: =ROUND($D90*F90,0) -> 0 | J90: =H90+I90 -> 0
B91: ='02.1-ĐNTT'!B96 -> Lớp vỉ nhựa Plastic Cell chất liệu nhựa PP màu đen KT500x500x30mm | C91: ='02.1-ĐNTT'!C96 -> m2 | D91: ='02.1-ĐNTT'!D96 -> Chưa bao gồm, không chào giá | E91: 0 | F91: ='04-THKL DOT...'!F96 -> 0 | G91: =E91+F91 -> 0 | J91: =H91+I91 -> 0
B92: ='02.1-ĐNTT'!B97 -> Lớp vải địa ART15 hoặc tương đương | C92: ='02.1-ĐNTT'!C97 -> m2 | D92: ='02.1-ĐNTT'!D97 -> Chưa bao gồm, không chào giá | E92: 0 | F92: ='04-THKL DOT...'!F97 -> 0 | G92: =E92+F92 -> 0 | J92: =H92+I92 -> 0
B93: ='02.1-ĐNTT'!B98 -> Lớp sỏi 10x20mm trộn cát vàng tỷ lệ 1:1 | C93: ='02.1-ĐNTT'!C98 -> m3 | D93: ='02.1-ĐNTT'!D98 -> Chưa bao gồm, không chào giá | E93: 0 | F93: ='04-THKL DOT...'!F98 -> 0 | G93: =E93+F93 -> 0 | J93: =H93+I93 -> 0
B94: ='02.1-ĐNTT'!B99 -> Đất màu trồng cây | C94: ='02.1-ĐNTT'!C99 -> m3 | D94: ='02.1-ĐNTT'!D99 -> Chưa bao gồm, không chào giá | E94: 0 | F94: ='04-THKL DOT...'!F99 -> 0 | G94: =E94+F94 -> 0 | J94: =H94+I94 -> 0
B95: ='02.1-ĐNTT'!B100 -> Khối đá trang trí lớn | C95: ='02.1-ĐNTT'!C100 -> Viên | D95: ='02.1-ĐNTT'!D100 -> Chưa bao gồm, không chào giá | E95: 0 | F95: ='04-THKL DOT...'!F100 -> 0 | G95: =E95+F95 -> 0 | J95: =H95+I95 -> 0
B96: ='02.1-ĐNTT'!B101 -> Khối đá trang trí cỡ vừa | C96: ='02.1-ĐNTT'!C101 -> Viên | D96: ='02.1-ĐNTT'!D101 -> Chưa bao gồm, không chào giá | E96: 0 | F96: ='04-THKL DOT...'!F101 -> 0 | G96: =E96+F96 -> 0 | J96: =H96+I96 -> 0
B97: ='02.1-ĐNTT'!B102 -> Khối đá trang trí cỡ nhỏ | C97: ='02.1-ĐNTT'!C102 -> Viên | D97: ='02.1-ĐNTT'!D102 -> Chưa bao gồm, không chào giá | E97: 0 | F97: ='04-THKL DOT...'!F102 -> 0 | G97: =E97+F97 -> 0 | J97: =H97+I97 -> 0
A98: ='02.1-ĐNTT'!A103 -> B | B98: ='02.1-ĐNTT'!B103 -> HẠNG MỤC NỀN CẢNH QUAN + BỒN HOA + GIẾNG GIÓ | D98: ='02.1-ĐNTT'!D103 -> 0 | E98: 0 | F98: ='04-THKL DOT...'!F103 -> 0 | G98: =E98+F98 -> 0 | H98: =ROUND($D98*E98,0) -> 0 | I98: =ROUND($D98*F98,0) -> 0 | J98: =H98+I98 -> 0
A99: ='02.1-ĐNTT'!A104 -> I | B99: ='02.1-ĐNTT'!B104 -> Phần nền | D99: ='02.1-ĐNTT'!D104 -> 0 | E99: 0 | F99: ='04-THKL DOT...'!F104 -> 0 | G99: =E99+F99 -> 0 | H99: =ROUND($D99*E99,0) -> 0 | I99: =ROUND($D99*F99,0) -> 0 | J99: =H99+I99 -> 0
A100: ='02.1-ĐNTT'!A105 -> 1 | B100: ='02.1-ĐNTT'!B105 -> Vị trí hoàn thiện Cát biển tự nhiên (F1) | C100: ='02.1-ĐNTT'!C105 -> m2 | D100: ='02.1-ĐNTT'!D105 -> Chưa bao gồm, hoàn thiện sau | E100: 0 | F100: ='04-THKL DOT...'!F105 -> 0 | G100: =E100+F100 -> 0 | J100: =H100+I100 -> 0
A101: ='02.1-ĐNTT'!A106 -> 1.1 | B101: ='02.1-ĐNTT'!B106 -> Lớp vải địa ART 15 hoặc tương đương | C101: ='02.1-ĐNTT'!C106 -> m2 | D101: ='02.1-ĐNTT'!D106 -> Chưa bao gồm, hoàn thiện sau | E101: 0 | F101: ='04-THKL DOT...'!F106 -> 0 | G101: =E101+F101 -> 0 | J101: =H101+I101 -> 0
A102: ='02.1-ĐNTT'!A107 -> 1.2 | B102: ='02.1-ĐNTT'!B107 -> Lớp vỉ nhựa Plastic Cell chất liệu nhựa PP màu đen, KT 500x500x30 | C102: ='02.1-ĐNTT'!C107 -> m2 | D102: ='02.1-ĐNTT'!D107 -> Chưa bao gồm, hoàn thiện sau | E102: 0 | F102: ='04-THKL DOT...'!F107 -> 0 | G102: =E102+F102 -> 0 | J102: =H102+I102 -> 0
A103: ='02.1-ĐNTT'!A108 -> 1.3 | B103: ='02.1-ĐNTT'!B108 -> Lớp vữa M75 dày min 15mm, dốc về phía phễu thu | C103: ='02.1-ĐNTT'!C108 -> m2 | D103: ='02.1-ĐNTT'!D108 -> 82715 | E103: 0 | F103: ='04-THKL DOT...'!F108 -> 0 | G103: =E103+F103 -> 0 | H103: =ROUND($D103*E103,0) -> 0 | I103: =ROUND($D103*F103,0) -> 0 | J103: =H103+I103 -> 0
A104: ='02.1-ĐNTT'!A109 -> 1.4 | B104: ='02.1-ĐNTT'!B109 -> Quét lớp chống thấm | C104: ='02.1-ĐNTT'!C109 -> m2 | D104: ='02.1-ĐNTT'!D109 -> 250000 | E104: 0 | F104: ='04-THKL DOT...'!F109 -> 0 | G104: =E104+F104 -> 0 | H104: =ROUND($D104*E104,0) -> 0 | I104: =ROUND($D104*F104,0) -> 0 | J104: =H104+I104 -> 0
A105: ='02.1-ĐNTT'!A110 -> 2 | B105: ='02.1-ĐNTT'!B110 -> Lát gỗ nhựa ngoài trời (F2) | C105: ='02.1-ĐNTT'!C110 -> m2 | D105: ='02.1-ĐNTT'!D110 -> Chưa bao gồm, hoàn thiện sau | E105: 0 | F105: ='04-THKL DOT...'!F110 -> 0 | G105: =E105+F105 -> 0 | J105: =H105+I105 -> 0
...

Sheet 04-THKL DOT...
A2: BẢNG TỔNG HỢP KHỐI LƯỢNG HOÀN THÀNH THẦU PHỤ ĐÃ THỰC HIỆN LUỸ KẾ
B4: Dự án : | C4: Sunshine Crystal River | F4: Số trang:
B5: Gói thầu: | C5: Thi công kết cấu, chống thấm cảnh quan ngoài nhà khu vực cao tầng | F5: Tổng trang:
B6: Nhà/ Block :
B7: Khu vực :
B8: Tên nhà thầu phụ : | C8: Công ty Cổ phần Đầu tư Xây dựng Hoàng Long Group
A9: Stt | B9: Nội dung công việc/ Khu vực/vị trí thực hiện | C9: Đơn vị | D9: Tổng khối lượng thực hiện | E9: Tỷ lệ lên hồ sơ thanh toán | F9: Khối lượng nghiệm thu | G9: Ghi chú
A11: (1) | B11: (2) | C11: (3) | D11: (4) | E11: (5) | F11: (6)=(4)*(5) | G11: (7)
B12: ='02.1-ĐNTT'!B12 -> HĐ số 21/2025/CT01/SM-HL
A13: ='02.1-ĐNTT'!A13 -> * | B13: ='02.1-ĐNTT'!B13 -> HẠNG MỤC: THI CÔNG KẾT CẤU CẢNH QUAN NGOÀI NHÀ KHU VỰC CAO TẦNG
A14: ='02.1-ĐNTT'!A14 -> I | B14: ='02.1-ĐNTT'!B14 -> CÔNG TÁC XÂY
A15: ='02.1-ĐNTT'!A15 -> 1 | B15: ='02.1-ĐNTT'!B15 -> Xây tường gạch đặc, chiều dày >330mm, VXM mác 75 | C15: ='02.1-ĐNTT'!C15 -> m3 | D15: ='CTKL DOT...'!K12 -> 0 | E15: 0 | F15: =D15*E15 -> 0
A16: ='02.1-ĐNTT'!A16 -> 2 | B16: ='02.1-ĐNTT'!B16 -> Xây tường gạch đặc, chiều dày <=330mm, VXM mác 75 | C16: ='02.1-ĐNTT'!C16 -> m3 | D16: ='CTKL DOT...'!K13 -> 0 | E16: 0 | F16: =D16*E16 -> 0
A17: ='02.1-ĐNTT'!A17 -> 3 | B17: ='02.1-ĐNTT'!B17 -> Xây tường gạch đặc, chiều dày <=110mm, VXM mác 75 | C17: ='02.1-ĐNTT'!C17 -> m3 | D17: ='CTKL DOT...'!K14 -> 0 | E17: 0 | F17: =D17*E17 -> 0
A18: ='02.1-ĐNTT'!A18 -> 4 | B18: ='02.1-ĐNTT'!B18 -> Xây cột, trụ, gạch đặc, VXM mác 75 | C18: ='02.1-ĐNTT'!C18 -> m3 | D18: ='CTKL DOT...'!K15 -> 0 | E18: 0 | F18: =D18*E18 -> 0
A19: ='02.1-ĐNTT'!A19 -> 5 | B19: ='02.1-ĐNTT'!B19 -> Ván khuôn giằng tường | C19: ='02.1-ĐNTT'!C19 -> m2 | D19: ='CTKL DOT...'!K16 -> 0 | E19: 0 | F19: =D19*E19 -> 0
A20: ='02.1-ĐNTT'!A20 -> 6 | B20: ='02.1-ĐNTT'!B20 -> Cốt thép giằng tường | C20: ='02.1-ĐNTT'!C20 -> kg | D20: ='CTKL DOT...'!K17 -> 0 | E20: 0 | F20: =D20*E20 -> 0
A21: ='02.1-ĐNTT'!A21 -> 7 | B21: ='02.1-ĐNTT'!B21 -> Bê tông giằng tường mác 200# | C21: ='02.1-ĐNTT'!C21 -> m3 | D21: ='CTKL DOT...'!K18 -> 0 | E21: 0 | F21: =D21*E21 -> 0
A22: ='02.1-ĐNTT'!A22 -> 8 | B22: ='02.1-ĐNTT'!B22 -> Khoan cấy cốt thép, đường kính thép D14 | C22: ='02.1-ĐNTT'!C22 -> vị trí | D22: ='CTKL DOT...'!K19 -> 0 | E22: 0 | F22: =D22*E22 -> 0
A23: ='02.1-ĐNTT'!A23 -> 9 | B23: ='02.1-ĐNTT'!B23 -> Ván khuôn trụ tường | C23: ='02.1-ĐNTT'!C23 -> m2 | D23: ='CTKL DOT...'!K20 -> 0 | E23: 0 | F23: =D23*E23 -> 0
A24: ='02.1-ĐNTT'!A24 -> 10 | B24: ='02.1-ĐNTT'!B24 -> Cốt thép trụ tường | C24: ='02.1-ĐNTT'!C24 -> kg | D24: ='CTKL DOT...'!K21 -> 0 | E24: 0 | F24: =D24*E24 -> 0
A25: ='02.1-ĐNTT'!A25 -> 11 | B25: ='02.1-ĐNTT'!B25 -> Bê tông trụ tường mác 200# | C25: ='02.1-ĐNTT'!C25 -> m3 | D25: ='CTKL DOT...'!K22 -> 0 | E25: 0 | F25: =D25*E25 -> 0
A26: ='02.1-ĐNTT'!A26 -> 12 | B26: ='02.1-ĐNTT'!B26 -> Ván khuôn tấm đan, bậc cấp | C26: ='02.1-ĐNTT'!C26 -> m2 | D26: ='CTKL DOT...'!K23 -> 0 | E26: 0 | F26: =D26*E26 -> 0
... A30: ='02.1-ĐNTT'!A30 -> 16 | B30: ='02.1-ĐNTT'!B30 -> Chi phí cộng thêm đối với đầu việc ván khuôn bậc tam cấp - tại vị trí ván khuôn thí (ván khuôn chết không luân chuyển được) | C30: ='02.1-ĐNTT'!C30 -> m2 | D30: ='CTKL DOT...'!K27 -> 0 | E30: 0 | F30: =D30*E30 -> 0
A31: ='02.1-ĐNTT'!A31 -> II | B31: ='02.1-ĐNTT'!B31 -> CÔNG TÁC BÊ TÔNG | E31: 0 | F31: =D31*E31 -> 0
A32: ='02.1-ĐNTT'!A32 -> 16 | B32: ='02.1-ĐNTT'!B32 -> Bê tông sản xuất qua dây chuyền trạm trộn tại hiện trường hoặc thương phẩm, đổ bằng bơm bê tông, bê tông dầm mác M400# | C32: ='02.1-ĐNTT'!C32 -> m3 | D32: ='CTKL DOT...'!K29 -> 18.172098 | E32: 1 | F32: =D32*E32 -> 18.172098
A33: ='02.1-ĐNTT'!A33 -> 17 | B33: ='02.1-ĐNTT'!B33 -> Bê tông sản xuất qua dây chuyền trạm trộn tại hiện trường hoặc thương phẩm, đổ bằng bơm bê tông, bê tông giếng gió mác M400# | C33: ='02.1-ĐNTT'!C33 -> m3 | D33: ='CTKL DOT...'!K65 -> 13.021151 | E33: 1 | F33: =D33*E33 -> 13.021151
A34: ='02.1-ĐNTT'!A34 -> 18 | B34: ='02.1-ĐNTT'!B34 -> Bê tông sản xuất qua dây chuyền trạm trộn tại hiện trường hoặc thương phẩm, đổ bằng bơm bê tông, bê tông vách bể mác M400# | C34: ='02.1-ĐNTT'!C34 -> m3 | D34: ='CTKL DOT...'!K69 -> 299.2042 | E34: 1 | F34: =D34*E34 -> 299.2042
A35: ='02.1-ĐNTT'!A35 -> 19 | B35: ='02.1-ĐNTT'!B35 -> Bê tông sản xuất qua dây chuyền trạm trộn tại hiện trường hoặc thương phẩm, đổ bằng bơm bê tông, bê tông sàn đáy bể mác M400# | C35: ='02.1-ĐNTT'!C35 -> m3 | D35: ='CTKL DOT...'!K131 -> 312.15609 | E35: 1 | F35: =D35*E35 -> 312.15609
A36: ='02.1-ĐNTT'!A36 -> 20 | B36: ='02.1-ĐNTT'!B36 -> Bê tông rãnh thoát nước B200 mác M400# | C36: ='02.1-ĐNTT'!C36 -> m3 | D36: ='CTKL DOT...'!K181 -> 0 | E36: 0 | F36: =D36*E36 -> 0
A37: ='02.1-ĐNTT'!A37 -> III | B37: ='02.1-ĐNTT'!B37 -> CÔNG TÁC VÁN KHUÔN | E37: 0 | F37: =D37*E37 -> 0
A38: ='02.1-ĐNTT'!A38 -> 21 | B38: ='02.1-ĐNTT'!B38 -> Ván khuôn dầm bể | C38: ='02.1-ĐNTT'!C38 -> m2 | D38: ='CTKL DOT...'!K183 -> 145.9326 | E38: 1 | F38: =D38*E38 -> 145.9326
A39: ='02.1-ĐNTT'!A39 -> 22 | B39: ='02.1-ĐNTT'!B39 -> Ván khuôn giếng gió | C39: ='02.1-ĐNTT'!C39 -> m2 | D39: ='CTKL DOT...'!K219 -> 118.3741 | E39: 1 | F39: =D39*E39 -> 118.3741
A40: ='02.1-ĐNTT'!A40 -> 23 | B40: ='02.1-ĐNTT'!B40 -> Ván khuôn vách bể | C40: ='02.1-ĐNTT'!C40 -> m2 | D40: ='CTKL DOT...'!K223 -> 1401.112 | E40: 1 | F40: =D40*E40 -> 1401.112
A41: ='02.1-ĐNTT'!A41 -> 24 | B41: ='02.1-ĐNTT'!B41 -> Ván khuôn cong vách bể | C41: ='02.1-ĐNTT'!C41 -> m2 | D41: ='CTKL DOT...'!K271 -> 1133.9824 | E41: 1 | F41: =D41*E41 -> 1133.9824
A42: ='02.1-ĐNTT'!A42 -> 25 | B42: ='02.1-ĐNTT'!B42 -> Ván khuôn sàn đáy bể | C42: ='02.1-ĐNTT'!C42 -> m2 | D42: ='CTKL DOT...'!K288 -> 936.2513 | E42: 1 | F42: =D42*E42 -> 936.2513
A43: ='02.1-ĐNTT'!A43 -> 26 | B43: ='02.1-ĐNTT'!B43 -> Ván khuôn rãnh thoát nước B200 | C43: ='02.1-ĐNTT'!C43 -> m2 | D43: ='CTKL DOT...'!K359 -> 0 | E43: 0 | F43: =D43*E43 -> 0
A44: ='02.1-ĐNTT'!A44 -> 27 | B44: ='02.1-ĐNTT'!B44 -> Chi phí cộng thêm đối với đầu việc ván khuôn bậc sàn đáy bể tại vị trí ván khuôn thí (ván khuôn chết không luân chuyển được) | C44: ='02.1-ĐNTT'!C44 -> m2 | D44: ='CTKL DOT...'!K360 -> 928.0593 | E44: 1 | F44: =D44*E44 -> 928.0593
A45: ='02.1-ĐNTT'!A45 -> IV | B45: ='02.1-ĐNTT'!B45 -> CÔNG TÁC CỐT THÉP | D45: ='CTKL DOT...'!K364 -> 0 | E45: 0 | F45: =D45*E45 -> 0
A46: ='02.1-ĐNTT'!A46 -> 26 | B46: ='02.1-ĐNTT'!B46 -> Cốt thép dầm bể | C46: ='02.1-ĐNTT'!C46 -> kg | D46: ='CTKL DOT...'!K365 -> 3724.2575 | E46: 1 | F46: =D46*E46 -> 3724.2575
A47: ='02.1-ĐNTT'!A47 -> 28 | B47: ='02.1-ĐNTT'!B47 -> Cốt thép giếng gió | C47: ='02.1-ĐNTT'!C47 -> kg | D47: ='CTKL DOT...'!K368 -> 800.76072 | E47: 1 | F47: =D47*E47 -> 800.76072
A48: ='02.1-ĐNTT'!A48 -> 29 | B48: ='02.1-ĐNTT'!B48 -> Cốt thép vách bể | C48: ='02.1-ĐNTT'!C48 -> kg | D48: ='CTKL DOT...'!K369 -> 22007.775 | E48: 1 | F48: =D48*E48 -> 22007.775
A49: ='02.1-ĐNTT'!A49 -> 30 | B49: ='02.1-ĐNTT'!B49 -> Cốt thép sàn đáy bể | C49: ='02.1-ĐNTT'!C49 -> kg | D49: ='CTKL DOT...'!K372 -> 34821.641 | E49: 1 | F49: =D49*E49 -> 34821.641
A50: ='02.1-ĐNTT'!A50 -> 31 | B50: ='02.1-ĐNTT'!B50 -> Cốt thép rãnh thoát nước | C50: ='02.1-ĐNTT'!C50 -> kg | D50: ='CTKL DOT...'!K375 -> 0 | E50: 0 | F50: =D50*E50 -> 0
A51: ='02.1-ĐNTT'!A51 -> 32 | B51: ='02.1-ĐNTT'!B51 -> Khoan cấy cốt thép, đường kính thép D12, Keo ramset, hilti hoặc tương đương | C51: ='02.1-ĐNTT'!C51 -> vị trí | D51: ='CTKL DOT...'!K376 -> 980 | E51: 1 | F51: =D51*E51 -> 980
A52: ='02.1-ĐNTT'!A52 -> 33 | B52: ='02.1-ĐNTT'!B52 -> Thép khoan cấy | C52: ='02.1-ĐNTT'!C52 -> kg | D52: ='CTKL DOT...'!K379 -> 267.77625 | E52: 1 | F52: =D52*E52 -> 267.77625
A53: ='02.1-ĐNTT'!A53 -> ** | B53: ='02.1-ĐNTT'!B53 -> HẠNG MỤC: TRÁT, LÁNG, CHỐNG THẤM CẢNH QUAN NGOÀI NHÀ | D53: ='CTKL DOT...'!K383 -> 0 | E53: 0 | F53: =D53*E53 -> 0
A54: ='02.1-ĐNTT'!A54 -> A | B54: ='02.1-ĐNTT'!B54 -> HẠNG MỤC BỂ + ĐẢO + BỒN HOA QUANH BỂ | D54: ='CTKL DOT...'!K384 -> 0 | E54: 0 | F54: =D54*E54 -> 0
A55: ='02.1-ĐNTT'!A55 -> I | B55: ='02.1-ĐNTT'!B55 -> Bể bơi | D55: ='CTKL DOT...'!K385 -> 0 | E55: 0 | F55: =D55*E55 -> 0
A56: ='02.1-ĐNTT'!A56 -> 1 | B56: ='02.1-ĐNTT'!B56 -> Quét lớp chống thấm | C56: ='02.1-ĐNTT'!C56 -> m2 | D56: ='CTKL DOT...'!K386 -> 0 | E56: 0 | F56: =D56*E56 -> 0
A57: ='02.1-ĐNTT'!A57 -> 2 | B57: ='02.1-ĐNTT'!B57 -> Vữa xi măng M75 dày 30-50mm, phần nền | C57: ='02.1-ĐNTT'!C57 -> m2 | D57: ='CTKL DOT...'!K387 -> 0 | E57: 0 | F57: =D57*E57 -> 0
A58: ='02.1-ĐNTT'!A58 -> 3 | B58: ='02.1-ĐNTT'!B58 -> Vữa xi măng M75 dày 15mm, trát thành | C58: ='02.1-ĐNTT'!C58 -> m2 | D58: ='CTKL DOT...'!K388 -> 0 | E58: 0 | F58: =D58*E58 -> 0
B59: ='02.1-ĐNTT'!B59 -> Đá Mosaic gốm màu xanh KT300x300x4mm | C59: ='02.1-ĐNTT'!C59 -> m2 | D59: ='CTKL DOT...'!K389 -> 0 | E59: 0 | F59: =D59*E59 -> 0
B60: ='02.1-ĐNTT'!B60 -> Đá Moca crema limestone KT theo TK | C60: ='02.1-ĐNTT'!C60 -> m2 | D60: ='CTKL DOT...'!K390 -> 0 | E60: 0 | F60: =D60*E60 -> 0
A61: ='02.1-ĐNTT'!A61 -> 4 | B61: ='02.1-ĐNTT'!B61 -> Vữa xi măng lót trước khi ốp đá | C61: ='02.1-ĐNTT'!C61 -> m2 | D61: ='CTKL DOT...'!K391 -> 0 | E61: 0 | F61: =D61*E61 -> 0
A62: ='02.1-ĐNTT'!A62 -> 5 | B62: ='02.1-ĐNTT'!B62 -> Xây ghế ngôi trong bể bơi | C62: ='02.1-ĐNTT'!C62 -> m3 | D62: ='CTKL DOT...'!K392 -> 0 | E62: 0 | F62: =D62*E62 -> 0
B63: ='02.1-ĐNTT'!B63 -> Mặt ghế ngồi | C63: ='02.1-ĐNTT'!C63 -> Tấm | D63: ='CTKL DOT...'!K393 -> 0 | E63: 0 | F63: =D63*E63 -> 0
B64: ='02.1-ĐNTT'!B64 -> Hoàn thiện mặt ghế ngồi | C64: ='02.1-ĐNTT'!C64 -> m2 | D64: ='CTKL DOT...'!K394 -> 0 | E64: 0 | F64: =D64*E64 -> 0
A65: ='02.1-ĐNTT'!A65 -> 6 | B65: ='02.1-ĐNTT'!B65 -> Vữa xi măng lót trước khi ốp đá | C65: ='02.1-ĐNTT'!C65 -> m2 | D65: ='CTKL DOT...'!K395 -> 0 | E65: 0 | F65: =D65*E65 -> 0
B66: ='02.1-ĐNTT'!B66 -> Chữ lòng bể bơi theo thiết kế | C66: ='02.1-ĐNTT'!C66 -> Bộ | D66: ='CTKL DOT...'!K396 -> 0 | E66: 0 | F66: =D66*E66 -> 0
A67: ='02.1-ĐNTT'!A67 -> II | B67: ='02.1-ĐNTT'!B67 -> Rãnh thác tràn | D67: ='CTKL DOT...'!K397 -> 0 | E67: 0 | F67: =D67*E67 -> 0
A68: ='02.1-ĐNTT'!A68 -> 7 | B68: ='02.1-ĐNTT'!B68 -> Quét chống thấm | C68: ='02.1-ĐNTT'!C68 -> m2 | D68: ='CTKL DOT...'!K398 -> 0 | E68: 0 | F68: =D68*E68 -> 0
A69: ='02.1-ĐNTT'!A69 -> 8 | B69: ='02.1-ĐNTT'!B69 -> Vữa xi măng dày 15mm, đáy rãnh | C69: ='02.1-ĐNTT'!C69 -> m2 | D69: ='CTKL DOT...'!K399 -> 0 | E69: 0 | F69: =D69*E69 -> 0
A70: ='02.1-ĐNTT'!A70 -> 9 | B70: ='02.1-ĐNTT'!B70 -> Vữa xi măng dày 15mm, thành rãnh | C70: ='02.1-ĐNTT'!C70 -> m2 | D70: ='CTKL DOT...'!K400 -> 0 | E70: 0 | F70: =D70*E70 -> 0
B71: ='02.1-ĐNTT'!B71 -> Lát gạch Ceramic men trắng bề mặt bóng dày 10mm | C71: ='02.1-ĐNTT'!C71 -> m2 | D71: ='CTKL DOT...'!K401 -> 0 | E71: 0 | F71: =D71*E71 -> 0
B72: ='02.1-ĐNTT'!B72 -> Sỏi tự nhiên 20-30mm dày 30mm | C72: ='02.1-ĐNTT'!C72 -> m3 | D72: ='CTKL DOT...'!K402 -> 0 | E72: 0 | F72: =D72*E72 -> 0
B73: ='02.1-ĐNTT'!B73 -> Thanh nhựa đậy rãnh 180x25mm, nhựa nguyên sinh | C73: ='02.1-ĐNTT'!C73 -> md | D73: ='CTKL DOT...'!K403 -> 0 | E73: 0 | F73: =D73*E73 -> 0
B74: ='02.1-ĐNTT'!B74 -> Nẹp V inox KT50x40mm | C74: ='02.1-ĐNTT'!C74 -> md | D74: ='CTKL DOT...'!K404 -> 0 | E74: 0 | F74: =D74*E74 -> 0
A75: ='02.1-ĐNTT'!A75 -> 10 | B75: ='02.1-ĐNTT'!B75 -> Nẹp V miệng rãnh thoát tràn | C75: ='02.1-ĐNTT'!C75 -> md | D75: ='CTKL DOT...'!K405 -> 0 | E75: 0 | F75: =D75*E75 -> 0
A76: ='02.1-ĐNTT'!A76 -> III | B76: ='02.1-ĐNTT'!B76 -> Poolbar | D76: ='CTKL DOT...'!K406 -> 0 | E76: 0 | F76: =D76*E76 -> 0
A77: ='02.1-ĐNTT'!A77 -> 11 | B77: ='02.1-ĐNTT'!B77 -> Xây tường poolbar, <=110mm | C77: ='02.1-ĐNTT'!C77 -> m3 | D77: ='CTKL DOT...'!K407 -> 0 | E77: 0 | F77: =D77*E77 -> 0
A78: ='02.1-ĐNTT'!A78 -> 12 | B78: ='02.1-ĐNTT'!B78 -> Quét chống thấm | C78: ='02.1-ĐNTT'!C78 -> m2 | D78: ='CTKL DOT...'!K408 -> 0 | E78: 0 | F78: =D78*E78 -> 0
A79: ='02.1-ĐNTT'!A79 -> 13 | B79: ='02.1-ĐNTT'!B79 -> Vữa xi măng mác 75 tạo dốc 1% độ dày theo thực tế | C79: ='02.1-ĐNTT'!C79 -> m2 | D79: ='CTKL DOT...'!K409 -> 0 | E79: 0 | F79: =D79*E79 -> 0
A80: ='02.1-ĐNTT'!A80 -> 14 | B80: ='02.1-ĐNTT'!B80 -> Vữa xi măng mác 75 trát thành | C80: ='02.1-ĐNTT'!C80 -> m2 | D80: ='CTKL DOT...'!K410 -> 0 | E80: 0 | F80: =D80*E80 -> 0
B81: ='02.1-ĐNTT'!B81 -> Đá Cubic Granite Bình Định vàng nhạt băm mặt KT100x100x30mm | C81: ='02.1-ĐNTT'!C81 -> m2 | D81: ='CTKL DOT...'!K411 -> 0 | E81: 0 | F81: =D81*E81 -> 0
B82: ='02.1-ĐNTT'!B82 -> Đá Thanh Hóa xanh đen băm mặt KT200x200x30mm | C82: ='02.1-ĐNTT'!C82 -> m2 | D82: ='CTKL DOT...'!K412 -> 0 | E82: 0 | F82: =D82*E82 -> 0
B83: ='02.1-ĐNTT'!B83 -> Đá Thanh Hóa xanh đen băm mặt KT300x300x30mm | C83: ='02.1-ĐNTT'!C83 -> m2 | D83: ='CTKL DOT...'!K413 -> 0 | E83: 0 | F83: =D83*E83 -> 0
A84: ='02.1-ĐNTT'!A84 -> 15 | B84: ='02.1-ĐNTT'!B84 -> Vữa xi măng trước khi ốp đá | C84: ='02.1-ĐNTT'!C84 -> m2 | D84: ='CTKL DOT...'!K414 -> 0 | E84: 0 | F84: =D84*E84 -> 0
B85: ='02.1-ĐNTT'!B85 -> Hệ khung thép hộp mạ kẽm nhúng nóng KT20x20x1,2mm | C85: ='02.1-ĐNTT'!C85 -> kg | D85: ='CTKL DOT...'!K415 -> 0 | E85: 0 | F85: =D85*E85 -> 0
B86: ='02.1-ĐNTT'!B86 -> Đá Moca crema limestone KT theo KT | C86: ='02.1-ĐNTT'!C86 -> m2 | D86: ='CTKL DOT...'!K416 -> 0 | E86: 0 | F86: =D86*E86 -> 0
A87: ='02.1-ĐNTT'!A87 -> IV | B87: ='02.1-ĐNTT'!B87 -> Biển hồ | D87: ='CTKL DOT...'!K417 -> 0 | E87: 0 | F87: =D87*E87 -> 0
A88: ='02.1-ĐNTT'!A88 -> 16 | B88: ='02.1-ĐNTT'!B88 -> Bê tông bọt | C88: ='02.1-ĐNTT'!C88 -> m3 | D88: ='CTKL DOT...'!K418 -> 0 | E88: 0 | F88: =D88*E88 -> 0
B89: ='02.1-ĐNTT'!B89 -> Lưới sợi thủy tinh | C89: ='02.1-ĐNTT'!C89 -> m2 | D89: ='CTKL DOT...'!K419 -> 0 | E89: 0 | F89: =D89*E89 -> 0
A90: ='02.1-ĐNTT'!A90 -> 17 | B90: ='02.1-ĐNTT'!B90 -> Quét chống thấm | C90: ='02.1-ĐNTT'!C90 -> m2 | D90: ='CTKL DOT...'!K420 -> 0 | E90: 0 | F90: =D90*E90 -> 0
B91: ='02.1-ĐNTT'!B91 -> Cát nén phủ bề mặt tạo hình độ dày mỏng tùy vị trí | C91: ='02.1-ĐNTT'!C91 -> m2 | D91: ='CTKL DOT...'!K421 -> 0 | E91: 0 | F91: =D91*E91 -> 0
A92: ='02.1-ĐNTT'!A92 -> V | B92: ='02.1-ĐNTT'!B92 -> Bồn hoa + đảo quanh biển hồ | D92: ='CTKL DOT...'!K422 -> 0 | E92: 0 | F92: =D92*E92 -> 0
A93: ='02.1-ĐNTT'!A93 -> 18 | B93: ='02.1-ĐNTT'!B93 -> Quét chống thấm | C93: ='02.1-ĐNTT'!C93 -> m2 | D93: ='CTKL DOT...'!K423 -> 0 | E93: 0 | F93: =D93*E93 -> 0
A94: ='02.1-ĐNTT'!A94 -> 19 | B94: ='02.1-ĐNTT'!B94 -> Lớp vữa xi măng M75 đánh dốc 0,5% về phía phễu thu độ dày theo thực tế | C94: ='02.1-ĐNTT'!C94 -> m2 | D94: ='CTKL DOT...'!K424 -> 0 | E94: 0 | F94: =D94*E94 -> 0
A95: ='02.1-ĐNTT'!A95 -> 20 | B95: ='02.1-ĐNTT'!B95 -> Lớp vữa xi măng M75 trát thành bồn hoa | C95: ='02.1-ĐNTT'!C95 -> m2 | D95: ='CTKL DOT...'!K425 -> 0 | E95: 0 | F95: =D95*E95 -> 0
B96: ='02.1-ĐNTT'!B96 -> Lớp vỉ nhựa Plastic Cell chất liệu nhựa PP màu đen KT500x500x30mm | C96: ='02.1-ĐNTT'!C96 -> m2 | D96: ='CTKL DOT...'!K426 -> 0 | E96: 0 | F96: =D96*E96 -> 0
B97: ='02.1-ĐNTT'!B97 -> Lớp vải địa ART15 hoặc tương đương | C97: ='02.1-ĐNTT'!C97 -> m2 | D97: ='CTKL DOT...'!K427 -> 0 | E97: 0 | F97: =D97*E97 -> 0
B98: ='02.1-ĐNTT'!B98 -> Lớp sỏi 10x20mm trộn cát vàng tỷ lệ 1:1 | C98: ='02.1-ĐNTT'!C98 -> m3 | D98: ='CTKL DOT...'!K428 -> 0 | E98: 0 | F98: =D98*E98 -> 0
B99: ='02.1-ĐNTT'!B99 -> Đất màu trồng cây | C99: ='02.1-ĐNTT'!C99 -> m3 | D99: ='CTKL DOT...'!K429 -> 0 | E99: 0 | F99: =D99*E99 -> 0
B100: ='02.1-ĐNTT'!B100 -> Khối đá trang trí lớn | C100: ='02.1-ĐNTT'!C100 -> Viên | D100: ='CTKL DOT...'!K430 -> 0 | E100: 0 | F100: =D100*E100 -> 0
B101: ='02.1-ĐNTT'!B101 -> Khối đá trang trí cỡ vừa | C101: ='02.1-ĐNTT'!C101 -> Viên | D101: ='CTKL DOT...'!K431 -> 0 | E101: 0 | F101: =D101*E101 -> 0
B102: ='02.1-ĐNTT'!B102 -> Khối đá trang trí cỡ nhỏ | C102: ='02.1-ĐNTT'!C102 -> Viên | D102: ='CTKL DOT...'!K432 -> 0 | E102: 0 | F102: =D102*E102 -> 0
A103: ='02.1-ĐNTT'!A103 -> B | B103: ='02.1-ĐNTT'!B103 -> HẠNG MỤC NỀN CẢNH QUAN + BỒN HOA + GIẾNG GIÓ | D103: ='CTKL DOT...'!K433 -> 0 | E103: 0 | F103: =D103*E103 -> 0
A104: ='02.1-ĐNTT'!A104 -> I | B104: ='02.1-ĐNTT'!B104 -> Phần nền | D104: ='CTKL DOT...'!K434 -> 0 | E104: 0 | F104: =D104*E104 -> 0
A105: ='02.1-ĐNTT'!A105 -> 1 | B105: ='02.1-ĐNTT'!B105 -> Vị trí hoàn thiện Cát biển tự nhiên (F1) | C105: ='02.1-ĐNTT'!C105 -> m2 | D105: ='CTKL DOT...'!K435 -> 0 | E105: 0 | F105: =D105*E105 -> 0
A106: ='02.1-ĐNTT'!A106 -> 1.1 | B106: ='02.1-ĐNTT'!B106 -> Lớp vải địa ART 15 hoặc tương đương | C106: ='02.1-ĐNTT'!C106 -> m2 | D106: ='CTKL DOT...'!K436 -> 0 | E106: 0 | F106: =D106*E106 -> 0
...

Sheet CTKL DOT...
A4: BẢNG DIỄN GIẢI CHI TIẾT KHỐI LƯỢNG THẦU PHỤ THỰC HIỆN KỲ NÀY
A6: STT | B6: Nội dung công việc/ Khu vực/vị trí thực hiện | C6: Đơn vị | D6: Số bộ phận giống nhau | E6: Kích thước (m) | H6: Chu vi/ Diện tích | I6: Khối lượng | J6: Hệ số | K6: Tổng khối lượng | L6: Ghi chú
E7: Dài | F7: Rộng | G7: Cao
A8: (1) | B8: (2) | C8: (3) | D8: (4) | E8: (5) | F8: (6) | G8: (7) | H8: (8) | I8: (9) | J8: (10) | K8: (11=(9)x(10) | L8: (12)
B9: ='02.1-ĐNTT'!B12 -> HĐ số 21/2025/CT01/SM-HL
A10: ='02.1-ĐNTT'!A13 -> * | B10: ='02.1-ĐNTT'!B13 -> HẠNG MỤC: THI CÔNG KẾT CẤU CẢNH QUAN NGOÀI NHÀ KHU VỰC CAO TẦNG
A11: ='02.1-ĐNTT'!A14 -> I | B11: ='02.1-ĐNTT'!B14 -> CÔNG TÁC XÂY
A12: ='02.1-ĐNTT'!A15 -> 1 | B12: ='02.1-ĐNTT'!B15 -> Xây tường gạch đặc, chiều dày >330mm, VXM mác 75 | C12: ='02.1-ĐNTT'!C15 -> m3
A13: ='02.1-ĐNTT'!A16 -> 2 | B13: ='02.1-ĐNTT'!B16 -> Xây tường gạch đặc, chiều dày <=330mm, VXM mác 75 | C13: ='02.1-ĐNTT'!C16 -> m3
A14: ='02.1-ĐNTT'!A17 -> 3 | B14: ='02.1-ĐNTT'!B17 -> Xây tường gạch đặc, chiều dày <=110mm, VXM mác 75 | C14: ='02.1-ĐNTT'!C17 -> m3
A15: ='02.1-ĐNTT'!A18 -> 4 | B15: ='02.1-ĐNTT'!B18 -> Xây cột, trụ, gạch đặc, VXM mác 75 | C15: ='02.1-ĐNTT'!C18 -> m3
A16: ='02.1-ĐNTT'!A19 -> 5 | B16: ='02.1-ĐNTT'!B19 -> Ván khuôn giằng tường | C16: ='02.1-ĐNTT'!C19 -> m2
A17: ='02.1-ĐNTT'!A20 -> 6 | B17: ='02.1-ĐNTT'!B20 -> Cốt thép giằng tường | C17: ='02.1-ĐNTT'!C20 -> kg
A18: ='02.1-ĐNTT'!A21 -> 7 | B18: ='02.1-ĐNTT'!B21 -> Bê tông giằng tường mác 200# | C18: ='02.1-ĐNTT'!C21 -> m3
A19: ='02.1-ĐNTT'!A22 -> 8 | B19: ='02.1-ĐNTT'!B22 -> Khoan cấy cốt thép, đường kính thép D14 | C19: ='02.1-ĐNTT'!C22 -> vị trí
A20: ='02.1-ĐNTT'!A23 -> 9 | B20: ='02.1-ĐNTT'!B23 -> Ván khuôn trụ tường | C20: ='02.1-ĐNTT'!C23 -> m2
A21: ='02.1-ĐNTT'!A24 -> 10 | B21: ='02.1-ĐNTT'!B24 -> Cốt thép trụ tường | C21: ='02.1-ĐNTT'!C24 -> kg
A22: ='02.1-ĐNTT'!A25 -> 11 | B22: ='02.1-ĐNTT'!B25 -> Bê tông trụ tường mác 200# | C22: ='02.1-ĐNTT'!C25 -> m3
A23: ='02.1-ĐNTT'!A26 -> 12 | B23: ='02.1-ĐNTT'!B26 -> Ván khuôn tấm đan, bậc cấp | C23: ='02.1-ĐNTT'!C26 -> m2
... A27: ='02.1-ĐNTT'!A30 -> 16 | B27: ='02.1-ĐNTT'!B30 -> Chi phí cộng thêm đối với đầu việc ván khuôn bậc tam cấp - tại vị trí ván khuôn thí (ván khuôn chết không luân chuyển được) | C27: ='02.1-ĐNTT'!C30 -> m2
A28: ='02.1-ĐNTT'!A31 -> II | B28: ='02.1-ĐNTT'!B31 -> CÔNG TÁC BÊ TÔNG
A29: ='02.1-ĐNTT'!A32 -> 16 | B29: ='02.1-ĐNTT'!B32 -> Bê tông sản xuất qua dây chuyền trạm trộn tại hiện trường hoặc thương phẩm, đổ bằng bơm bê tông, bê tông dầm mác M400# | C29: ='02.1-ĐNTT'!C32 -> m3 | K29: =+SUBTOTAL(9,K30:K64) -> 18.172098 | L29: BV SHOP-HOBOI-02
B30: Dầm bể bơi trục B18-B27
B31: + BC1 | D31: 1 | E31: =66.17/2 -> 33.085 | F31: 0.3 | G31: =0.45-0.2 -> 0.25 | J31: 1 | K31: =+PRODUCT(D31:J31) -> 2.481375 | L31: =+_xlfn.FORMULATEXT(G31) -> =0,45-0,2
B32: + BC2 | D32: 1 | E32: =46.69/2 -> 23.345 | F32: 0.3 | G32: =0.61-0.2 -> 0.41 | J32: 1 | K32: =+PRODUCT(D32:J32) -> 2.871435 | L32: =+_xlfn.FORMULATEXT(G32) -> =0,61-0,2
B33: + BC1.1 | D33: 1 | E33: 16.695 | F33: 0.3 | G33: =0.29-0.2 -> 0.09 | J33: 1 | K33: =+PRODUCT(D33:J33) -> 0.450765 | L33: =+_xlfn.FORMULATEXT(G33) -> =0,29-0,2
B34: + BC1.2 | D34: 1 | E34: 20.45 | F34: 0.3 | G34: =0.29-0.2 -> 0.09 | J34: 1 | K34: =+PRODUCT(D34:J34) -> 0.55215 | L34: =+_xlfn.FORMULATEXT(G34) -> =0,29-0,2
B35: + BC1.3 | D35: 1 | E35: =7.205+7.015 -> 14.22 | F35: 0.3 | G35: =0.29-0.2 -> 0.09 | J35: 1 | K35: =+PRODUCT(D35:J35) -> 0.38394 | L35: =+_xlfn.FORMULATEXT(G35) -> =0,29-0,2
B36: + BC1.4 | D36: 1 | E36: =4.445+4.475 -> 8.92 | F36: 0.3 | G36: =0.29-0.2 -> 0.09 | J36: 1 | K36: =+PRODUCT(D36:J36) -> 0.24084 | L36: =+_xlfn.FORMULATEXT(G36) -> =0,29-0,2
B37: + BC1.5 | D37: 1 | E37: =4.79+4.855 -> 9.645 | F37: 0.3 | G37: =0.29-0.2 -> 0.09 | J37: 1 | K37: =+PRODUCT(D37:J37) -> 0.260415 | L37: =+_xlfn.FORMULATEXT(G37) -> =0,29-0,2
B38: + BY1 | D38: 1 | E38: 5.125 | F38: 0.3 | G38: =0.61-0.15 -> 0.46 | J38: 1 | K38: =+PRODUCT(D38:J38) -> 0.70725 | L38: =+_xlfn.FORMULATEXT(G38) -> =0,61-0,15
B39: Dầm dãy bồn cây trục BF
B40: - Giằng TX1 | D40: 1 | E40: 125.768 | F40: 0.22 | G40: =0.3 -> 0.3 | J40: 1 | K40: =+PRODUCT(D40:J40) -> 8.300688
B41: - Vách bồn cây trục 12-16
B42: + Giằng TX-3.1 | D42: 1 | E42: =+'thép dầm bồn cây'!D392/1000 -> 1.51 | F42: 0.22 | G42: 0.2 | J42: 1 | K42: =+PRODUCT(D42:J42) -> 0.06644
B43: + Giằng TX-3.2 | D43: 1 | E43: =+'thép dầm bồn cây'!D397/1000 -> 2.765 | F43: 0.22 | G43: 0.2 | J43: 1 | K43: =+PRODUCT(D43:J43) -> 0.12166
B44: + Giằng TX-3.3 | D44: 1 | E44: =+'thép dầm bồn cây'!D402/1000 -> 1.005 | F44: 0.22 | G44: 0.2 | J44: 1 | K44: =+PRODUCT(D44:J44) -> 0.04422
B45: + Giằng TX-3.4 | D45: 1 | E45: =+'thép dầm bồn cây'!D407/1000 -> 3.545 | F45: 0.22 | G45: 0.2 | J45: 1 | K45: =+PRODUCT(D45:J45) -> 0.15598
B46: + Giằng TX-3.5 | D46: 1 | E46: =+'thép dầm bồn cây'!D412/1000 -> 3.62 | F46: 0.22 | G46: 0.2 | J46: 1 | K46: =+PRODUCT(D46:J46) -> 0.15928
B47: + Giằng TX-3.6 | D47: 1 | E47: =+'thép dầm bồn cây'!D417/1000 -> 0.935 | F47: 0.22 | G47: 0.2 | J47: 1 | K47: =+PRODUCT(D47:J47) -> 0.04114
B48: + Giằng TX-3.7 | D48: 1 | E48: =+'thép dầm bồn cây'!D422/1000 -> 2.735 | F48: 0.22 | G48: 0.2 | J48: 1 | K48: =+PRODUCT(D48:J48) -> 0.12034
B49: + Giằng TX-3.8 | D49: 1 | E49: =+'thép dầm bồn cây'!D427/1000 -> 3.145 | F49: 0.22 | G49: 0.2 | J49: 1 | K49: =+PRODUCT(D49:J49) -> 0.13838
B50: + Giằng TX-3.9 | D50: 1 | E50: =+'thép dầm bồn cây'!D432/1000 -> 0.705 | F50: 0.22 | G50: 0.2 | J50: 1 | K50: =+PRODUCT(D50:J50) -> 0.03102
B51: + Giằng TX-3.10 | D51: 1 | E51: =+'thép dầm bồn cây'!D437/1000 -> 0.48 | F51: 0.22 | G51: 0.2 | J51: 1 | K51: =+PRODUCT(D51:J51) -> 0.02112
B52: - Vách bồn cây trục 21-24
B53: + Giằng TX-3.1 | D53: 1 | E53: =+'thép dầm bồn cây'!D443/1000 -> 0.965 | F53: 0.22 | G53: 0.2 | J53: 1 | K53: =+PRODUCT(D53:J53) -> 0.04246
B54: + Giằng TX-3.2 | D54: 1 | E54: =+'thép dầm bồn cây'!D448/1000 -> 2.48 | F54: 0.22 | G54: 0.2 | J54: 1 | K54: =+PRODUCT(D54:J54) -> 0.10912
B55: + Giằng TX-3.3 | D55: 1 | E55: =+'thép dầm bồn cây'!D453/1000 -> 1.41 | F55: 0.22 | G55: 0.2 | J55: 1 | K55: =+PRODUCT(D55:J55) -> 0.06204
B56: + Giằng TX-3.4 | D56: 1 | E56: =+'thép dầm bồn cây'!D458/1000 -> 2.6 | F56: 0.22 | G56: 0.2 | J56: 1 | K56: =+PRODUCT(D56:J56) -> 0.1144
B57: + Giằng TX-3.5 | D57: 1 | E57: =+'thép dầm bồn cây'!D463/1000 -> 1.545 | F57: 0.22 | G57: 0.2 | J57: 1 | K57: =+PRODUCT(D57:J57) -> 0.06798
B58: + Giằng TX-3.6 | D58: 1 | E58: =+'thép dầm bồn cây'!D468/1000 -> 2.495 | F58: 0.22 | G58: 0.2 | J58: 1 | K58: =+PRODUCT(D58:J58) -> 0.10978
B59: - Vách bồn cây trục 30-33
B60: + Giằng TX-1.1 | D60: 1 | E60: =+'thép dầm bồn cây'!D474/1000 -> 3.575 | F60: 0.22 | G60: 0.2 | J60: 1 | K60: =+PRODUCT(D60:J60) -> 0.1573
B61: - Ngoài trục BB
B62: + Giằng B 22x20 | D62: 1 | E62: 3.875 | F62: 0.22 | G62: 0.2 | J62: 1 | K62: =+PRODUCT(D62:J62) -> 0.1705
B63: + Giằng B 22x20 | D63: 1 | E63: 4.32 | F63: 0.22 | G63: 0.2 | J63: 1 | K63: =+PRODUCT(D63:J63) -> 0.19008
A65: ='02.1-ĐNTT'!A33 -> 17 | B65: ='02.1-ĐNTT'!B33 -> Bê tông sản xuất qua dây chuyền trạm trộn tại hiện trường hoặc thương phẩm, đổ bằng bơm bê tông, bê tông giếng gió mác M400# | C65: ='02.1-ĐNTT'!C33 -> m3 | K65: =+SUBTOTAL(9,K66:K68) -> 13.021151
B66: - Giếng gió GG-10 | D66: 1 | E66: =22.48/2 -> 11.24 | F66: 0.22 | G66: 2.3 | J66: 1 | K66: =+PRODUCT(D66:J66) -> 5.68744
B67: - Giếng gió GG-11 | D67: 1 | E67: =15.647/2 -> 7.8235 | F67: 0.22 | G67: 2.3 | J67: 1 | K67: =+PRODUCT(D67:J67) -> 3.958691
B68: - Giếng gió GG-12 | D68: 1 | E68: =13.34/2 -> 6.67 | F68: 0.22 | G68: 2.3 | J68: 1 | K68: =+PRODUCT(D68:J68) -> 3.37502
A69: ='02.1-ĐNTT'!A34 -> 18 | B69: ='02.1-ĐNTT'!B34 -> Bê tông sản xuất qua dây chuyền trạm trộn tại hiện trường hoặc thương phẩm, đổ bằng bơm bê tông, bê tông vách bể mác M400# | C69: ='02.1-ĐNTT'!C34 -> m3 | K69: =+SUBTOTAL(9,K70:K130) -> 299.2042 | L69: BV SHOP-HOBOI-02
B70: Vách bể bơi trục B18-B27
B71: - Vách ngoài bể bơi trục B18-B27
B72: + Vách V1 | D72: 1 | G72: =1.3+0.26 -> 1.56 | H72: 7.025 | J72: 1 | K72: =+PRODUCT(D72:J72) -> 10.959 | L72: =+_xlfn.FORMULATEXT(G72) -> =1,3+0,26
B73: + Vách V2 | D73: 1 | G73: 1.877 | H73: 6.369 | J73: 1 | K73: =+PRODUCT(D73:J73) -> 11.954613
B74: + Vách V4 | D74: 1 | G74: =1.3+0.65 -> 1.95 | H74: 37.186 | J74: 1 | K74: =+PRODUCT(D74:J74) -> 72.5127 | L74: =+_xlfn.FORMULATEXT(G74) -> =1,3+0,65
B75: + Vách V6 | D75: 1 | G75: =1.3+0.6 -> 1.9 | H75: 22.19 | J75: 1 | K75: =+PRODUCT(D75:J75) -> 42.161 | L75: =+_xlfn.FORMULATEXT(G75) -> =1,3+0,6
B76: + Vách V7 | D76: 1 | G76: =0.775+0.9 -> 1.675 | H76: 4.427 | J76: 1 | K76: =+PRODUCT(D76:J76) -> 7.415225 | L76: =+_xlfn.FORMULATEXT(G76) -> =0,775+0,9
B77: - Vách trong bể bơi trục B18-B27
B78: + Vách BY1 | D78: 1 | G78: =1.31-0.2 -> 1.11 | H78: 2.37 | J78: 1 | K78: =+PRODUCT(D78:J78) -> 2.6307 | L78: =+_xlfn.FORMULATEXT(G78) -> =1,31-0,2
B79: + Vách BY2 | D79: 1 | G79: =1.31-0.2 -> 1.11 | H79: 1.585 | J79: 1 | K79: =+PRODUCT(D79:J79) -> 1.75935 | L79: =+_xlfn.FORMULATEXT(G79) -> =1,31-0,2
B80: + Vách BY3 | D80: 1 | G80: =1.85-0.2 -> 1.65 | H80: 0.991 | J80: 1 | K80: =+PRODUCT(D80:J80) -> 1.63515 | L80: =+_xlfn.FORMULATEXT(G80) -> =1,85-0,2
B81: + Vách BY4 | D81: 1 | G81: =1.31-0.2 -> 1.11 | H81: 1.827 | J81: 1 | K81: =+PRODUCT(D81:J81) -> 2.02797 | L81: =+_xlfn.FORMULATEXT(G81) -> =1,31-0,2
B82: + Vách BY5 | D82: 1 | G82: =1.31-0.2 -> 1.11 | H82: 1.765 | J82: 1 | K82: =+PRODUCT(D82:J82) -> 1.95915 | L82: =+_xlfn.FORMULATEXT(G82) -> =1,31-0,2 | M82: Thép Vách VC8 (Trục B32-B37+5975) | N82: Thép Vách VC8 (Trục B24-B31) | O82: Thép Vách VC8- (Trục B21-B22) | P82: Thép Vách VC8- (Trục B14-B21) | Q82: Thép Vách VC8- (Trục B6-B13)
B83: + Vách BY6 | D83: 1 | G83: =1.85-0.2 -> 1.65 | H83: 1.036 | J83: 1 | K83: =+PRODUCT(D83:J83) -> 1.7094 | L83: =+_xlfn.FORMULATEXT(G83) -> =1,85-0,2
B84: Vách bồn cây trục BF
B85: - Vách ngoài bồn cây | M85: =+'thép vách bồn cây'!D8 -> 49435 | N85: =+'thép vách bồn cây'!D13 -> 71040 | O85: =+'thép vách bồn cây'!D23 -> 6480 | P85: =+'thép vách bồn cây'!D28 -> 60490 | Q85: =+'thép vách bồn cây'!D33 -> 66130
B86: + VC8 | D86: 1 | E86: =('thép vách bồn cây'!D8+'thép vách bồn cây'!D13+'thép vách bồn cây'!D23+'thép vách bồn cây'!D28+'thép vách bồn cây'!D33)/1000 -> 253.575 | F86: 0.2 | G86: 1.45 | J86: 1 | K86: =+PRODUCT(D86:J86) -> 73.53675
B87: - Vách bồn cây trục 12-16
B88: + VC-3.8 | D88: 1 | E88: =+'thép vách bồn cây'!D39/1000 -> 10.95 | F88: 0.22 | G88: 0.65 | J88: 1 | K88: =+PRODUCT(D88:J88) -> 1.56585 | L88: Trục 12
B89: + VC-3.9 | D89: 1 | E89: =+'thép vách bồn cây'!D44/1000 -> 6.45 | F89: 0.22 | G89: 0.65 | J89: 1 | K89: =+PRODUCT(D89:J89) -> 0.92235 | L89: Trục 13
B90: + VC-3.10 | D90: 1 | E90: =+'thép vách bồn cây'!D49/1000 -> 4.55 | F90: 0.22 | G90: 0.65 | J90: 1 | K90: =+PRODUCT(D90:J90) -> 0.65065 | L90: Trục 13
B91: + VC-3.11 | D91: 2 | E91: =+'thép vách bồn cây'!D54/1000 -> 0.69 | F91: 0.22 | G91: 1.45 | J91: 1 | K91: =+PRODUCT(D91:J91) -> 0.44022 | L91: Trục 13-14
B92: + VC-3.12 | D92: 1 | E92: =+'thép vách bồn cây'!D59/1000 -> 4.33 | F92: 0.22 | G92: 0.65 | J92: 1 | K92: =+PRODUCT(D92:J92) -> 0.61919 | L92: Trục 14
B93: + VC-3.13 | D93: 1 | E93: =+'thép vách bồn cây'!D64/1000 -> 6.95 | F93: 0.22 | G93: 0.65 | J93: 1 | K93: =+PRODUCT(D93:J93) -> 0.99385 | L93: Trục 14-15
B94: + VC-3.14 | D94: 1 | E94: =+'thép vách bồn cây'!D69/1000 -> 9.245 | F94: 0.22 | G94: 0.65 | J94: 1 | K94: =+PRODUCT(D94:J94) -> 1.322035 | L94: Trục 15
B95: + VC-3.15 | D95: 1 | E95: =+'thép vách bồn cây'!D74/1000 -> 5.35 | F95: 0.2 | G95: 1.45 | J95: 1 | K95: =+PRODUCT(D95:J95) -> 1.5515 | L95: Trục 12-13
B96: + VC-3.16 | D96: 1 | E96: =+'thép vách bồn cây'!D79/1000 -> 5.155 | F96: 0.2 | G96: 1.45 | J96: 1 | K96: =+PRODUCT(D96:J96) -> 1.49495 | L96: Trục 15
B97: - Vách bể phòng kỹ thuật số 06
B98: + Vách bể | D98: 1 | E98: 11.4 | F98: 0.2 | G98: 1 | J98: 1 | K98: =+PRODUCT(D98:J98) -> 2.28
B99: - Vách bồn cây trục 21-24
B100: + VC-3.7A | D100: 1 | E100: =+'thép vách bồn cây'!D104/1000 -> 3.545 | F100: 0.22 | G100: 0.65 | J100: 1 | K100: =+PRODUCT(D100:J100) -> 0.506935
B101: + VC-3.7B | D101: 1 | E101: =+'thép vách bồn cây'!D109/1000 -> 2.917 | F101: 0.2 | G101: 1.45 | J101: 1 | K101: =+PRODUCT(D101:J101) -> 0.84593
B102: + VC-3.1 | D102: 1 | E102: =+'thép vách bồn cây'!D124/1000 -> 6.89 | F102: 0.2 | G102: 0.65 | J102: 1 | K102: =+PRODUCT(D102:J102) -> 0.8957
B103: + VC-3.2 | D103: 1 | E103: =+'thép vách bồn cây'!D129/1000 -> 6.96 | F103: 0.2 | G103: 0.65 | J103: 1 | K103: =+PRODUCT(D103:J103) -> 0.9048
B104: + VC-3.3 | D104: 1 | E104: =+'thép vách bồn cây'!D134/1000 -> 6.77 | F104: 0.2 | G104: 0.65 | J104: 1 | K104: =+PRODUCT(D104:J104) -> 0.8801
B105: + VC-3.4 | D105: 1 | E105: =+'thép vách bồn cây'!D139/1000 -> 2.255 | F105: 0.2 | G105: 0.65 | J105: 1 | K105: =+PRODUCT(D105:J105) -> 0.29315
B106: + VC-3.5 | D106: 1 | E106: =+'thép vách bồn cây'!D144/1000 -> 2.29 | F106: 0.2 | G106: 0.65 | J106: 1 | K106: =+PRODUCT(D106:J106) -> 0.2977
B107: + VC-3.6 | D107: 1 | E107: =+'thép vách bồn cây'!D94/1000 -> 7.93 | F107: 0.2 | G107: 1.45 | J107: 1 | K107: =+PRODUCT(D107:J107) -> 2.2997
B108: + VC-3.7 | D108: 1 | E108: =+'thép vách bồn cây'!D99/1000 -> 8.645 | F108: 0.2 | G108: 1.45 | J108: 1 | K108: =+PRODUCT(D108:J108) -> 2.50705
...

Sheet đối trừ đợt 2
B1: Thi công kết cấu, chống thấm cảnh quan ngoài nhà khu vực cao tầng
B2: Dự án: Dự án đầu tư xây dựng nhà ở cao tầng kết hợp thương mại dịch vụ và nhà ở thấp tầng SunShine Crystal River
B3: Địa điểm: Ô đất CT01-CT và CT01-TT(được điều chỉnh từ ô đất CT01) thuộc khu đô thị Nam Thăng Long, giai đoạn III, phường Phú Thượng, quận Tây Hồ, Hà Nội
B4: Bên giao thầu: Công ty TNHH Đầu tư Thương mại Sông Mã
B5: Bên nhận thầu: Công ty Cổ phần Đầu tư Xây dựng Hoàng Long Group
A6: BẢNG TỔNG HỢP GIÁ TRỊ KHẤU TRỪ
A7: Từ ngày ….../….../ năm …….... Đến ngày ….../….../ năm ……....
K8: Thanh toán lần: | L8: 1
K9: Đơn vị tính: vnđ
A10: STT | B10: Nội dung | C10: Đơn vị | D10: Đơn giá | E10: Khối lượng | H10: Đơn giá | I10: Giá trị tiền | L10: Ghi chú
E11: LK Kỳ trước | F11: Kỳ này | G11: LK đến nay | H11: VAT 8% | I11: LK Kỳ trước | J11: Kỳ này | K11: LK đến nay
A12: A | B12: Khấu trừ khác | I12: =+SUBTOTAL(9,I13:I23) -> 44735953 | J12: =+SUBTOTAL(9,J13:J20) -> 0 | K12: =+SUBTOTAL(9,K13:K23) -> 44735953
A13: І | B13: Tiền điện | I13: =+SUBTOTAL(9,I14:I16) -> 14310000 | J13: =+SUBTOTAL(9,J14:J16) -> 0 | K13: =+SUBTOTAL(9,K14:K16) -> 14310000
A14: 1 | B14: Tiền điện tháng 2/2025 | C14: tháng | E14: 2160000 | G14: =+E14+F14 -> 2160000 | I14: =+E14 -> 2160000 | K14: =+I14+J14 -> 2160000
A15: 2 | B15: Tiền điện tháng 3/2025 | C15: tháng | E15: 6750000 | G15: =+E15+F15 -> 6750000 | I15: =+E15 -> 6750000 | K15: =+I15+J15 -> 6750000
A16: 3 | B16: Tiền điện tháng 4/2025 | C16: tháng | E16: 5400000 | G16: =+E16+F16 -> 5400000 | I16: =+E16 -> 5400000 | K16: =+I16+J16 -> 5400000
A17: II | B17: Tiền rác thải | G17: =+E17+F17 -> 0 | I17: =+SUBTOTAL(9,I18:I20) -> 28800000 | J17: =+SUBTOTAL(9,J18:J20) -> 0 | K17: =+SUBTOTAL(9,K18:K20) -> 28800000
A18: 1 | B18: Tiền rác tháng 3/2025 | C18: tháng | E18: 2700000 | G18: =+E18+F18 -> 2700000 | I18: =+E18 -> 2700000 | K18: =+I18+J18 -> 2700000
A19: 2 | B19: Tiền rác tháng 3/2025 | C19: tháng | E19: 8100000 | G19: =+E19+F19 -> 8100000 | I19: =+E19 -> 8100000 | K19: =+I19+J19 -> 8100000
A20: 3 | B20: Dọn vệ sinh- biên bản làm việc ngày 25/04/2025 | C20: công | E20: 36 | G20: =+E20+F20 -> 36 | H20: 500000 | I20: =E20*H20 -> 18000000 | K20: =+I20+J20 -> 18000000
A21: III | B21: Khấu trừ bê tông | G21: =+E21+F21 -> 0 | I21: =+SUBTOTAL(9,I22:I23) -> 1625952.5 | J21: =+SUBTOTAL(9,J22:J23) -> 0 | K21: =+SUBTOTAL(9,K22:K23) -> 1625952.5
A22: 1 | B22: Mác 450 - Lỗ mở số 03 | C22: m3 | E22: 1.37 | G22: =+E22+F22 -> 1.37 | H22: =+I22/E22 -> 1122327 | I22: 1537588 | K22: =+I22+J22 -> 1537588 | L22: Việt Đức hầm đợt 27
A23: 2 | B23: Phụ gia R7-Dầm giằng thang thoát hiểm | C23: m3 | E23: 3 | G23: =+E23+F23 -> 3 | H23: =+I23/E23 -> 29454.84 | I23: 88364.52 | K23: =I23+J23 -> 88364.52 | L23: Việt Đức thấp tầng đợt 24
A24: B | B24: Tạm giữ hao hụt thép | G24: =+E24+F24 -> 0 | I24: =+SUBTOTAL(9,I25:I25) -> 26876935 | J24: =+SUBTOTAL(9,J25:J25) -> 19363984 | K24: =+SUBTOTAL(9,K25:K25) -> 46240919
A25: 1 | B25: Cốt thép tạm giữ hao hụt | C25: kg | E25: 1854.3491 | F25: =921+415 -> 1336 | G25: =+E25+F25 -> 3190.3491 | H25: 14494 | I25: =E25*H25 -> 26876935 | J25: =F25*H25 -> 19363984 | K25: =I25+J25 -> 46240919 | L25: Tạm giữ hao hụt 3%
B26: Tổng cộng (Đã bao gồm VAT) | I26: =+SUBTOTAL(9,I14:I25) -> 71612888 | J26: =+SUBTOTAL(9,J14:J25) -> 19363984 | K26: =+SUBTOTAL(9,K14:K25) -> 90976872
B28: CHỈ HUY TRƯỞNG | H28: BÊN NHẬN THẦU

Sheet thép dầm bồn cây
A1: BẢNG KHỐI LƯỢNG CỐT THÉP DẦM BỒN CÂY
A2: Công trình: Chung cư cao tầng kết hợp dịch vụ thương mại và nhà ở Thấp tầng Sunshine Crystal River
A3: Hạng mục: Thi công kết cấu, chống thấm cảnh quan ngoài nhà - Khu vực nhà cao tầng
A5: Cấu kiện | B5: Số hiệu thép | C5: Hình dạng, kích thước | F5: Đ/K (mm) | G5: Chiều dài/ 1 thanh (mm) | H5: Số mối nối | I5: Chiều dài mối nối (mm) | J5: Chiều dài 1 thanh (mm) | K5: Số thanh/1 KC | L5: Số lượng cấu kiện | M5: Tổng chiều dài (m) | N5: Trọng lượng (kg/1m) | O5: Khối lượng (kg) | P5: Ghi chú | R5: 6 | S5: 8 | T5: 10 | U5: 12 | V5: 14 | W5: 16 | X5: 18 | Y5: 20 | Z5: 22
R6: 0.222 | S6: 0.395 | T6: 0.617 | U6: 0.888 | V6: 1.21 | W6: 1.58 | X6: 2 | Y6: 2.47 | Z6: 2.98
A7: (1) | B7: (2) | C7: (3) | F7: (4) | G7: (5) | K7: (6) | L7: (7) | M7: (8) | N7: (9) | O7: (10) | P7: (12)
A8: Giằng chân tường xây trục B37-B38
A9: Tường xây TX-1 | C9: L= | D9: 1960 | E9: mm
B10: 1 | C10: 200 | D10: =D9+200+150 -> 2310 | E10: =250 -> 250 | F10: 10 | G10: =C10+D10+E10 -> 2760 | H10: 0 | I10: =F10*45 -> 450 | J10: =G10+I10*H10 -> 2760 | K10: 2 | L10: 1 | M10: =J10*K10*L10/1000 -> 5.52 | N10: =_xlfn.XLOOKUP(F10,$R$5:$Z$5,$R$6:$Z$6,"NOT_FOUND",0) -> 0.617 | O10: =M10*N10 -> 3.40584
B11: 2 | C11: 100 | D11: =D9+200+170 -> 2330 | E11: 130 | F11: 10 | G11: =C11+D11+E11 -> 2560 | H11: 0 | I11: =F11*45 -> 450 | J11: =G11+I11*H11 -> 2560 | K11: 2 | L11: 1 | M11: =J11*K11*L11/1000 -> 5.12 | N11: =_xlfn.XLOOKUP(F11,$R$5:$Z$5,$R$6:$Z$6,"NOT_FOUND",0) -> 0.617 | O11: =M11*N11 -> 3.15904
B12: 3 | C12: 240 | D12: 160 | E12: 60 | F12: 6 | G12: =(C12+D12+E12)*2 -> 920 | H12: 0 | I12: =F12*45 -> 270 | J12: =G12+I12*H12 -> 920 | K12: =+ROUND(D9/200,0) -> 10 | L12: 1 | M12: =J12*K12*L12/1000 -> 9.2 | N12: =_xlfn.XLOOKUP(F12,$R$5:$Z$5,$R$6:$Z$6,"NOT_FOUND",0) -> 0.222 | O12: =M12*N12 -> 2.0424
B13: * | C13: 100 | D13: 200 | F13: 10 | G13: =C13+D13 -> 300 | H13: 0 | I13: =F13*45 -> 450 | J13: =G13+I13*H13 -> 300 | K13: =+ROUND(D9/600,0) -> 3 | L13: 1 | M13: =J13*K13*L13/1000 -> 0.9 | N13: =_xlfn.XLOOKUP(F13,$R$5:$Z$5,$R$6:$Z$6,"NOT_FOUND",0) -> 0.617 | O13: =M13*N13 -> 0.5553 | P13: khoan cắm
A14: Tường xây TX-1 | C14: L= | D14: 2005 | E14: mm
B15: 1 | C15: 200 | D15: =D14+200+150 -> 2355 | E15: =250 -> 250 | F15: 10 | G15: =C15+D15+E15 -> 2805 | H15: 0 | I15: =F15*45 -> 450 | J15: =G15+I15*H15 -> 2805 | K15: 2 | L15: 1 | M15: =J15*K15*L15/1000 -> 5.61 | N15: =_xlfn.XLOOKUP(F15,$R$5:$Z$5,$R$6:$Z$6,"NOT_FOUND",0) -> 0.617 | O15: =M15*N15 -> 3.46137
B16: 2 | C16: 100 | D16: =D14+200+170 -> 2375 | E16: 130 | F16: 10 | G16: =C16+D16+E16 -> 2605 | H16: 0 | I16: =F16*45 -> 450 | J16: =G16+I16*H16 -> 2605 | K16: 2 | L16: 1 | M16: =J16*K16*L16/1000 -> 5.21 | N16: =_xlfn.XLOOKUP(F16,$R$5:$Z$5,$R$6:$Z$6,"NOT_FOUND",0) -> 0.617 | O16: =M16*N16 -> 3.21457
B17: 3 | C17: 240 | D17: 160 | E17: 60 | F17: 6 | G17: =(C17+D17+E17)*2 -> 920 | H17: 0 | I17: =F17*45 -> 270 | J17: =G17+I17*H17 -> 920 | K17: =+ROUND(D14/200,0) -> 10 | L17: 1 | M17: =J17*K17*L17/1000 -> 9.2 | N17: =_xlfn.XLOOKUP(F17,$R$5:$Z$5,$R$6:$Z$6,"NOT_FOUND",0) -> 0.222 | O17: =M17*N17 -> 2.0424
B18: * | C18: 100 | D18: 200 | F18: 10 | G18: =C18+D18 -> 300 | H18: 0 | I18: =F18*45 -> 450 | J18: =G18+I18*H18 -> 300 | K18: =+ROUND(D14/600,0) -> 3 | L18: 1 | M18: =J18*K18*L18/1000 -> 0.9 | N18: =_xlfn.XLOOKUP(F18,$R$5:$Z$5,$R$6:$Z$6,"NOT_FOUND",0) -> 0.617 | O18: =M18*N18 -> 0.5553 | P18: khoan cắm
A19: Tường xây TX-1 | C19: L= | D19: 2050 | E19: mm
B20: 1 | C20: 200 | D20: =D19+200+150 -> 2400 | E20: =250 -> 250 | F20: 10 | G20: =C20+D20+E20 -> 2850 | H20: 0 | I20: =F20*45 -> 450 | J20: =G20+I20*H20 -> 2850 | K20: 2 | L20: 1 | M20: =J20*K20*L20/1000 -> 5.7 | N20: =_xlfn.XLOOKUP(F20,$R$5:$Z$5,$R$6:$Z$6,"NOT_FOUND",0) -> 0.617 | O20: =M20*N20 -> 3.5169
B21: 2 | C21: 100 | D21: =D19+200+170 -> 2420 | E21: 130 | F21: 10 | G21: =C21+D21+E21 -> 2650 | H21: 0 | I21: =F21*45 -> 450 | J21: =G21+I21*H21 -> 2650 | K21: 2 | L21: 1 | M21: =J21*K21*L21/1000 -> 5.3 | N21: =_xlfn.XLOOKUP(F21,$R$5:$Z$5,$R$6:$Z$6,"NOT_FOUND",0) -> 0.617 | O21: =M21*N21 -> 3.2701
B22: 3 | C22: 240 | D22: 160 | E22: 60 | F22: 6 | G22: =(C22+D22+E22)*2 -> 920 | H22: 0 | I22: =F22*45 -> 270 | J22: =G22+I22*H22 -> 920 | K22: =+ROUND(D19/200,0) -> 10 | L22: 1 | M22: =J22*K22*L22/1000 -> 9.2 | N22: =_xlfn.XLOOKUP(F22,$R$5:$Z$5,$R$6:$Z$6,"NOT_FOUND",0) -> 0.222 | O22: =M22*N22 -> 2.0424
B23: * | C23: 100 | D23: 200 | F23: 10 | G23: =C23+D23 -> 300 | H23: 0 | I23: =F23*45 -> 450 | J23: =G23+I23*H23 -> 300 | K23: =+ROUND(D19/600,0) -> 3 | L23: 1 | M23: =J23*K23*L23/1000 -> 0.9 | N23: =_xlfn.XLOOKUP(F23,$R$5:$Z$5,$R$6:$Z$6,"NOT_FOUND",0) -> 0.617 | O23: =M23*N23 -> 0.5553 | P23: khoan cắm
A24: Tường xây TX-1 | C24: L= | D24: 2070 | E24: mm
B25: 1 | C25: 200 | D25: =D24+200+150 -> 2420 | E25: =250 -> 250 | F25: 10 | G25: =C25+D25+E25 -> 2870 | H25: 0 | I25: =F25*45 -> 450 | J25: =G25+I25*H25 -> 2870 | K25: 2 | L25: 1 | M25: =J25*K25*L25/1000 -> 5.74 | N25: =_xlfn.XLOOKUP(F25,$R$5:$Z$5,$R$6:$Z$6,"NOT_FOUND",0) -> 0.617 | O25: =M25*N25 -> 3.54158
B26: 2 | C26: 100 | D26: =D24+200+170 -> 2440 | E26: 130 | F26: 10 | G26: =C26+D26+E26 -> 2670 | H26: 0 | I26: =F26*45 -> 450 | J26: =G26+I26*H26 -> 2670 | K26: 2 | L26: 1 | M26: =J26*K26*L26/1000 -> 5.34 | N26: =_xlfn.XLOOKUP(F26,$R$5:$Z$5,$R$6:$Z$6,"NOT_FOUND",0) -> 0.617 | O26: =M26*N26 -> 3.29478
B27: 3 | C27: 240 | D27: 160 | E27: 60 | F27: 6 | G27: =(C27+D27+E27)*2 -> 920 | H27: 0 | I27: =F27*45 -> 270 | J27: =G27+I27*H27 -> 920 | K27: =+ROUND(D24/200,0) -> 10 | L27: 1 | M27: =J27*K27*L27/1000 -> 9.2 | N27: =_xlfn.XLOOKUP(F27,$R$5:$Z$5,$R$6:$Z$6,"NOT_FOUND",0) -> 0.222 | O27: =M27*N27 -> 2.0424
B28: * | C28: 100 | D28: 200 | F28: 10 | G28: =C28+D28 -> 300 | H28: 0 | I28: =F28*45 -> 450 | J28: =G28+I28*H28 -> 300 | K28: =+ROUND(D24/600,0) -> 3 | L28: 1 | M28: =J28*K28*L28/1000 -> 0.9 | N28: =_xlfn.XLOOKUP(F28,$R$5:$Z$5,$R$6:$Z$6,"NOT_FOUND",0) -> 0.617 | O28: =M28*N28 -> 0.5553 | P28: khoan cắm
A29: Giằng chân tường xây trục B36-B37
A30: Tường xây TX-1 | C30: L= | D30: 2055 | E30: mm
B31: 1 | C31: 200 | D31: =D30+200+150 -> 2405 | E31: =250 -> 250 | F31: 10 | G31: =C31+D31+E31 -> 2855 | H31: 0 | I31: =F31*45 -> 450 | J31: =G31+I31*H31 -> 2855 | K31: 2 | L31: 1 | M31: =J31*K31*L31/1000 -> 5.71 | N31: =_xlfn.XLOOKUP(F31,$R$5:$Z$5,$R$6:$Z$6,"NOT_FOUND",0) -> 0.617 | O31: =M31*N31 -> 3.52307
B32: 2 | C32: 100 | D32: =D30+200+170 -> 2425 | E32: 130 | F32: 10 | G32: =C32+D32+E32 -> 2655 | H32: 0 | I32: =F32*45 -> 450 | J32: =G32+I32*H32 -> 2655 | K32: 2 | L32: 1 | M32: =J32*K32*L32/1000 -> 5.31 | N32: =_xlfn.XLOOKUP(F32,$R$5:$Z$5,$R$6:$Z$6,"NOT_FOUND",0) -> 0.617 | O32: =M32*N32 -> 3.27627
B33: 3 | C33: 240 | D33: 160 | E33: 60 | F33: 6 | G33: =(C33+D33+E33)*2 -> 920 | H33: 0 | I33: =F33*45 -> 270 | J33: =G33+I33*H33 -> 920 | K33: =+ROUND(D30/200,0) -> 10 | L33: 1 | M33: =J33*K33*L33/1000 -> 9.2 | N33: =_xlfn.XLOOKUP(F33,$R$5:$Z$5,$R$6:$Z$6,"NOT_FOUND",0) -> 0.222 | O33: =M33*N33 -> 2.0424
B34: * | C34: 100 | D34: 200 | F34: 10 | G34: =C34+D34 -> 300 | H34: 0 | I34: =F34*45 -> 450 | J34: =G34+I34*H34 -> 300 | K34: =+ROUND(D30/600,0) -> 3 | L34: 1 | M34: =J34*K34*L34/1000 -> 0.9 | N34: =_xlfn.XLOOKUP(F34,$R$5:$Z$5,$R$6:$Z$6,"NOT_FOUND",0) -> 0.617 | O34: =M34*N34 -> 0.5553 | P34: khoan cắm
A35: Tường xây TX-1 | C35: L= | D35: 2020 | E35: mm
B36: 1 | C36: 200 | D36: =D35+200+150 -> 2370 | E36: =250 -> 250 | F36: 10 | G36: =C36+D36+E36 -> 2820 | H36: 0 | I36: =F36*45 -> 450 | J36: =G36+I36*H36 -> 2820 | K36: 2 | L36: 1 | M36: =J36*K36*L36/1000 -> 5.64 | N36: =_xlfn.XLOOKUP(F36,$R$5:$Z$5,$R$6:$Z$6,"NOT_FOUND",0) -> 0.617 | O36: =M36*N36 -> 3.47988
B37: 2 | C37: 100 | D37: =D35+200+170 -> 2390 | E37: 130 | F37: 10 | G37: =C37+D37+E37 -> 2620 | H37: 0 | I37: =F37*45 -> 450 | J37: =G37+I37*H37 -> 2620 | K37: 2 | L37: 1 | M37: =J37*K37*L37/1000 -> 5.24 | N37: =_xlfn.XLOOKUP(F37,$R$5:$Z$5,$R$6:$Z$6,"NOT_FOUND",0) -> 0.617 | O37: =M37*N37 -> 3.23308
B38: 3 | C38: 240 | D38: 160 | E38: 60 | F38: 6 | G38: =(C38+D38+E38)*2 -> 920 | H38: 0 | I38: =F38*45 -> 270 | J38: =G38+I38*H38 -> 920 | K38: =+ROUND(D35/200,0) -> 10 | L38: 1 | M38: =J38*K38*L38/1000 -> 9.2 | N38: =_xlfn.XLOOKUP(F38,$R$5:$Z$5,$R$6:$Z$6,"NOT_FOUND",0) -> 0.222 | O38: =M38*N38 -> 2.0424
B39: * | C39: 100 | D39: 200 | F39: 10 | G39: =C39+D39 -> 300 | H39: 0 | I39: =F39*45 -> 450 | J39: =G39+I39*H39 -> 300 | K39: =+ROUND(D35/600,0) -> 3 | L39: 1 | M39: =J39*K39*L39/1000 -> 0.9 | N39: =_xlfn.XLOOKUP(F39,$R$5:$Z$5,$R$6:$Z$6,"NOT_FOUND",0) -> 0.617 | O39: =M39*N39 -> 0.5553 | P39: khoan cắm
A40: Giằng chân tường xây trục B35-B36
A41: Tường xây TX-1 | C41: L= | D41: 1960 | E41: mm
B42: 1 | C42: 200 | D42: =D41+200+150 -> 2310 | E42: =250 -> 250 | F42: 10 | G42: =C42+D42+E42 -> 2760 | H42: 0 | I42: =F42*45 -> 450 | J42: =G42+I42*H42 -> 2760 | K42: 2 | L42: 1 | M42: =J42*K42*L42/1000 -> 5.52 | N42: =_xlfn.XLOOKUP(F42,$R$5:$Z$5,$R$6:$Z$6,"NOT_FOUND",0) -> 0.617 | O42: =M42*N42 -> 3.40584
B43: 2 | C43: 100 | D43: =D41+200+170 -> 2330 | E43: 130 | F43: 10 | G43: =C43+D43+E43 -> 2560 | H43: 0 | I43: =F43*45 -> 450 | J43: =G43+I43*H43 -> 2560 | K43: 2 | L43: 1 | M43: =J43*K43*L43/1000 -> 5.12 | N43: =_xlfn.XLOOKUP(F43,$R$5:$Z$5,$R$6:$Z$6,"NOT_FOUND",0) -> 0.617 | O43: =M43*N43 -> 3.15904
B44: 3 | C44: 240 | D44: 160 | E44: 60 | F44: 6 | G44: =(C44+D44+E44)*2 -> 920 | H44: 0 | I44: =F44*45 -> 270 | J44: =G44+I44*H44 -> 920 | K44: =+ROUND(D41/200,0) -> 10 | L44: 1 | M44: =J44*K44*L44/1000 -> 9.2 | N44: =_xlfn.XLOOKUP(F44,$R$5:$Z$5,$R$6:$Z$6,"NOT_FOUND",0) -> 0.222 | O44: =M44*N44 -> 2.0424
B45: * | C45: 100 | D45: 200 | F45: 10 | G45: =C45+D45 -> 300 | H45: 0 | I45: =F45*45 -> 450 | J45: =G45+I45*H45 -> 300 | K45: =+ROUND(D41/600,0) -> 3 | L45: 1 | M45: =J45*K45*L45/1000 -> 0.9 | N45: =_xlfn.XLOOKUP(F45,$R$5:$Z$5,$R$6:$Z$6,"NOT_FOUND",0) -> 0.617 | O45: =M45*N45 -> 0.5553 | P45: khoan cắm
A46: Tường xây TX-1 | C46: L= | D46: 1935 | E46: mm
B47: 1 | C47: 200 | D47: =D46+200+150 -> 2285 | E47: =250 -> 250 | F47: 10 | G47: =C47+D47+E47 -> 2735 | H47: 0 | I47: =F47*45 -> 450 | J47: =G47+I47*H47 -> 2735 | K47: 2 | L47: 1 | M47: =J47*K47*L47/1000 -> 5.47 | N47: =_xlfn.XLOOKUP(F47,$R$5:$Z$5,$R$6:$Z$6,"NOT_FOUND",0) -> 0.617 | O47: =M47*N47 -> 3.37499
B48: 2 | C48: 100 | D48: =D46+200+170 -> 2305 | E48: 130 | F48: 10 | G48: =C48+D48+E48 -> 2535 | H48: 0 | I48: =F48*45 -> 450 | J48: =G48+I48*H48 -> 2535 | K48: 2 | L48: 1 | M48: =J48*K48*L48/1000 -> 5.07 | N48: =_xlfn.XLOOKUP(F48,$R$5:$Z$5,$R$6:$Z$6,"NOT_FOUND",0) -> 0.617 | O48: =M48*N48 -> 3.12819
B49: 3 | C49: 240 | D49: 160 | E49: 60 | F49: 6 | G49: =(C49+D49+E49)*2 -> 920 | H49: 0 | I49: =F49*45 -> 270 | J49: =G49+I49*H49 -> 920 | K49: =+ROUND(D46/200,0) -> 10 | L49: 1 | M49: =J49*K49*L49/1000 -> 9.2 | N49: =_xlfn.XLOOKUP(F49,$R$5:$Z$5,$R$6:$Z$6,"NOT_FOUND",0) -> 0.222 | O49: =M49*N49 -> 2.0424
B50: * | C50: 100 | D50: 200 | F50: 10 | G50: =C50+D50 -> 300 | H50: 0 | I50: =F50*45 -> 450 | J50: =G50+I50*H50 -> 300 | K50: =+ROUND(D46/600,0) -> 3 | L50: 1 | M50: =J50*K50*L50/1000 -> 0.9 | N50: =_xlfn.XLOOKUP(F50,$R$5:$Z$5,$R$6:$Z$6,"NOT_FOUND",0) -> 0.617 | O50: =M50*N50 -> 0.5553 | P50: khoan cắm
A51: Tường xây TX-1 | C51: L= | D51: 1905 | E51: mm
B52: 1 | C52: 200 | D52: =D51+200+150 -> 2255 | E52: =250 -> 250 | F52: 10 | G52: =C52+D52+E52 -> 2705 | H52: 0 | I52: =F52*45 -> 450 | J52: =G52+I52*H52 -> 2705 | K52: 2 | L52: 1 | M52: =J52*K52*L52/1000 -> 5.41 | N52: =_xlfn.XLOOKUP(F52,$R$5:$Z$5,$R$6:$Z$6,"NOT_FOUND",0) -> 0.617 | O52: =M52*N52 -> 3.33797
B53: 2 | C53: 100 | D53: =D51+200+170 -> 2275 | E53: 130 | F53: 10 | G53: =C53+D53+E53 -> 2505 | H53: 0 | I53: =F53*45 -> 450 | J53: =G53+I53*H53 -> 2505 | K53: 2 | L53: 1 | M53: =J53*K53*L53/1000 -> 5.01 | N53: =_xlfn.XLOOKUP(F53,$R$5:$Z$5,$R$6:$Z$6,"NOT_FOUND",0) -> 0.617 | O53: =M53*N53 -> 3.09117
B54: 3 | C54: 240 | D54: 160 | E54: 60 | F54: 6 | G54: =(C54+D54+E54)*2 -> 920 | H54: 0 | I54: =F54*45 -> 270 | J54: =G54+I54*H54 -> 920 | K54: =+ROUND(D51/200,0) -> 10 | L54: 1 | M54: =J54*K54*L54/1000 -> 9.2 | N54: =_xlfn.XLOOKUP(F54,$R$5:$Z$5,$R$6:$Z$6,"NOT_FOUND",0) -> 0.222 | O54: =M54*N54 -> 2.0424
B55: * | C55: 100 | D55: 200 | F55: 10 | G55: =C55+D55 -> 300 | H55: 0 | I55: =F55*45 -> 450 | J55: =G55+I55*H55 -> 300 | K55: =+ROUND(D51/600,0) -> 3 | L55: 1 | M55: =J55*K55*L55/1000 -> 0.9 | N55: =_xlfn.XLOOKUP(F55,$R$5:$Z$5,$R$6:$Z$6,"NOT_FOUND",0) -> 0.617 | O55: =M55*N55 -> 0.5553 | P55: khoan cắm
A56: Giằng chân tường xây trục B34-B35
A57: Tường xây TX-1 | C57: L= | D57: 1885 | E57: mm
B58: 1 | C58: 200 | D58: =D57+200+150 -> 2235 | E58: =250 -> 250 | F58: 10 | G58: =C58+D58+E58 -> 2685 | H58: 0 | I58: =F58*45 -> 450 | J58: =G58+I58*H58 -> 2685 | K58: 2 | L58: 1 | M58: =J58*K58*L58/1000 -> 5.37 | N58: =_xlfn.XLOOKUP(F58,$R$5:$Z$5,$R$6:$Z$6,"NOT_FOUND",0) -> 0.617 | O58: =M58*N58 -> 3.31329
B59: 2 | C59: 100 | D59: =D57+200+170 -> 2255 | E59: 130 | F59: 10 | G59: =C59+D59+E59 -> 2485 | H59: 0 | I59: =F59*45 -> 450 | J59: =G59+I59*H59 -> 2485 | K59: 2 | L59: 1 | M59: =J59*K59*L59/1000 -> 4.97 | N59: =_xlfn.XLOOKUP(F59,$R$5:$Z$5,$R$6:$Z$6,"NOT_FOUND",0) -> 0.617 | O59: =M59*N59 -> 3.06649
B60: 3 | C60: 240 | D60: 160 | E60: 60 | F60: 6 | G60: =(C60+D60+E60)*2 -> 920 | H60: 0 | I60: =F60*45 -> 270 | J60: =G60+I60*H60 -> 920 | K60: =+ROUND(D57/200,0) -> 9 | L60: 1 | M60: =J60*K60*L60/1000 -> 8.28 | N60: =_xlfn.XLOOKUP(F60,$R$5:$Z$5,$R$6:$Z$6,"NOT_FOUND",0) -> 0.222 | O60: =M60*N60 -> 1.83816
B61: * | C61: 100 | D61: 200 | F61: 10 | G61: =C61+D61 -> 300 | H61: 0 | I61: =F61*45 -> 450 | J61: =G61+I61*H61 -> 300 | K61: =+ROUND(D57/600,0) -> 3 | L61: 1 | M61: =J61*K61*L61/1000 -> 0.9 | N61: =_xlfn.XLOOKUP(F61,$R$5:$Z$5,$R$6:$Z$6,"NOT_FOUND",0) -> 0.617 | O61: =M61*N61 -> 0.5553 | P61: khoan cắm
A62: Tường xây TX-1 | C62: L= | D62: 1875 | E62: mm
B63: 1 | C63: 200 | D63: =D62+200+150 -> 2225 | E63: =250 -> 250 | F63: 10 | G63: =C63+D63+E63 -> 2675 | H63: 0 | I63: =F63*45 -> 450 | J63: =G63+I63*H63 -> 2675 | K63: 2 | L63: 1 | M63: =J63*K63*L63/1000 -> 5.35 | N63: =_xlfn.XLOOKUP(F63,$R$5:$Z$5,$R$6:$Z$6,"NOT_FOUND",0) -> 0.617 | O63: =M63*N63 -> 3.30095
B64: 2 | C64: 100 | D64: =D62+200+170 -> 2245 | E64: 130 | F64: 10 | G64: =C64+D64+E64 -> 2475 | H64: 0 | I64: =F64*45 -> 450 | J64: =G64+I64*H64 -> 2475 | K64: 2 | L64: 1 | M64: =J64*K64*L64/1000 -> 4.95 | N64: =_xlfn.XLOOKUP(F64,$R$5:$Z$5,$R$6:$Z$6,"NOT_FOUND",0) -> 0.617 | O64: =M64*N64 -> 3.05415
B65: 3 | C65: 240 | D65: 160 | E65: 60 | F65: 6 | G65: =(C65+D65+E65)*2 -> 920 | H65: 0 | I65: =F65*45 -> 270 | J65: =G65+I65*H65 -> 920 | K65: =+ROUND(D62/200,0) -> 9 | L65: 1 | M65: =J65*K65*L65/1000 -> 8.28 | N65: =_xlfn.XLOOKUP(F65,$R$5:$Z$5,$R$6:$Z$6,"NOT_FOUND",0) -> 0.222 | O65: =M65*N65 -> 1.83816
B66: * | C66: 100 | D66: 200 | F66: 10 | G66: =C66+D66 -> 300 | H66: 0 | I66: =F66*45 -> 450 | J66: =G66+I66*H66 -> 300 | K66: =+ROUND(D62/600,0) -> 3 | L66: 1 | M66: =J66*K66*L66/1000 -> 0.9 | N66: =_xlfn.XLOOKUP(F66,$R$5:$Z$5,$R$6:$Z$6,"NOT_FOUND",0) -> 0.617 | O66: =M66*N66 -> 0.5553 | P66: khoan cắm
A67: Tường xây TX-1 | C67: L= | D67: 1875 | E67: mm
B68: 1 | C68: 200 | D68: =D67+200+150 -> 2225 | E68: =250 -> 250 | F68: 10 | G68: =C68+D68+E68 -> 2675 | H68: 0 | I68: =F68*45 -> 450 | J68: =G68+I68*H68 -> 2675 | K68: 2 | L68: 1 | M68: =J68*K68*L68/1000 -> 5.35 | N68: =_xlfn.XLOOKUP(F68,$R$5:$Z$5,$R$6:$Z$6,"NOT_FOUND",0) -> 0.617 | O68: =M68*N68 -> 3.30095
B69: 2 | C69: 100 | D69: =D67+200+170 -> 2245 | E69: 130 | F69: 10 | G69: =C69+D69+E69 -> 2475 | H69: 0 | I69: =F69*45 -> 450 | J69: =G69+I69*H69 -> 2475 | K69: 2 | L69: 1 | M69: =J69*K69*L69/1000 -> 4.95 | N69: =_xlfn.XLOOKUP(F69,$R$5:$Z$5,$R$6:$Z$6,"NOT_FOUND",0) -> 0.617 | O69: =M69*N69 -> 3.05415
B70: 3 | C70: 240 | D70: 160 | E70: 60 | F70: 6 | G70: =(C70+D70+E70)*2 -> 920 | H70: 0 | I70: =F70*45 -> 270 | J70: =G70+I70*H70 -> 920 | K70: =+ROUND(D67/200,0) -> 9 | L70: 1 | M70: =J70*K70*L70/1000 -> 8.28 | N70: =_xlfn.XLOOKUP(F70,$R$5:$Z$5,$R$6:$Z$6,"NOT_FOUND",0) -> 0.222 | O70: =M70*N70 -> 1.83816
B71: * | C71: 100 | D71: 200 | F71: 10 | G71: =C71+D71 -> 300 | H71: 0 | I71: =F71*45 -> 450 | J71: =G71+I71*H71 -> 300 | K71: =+ROUND(D67/600,0) -> 3 | L71: 1 | M71: =J71*K71*L71/1000 -> 0.9 | N71: =_xlfn.XLOOKUP(F71,$R$5:$Z$5,$R$6:$Z$6,"NOT_FOUND",0) -> 0.617 | O71: =M71*N71 -> 0.5553 | P71: khoan cắm
A72: Giằng chân tường xây trục B33-B34
A73: Tường xây TX-1 | C73: L= | D73: 1875 | E73: mm
B74: 1 | C74: 200 | D74: =D73+200+150 -> 2225 | E74: =250 -> 250 | F74: 10 | G74: =C74+D74+E74 -> 2675 | H74: 0 | I74: =F74*45 -> 450 | J74: =G74+I74*H74 -> 2675 | K74: 2 | L74: 1 | M74: =J74*K74*L74/1000 -> 5.35 | N74: =_xlfn.XLOOKUP(F74,$R$5:$Z$5,$R$6:$Z$6,"NOT_FOUND",0) -> 0.617 | O74: =M74*N74 -> 3.30095
B75: 2 | C75: 100 | D75: =D73+200+170 -> 2245 | E75: 130 | F75: 10 | G75: =C75+D75+E75 -> 2475 | H75: 0 | I75: =F75*45 -> 450 | J75: =G75+I75*H75 -> 2475 | K75: 2 | L75: 1 | M75: =J75*K75*L75/1000 -> 4.95 | N75: =_xlfn.XLOOKUP(F75,$R$5:$Z$5,$R$6:$Z$6,"NOT_FOUND",0) -> 0.617 | O75: =M75*N75 -> 3.05415
B76: 3 | C76: 240 | D76: 160 | E76: 60 | F76: 6 | G76: =(C76+D76+E76)*2 -> 920 | H76: 0 | I76: =F76*45 -> 270 | J76: =G76+I76*H76 -> 920 | K76: =+ROUND(D73/200,0) -> 9 | L76: 1 | M76: =J76*K76*L76/1000 -> 8.28 | N76: =_xlfn.XLOOKUP(F76,$R$5:$Z$5,$R$6:$Z$6,"NOT_FOUND",0) -> 0.222 | O76: =M76*N76 -> 1.83816
B77: * | C77: 100 | D77: 200 | F77: 10 | G77: =C77+D77 -> 300 | H77: 0 | I77: =F77*45 -> 450 | J77: =G77+I77*H77 -> 300 | K77: =+ROUND(D73/600,0) -> 3 | L77: 1 | M77: =J77*K77*L77/1000 -> 0.9 | N77: =_xlfn.XLOOKUP(F77,$R$5:$Z$5,$R$6:$Z$6,"NOT_FOUND",0) -> 0.617 | O77: =M77*N77 -> 0.5553 | P77: khoan cắm
A78: Tường xây TX-1 | C78: L= | D78: 2050 | E78: mm
B79: 1 | C79: 200 | D79: =D78+200+150 -> 2400 | E79: =250 -> 250 | F79: 10 | G79: =C79+D79+E79 -> 2850 | H79: 0 | I79: =F79*45 -> 450 | J79: =G79+I79*H79 -> 2850 | K79: 2 | L79: 1 | M79: =J79*K79*L79/1000 -> 5.7 | N79: =_xlfn.XLOOKUP(F79,$R$5:$Z$5,$R$6:$Z$6,"NOT_FOUND",0) -> 0.617 | O79: =M79*N79 -> 3.5169
B80: 2 | C80: 100 | D80: =D78+200+170 -> 2420 | E80: 130 | F80: 10 | G80: =C80+D80+E80 -> 2650 | H80: 0 | I80: =F80*45 -> 450 | J80: =G80+I80*H80 -> 2650 | K80: 2 | L80: 1 | M80: =J80*K80*L80/1000 -> 5.3 | N80: =_xlfn.XLOOKUP(F80,$R$5:$Z$5,$R$6:$Z$6,"NOT_FOUND",0) -> 0.617 | O80: =M80*N80 -> 3.2701
B81: 3 | C81: 240 | D81: 160 | E81: 60 | F81: 6 | G81: =(C81+D81+E81)*2 -> 920 | H81: 0 | I81: =F81*45 -> 270 | J81: =G81+I81*H81 -> 920 | K81: =+ROUND(D78/200,0) -> 10 | L81: 1 | M81: =J81*K81*L81/1000 -> 9.2 | N81: =_xlfn.XLOOKUP(F81,$R$5:$Z$5,$R$6:$Z$6,"NOT_FOUND",0) -> 0.222 | O81: =M81*N81 -> 2.0424
B82: * | C82: 100 | D82: 200 | F82: 10 | G82: =C82+D82 -> 300 | H82: 0 | I82: =F82*45 -> 450 | J82: =G82+I82*H82 -> 300 | K82: =+ROUND(D78/600,0) -> 3 | L82: 1 | M82: =J82*K82*L82/1000 -> 0.9 | N82: =_xlfn.XLOOKUP(F82,$R$5:$Z$5,$R$6:$Z$6,"NOT_FOUND",0) -> 0.617 | O82: =M82*N82 -> 0.5553 | P82: khoan cắm
A83: Giằng chân tường xây trục B32-B33
A84: Tường xây TX-1 | C84: L= | D84: 1225 | E84: mm
B85: 1 | C85: 200 | D85: =D84+200+150 -> 1575 | E85: =250 -> 250 | F85: 10 | G85: =C85+D85+E85 -> 2025 | H85: 0 | I85: =F85*45 -> 450 | J85: =G85+I85*H85 -> 2025 | K85: 2 | L85: 1 | M85: =J85*K85*L85/1000 -> 4.05 | N85: =_xlfn.XLOOKUP(F85,$R$5:$Z$5,$R$6:$Z$6,"NOT_FOUND",0) -> 0.617 | O85: =M85*N85 -> 2.49885
B86: 2 | C86: 100 | D86: =D84+200+170 -> 1595 | E86: 130 | F86: 10 | G86: =C86+D86+E86 -> 1825 | H86: 0 | I86: =F86*45 -> 450 | J86: =G86+I86*H86 -> 1825 | K86: 2 | L86: 1 | M86: =J86*K86*L86/1000 -> 3.65 | N86: =_xlfn.XLOOKUP(F86,$R$5:$Z$5,$R$6:$Z$6,"NOT_FOUND",0) -> 0.617 | O86: =M86*N86 -> 2.25205
B87: 3 | C87: 240 | D87: 160 | E87: 60 | F87: 6 | G87: =(C87+D87+E87)*2 -> 920 | H87: 0 | I87: =F87*45 -> 270 | J87: =G87+I87*H87 -> 920 | K87: =+ROUND(D84/200,0) -> 6 | L87: 1 | M87: =J87*K87*L87/1000 -> 5.52 | N87: =_xlfn.XLOOKUP(F87,$R$5:$Z$5,$R$6:$Z$6,"NOT_FOUND",0) -> 0.222 | O87: =M87*N87 -> 1.22544
B88: * | C88: 100 | D88: 200 | F88: 10 | G88: =C88+D88 -> 300 | H88: 0 | I88: =F88*45 -> 450 | J88: =G88+I88*H88 -> 300 | K88: =+ROUND(D84/600,0) -> 2 | L88: 1 | M88: =J88*K88*L88/1000 -> 0.6 | N88: =_xlfn.XLOOKUP(F88,$R$5:$Z$5,$R$6:$Z$6,"NOT_FOUND",0) -> 0.617 | O88: =M88*N88 -> 0.3702 | P88: khoan cắm
A89: Tường xây TX-1 | C89: L= | D89: 4430 | E89: mm
B90: 1 | C90: 200 | D90: =D89+200+150 -> 4780 | E90: =250 -> 250 | F90: 10 | G90: =C90+D90+E90 -> 5230 | H90: 0 | I90: =F90*45 -> 450 | J90: =G90+I90*H90 -> 5230 | K90: 2 | L90: 1 | M90: =J90*K90*L90/1000 -> 10.46 | N90: =_xlfn.XLOOKUP(F90,$R$5:$Z$5,$R$6:$Z$6,"NOT_FOUND",0) -> 0.617 | O90: =M90*N90 -> 6.45382
B91: 2 | C91: 100 | D91: =D89+200+170 -> 4800 | E91: 130 | F91: 10 | G91: =C91+D91+E91 -> 5030 | H91: 0 | I91: =F91*45 -> 450 | J91: =G91+I91*H91 -> 5030 | K91: 2 | L91: 1 | M91: =J91*K91*L91/1000 -> 10.06 | N91: =_xlfn.XLOOKUP(F91,$R$5:$Z$5,$R$6:$Z$6,"NOT_FOUND",0) -> 0.617 | O91: =M91*N91 -> 6.20702
B92: 3 | C92: 240 | D92: 160 | E92: 60 | F92: 6 | G92: =(C92+D92+E92)*2 -> 920 | H92: 0 | I92: =F92*45 -> 270 | J92: =G92+I92*H92 -> 920 | K92: =+ROUND(D89/200,0) -> 22 | L92: 1 | M92: =J92*K92*L92/1000 -> 20.24 | N92: =_xlfn.XLOOKUP(F92,$R$5:$Z$5,$R$6:$Z$6,"NOT_FOUND",0) -> 0.222 | O92: =M92*N92 -> 4.49328
B93: * | C93: 100 | D93: 200 | F93: 10 | G93: =C93+D93 -> 300 | H93: 0 | I93: =F93*45 -> 450 | J93: =G93+I93*H93 -> 300 | K93: =+ROUND(D89/600,0) -> 7 | L93: 1 | M93: =J93*K93*L93/1000 -> 2.1 | N93: =_xlfn.XLOOKUP(F93,$R$5:$Z$5,$R$6:$Z$6,"NOT_FOUND",0) -> 0.617 | O93: =M93*N93 -> 1.2957 | P93: khoan cắm
A94: Tường xây TX-1 | C94: L= | D94: 4765 | E94: mm
B95: 1 | C95: 200 | D95: =D94+200+150 -> 5115 | E95: =250 -> 250 | F95: 10 | G95: =C95+D95+E95 -> 5565 | H95: 0 | I95: =F95*45 -> 450 | J95: =G95+I95*H95 -> 5565 | K95: 2 | L95: 1 | M95: =J95*K95*L95/1000 -> 11.13 | N95: =_xlfn.XLOOKUP(F95,$R$5:$Z$5,$R$6:$Z$6,"NOT_FOUND",0) -> 0.617 | O95: =M95*N95 -> 6.86721
B96: 2 | C96: 100 | D96: =D94+200+170 -> 5135 | E96: 130 | F96: 10 | G96: =C96+D96+E96 -> 5365 | H96: 0 | I96: =F96*45 -> 450 | J96: =G96+I96*H96 -> 5365 | K96: 2 | L96: 1 | M96: =J96*K96*L96/1000 -> 10.73 | N96: =_xlfn.XLOOKUP(F96,$R$5:$Z$5,$R$6:$Z$6,"NOT_FOUND",0) -> 0.617 | O96: =M96*N96 -> 6.62041
B97: 3 | C97: 240 | D97: 160 | E97: 60 | F97: 6 | G97: =(C97+D97+E97)*2 -> 920 | H97: 0 | I97: =F97*45 -> 270 | J97: =G97+I97*H97 -> 920 | K97: =+ROUND(D94/200,0) -> 24 | L97: 1 | M97: =J97*K97*L97/1000 -> 22.08 | N97: =_xlfn.XLOOKUP(F97,$R$5:$Z$5,$R$6:$Z$6,"NOT_FOUND",0) -> 0.222 | O97: =M97*N97 -> 4.90176
B98: * | C98: 100 | D98: 200 | F98: 10 | G98: =C98+D98 -> 300 | H98: 0 | I98: =F98*45 -> 450 | J98: =G98+I98*H98 -> 300 | K98: =+ROUND(D94/600,0) -> 8 | L98: 1 | M98: =J98*K98*L98/1000 -> 2.4 | N98: =_xlfn.XLOOKUP(F98,$R$5:$Z$5,$R$6:$Z$6,"NOT_FOUND",0) -> 0.617 | O98: =M98*N98 -> 1.4808 | P98: khoan cắm
A99: Giằng chân tường xây trục B31-B32
A100: Tường xây TX-1 | C100: L= | D100: 4855 | E100: mm
B101: 1 | C101: 200 | D101: =D100+200+150 -> 5205 | E101: =250 -> 250 | F101: 10 | G101: =C101+D101+E101 -> 5655 | H101: 0 | I101: =F101*45 -> 450 | J101: =G101+I101*H101 -> 5655 | K101: 2 | L101: 1 | M101: =J101*K101*L101/1000 -> 11.31 | N101: =_xlfn.XLOOKUP(F101,$R$5:$Z$5,$R$6:$Z$6,"NOT_FOUND",0) -> 0.617 | O101: =M101*N101 -> 6.97827 | P101: thiếu 1 giằng chân tam cấp
...

Sheet thép vách giếng gió
A1: BẢNG KHỐI LƯỢNG CỐT THÉP VÁCH GIẾNG GIÓ
A2: Công trình: Chung cư cao tầng kết hợp dịch vụ thương mại và nhà ở Thấp tầng Sunshine Crystal River
A3: Hạng mục: Thi công kết cấu, chống thấm cảnh quan ngoài nhà - Khu vực nhà cao tầng
A5: Cấu kiện | B5: Số hiệu thép | C5: Hình dạng, kích thước | F5: Đ/K (mm) | G5: Chiều dài/ 1 thanh (mm) | H5: Số lượng thanh nối /thanh mỏ | I5: Chiều dài thanh nối | J5: Chiều dài 1 thanh (mm) | K5: Số thanh/1 KC | L5: Số lượng cấu kiện | M5: Tổng chiều dài (m) | N5: Trọng lượng (kg/1m) | O5: Khối lượng (kg) | P5: Ghi chú | R5: 6 | S5: 8 | T5: 10 | U5: 12 | V5: 14 | W5: 16 | X5: 18 | Y5: 20 | Z5: 22
R6: 0.222 | S6: 0.395 | T6: 0.617 | U6: 0.888 | V6: 1.21 | W6: 1.58 | X6: 2 | Y6: 2.47 | Z6: 2.98
A7: (1) | B7: (2) | C7: (3) | F7: (4) | G7: (5) | H7: (6) | I7: (7) | K7: (8) | L7: (9) | M7: (10) | N7: (12) | O7: (13) | P7: (14)
A8: Thép Vách GG10 | C8: L= | D8: =(11840+10640)/2 -> 11240 | E8: mm
B9: 1 | C9: 150 | D9: 2350 | F9: 10 | G9: =C9+D9+E9 -> 2500 | J9: =+I9*H9+G9 -> 2500 | K9: =+ROUND(D8/200,0)+1 -> 57 | L9: 2 | M9: =J9*K9*L9/1000 -> 285 | N9: =_xlfn.XLOOKUP(F9,$R$5:$Z$5,$R$6:$Z$6,"NOT_FOUND",0) -> 0.617 | O9: =M9*N9 -> 175.845 | P9: khoan cắm | Q9: sửa số lượng thanh thép vách từ 39 lên 57
B10: 2 | D10: 11840 | F10: 10 | G10: =C10+D10+E10 -> 11840 | J10: =+I10*H10+G10 -> 11840 | K10: 12 | L10: 1 | M10: =J10*K10*L10/1000 -> 142.08 | N10: =_xlfn.XLOOKUP(F10,$R$5:$Z$5,$R$6:$Z$6,"NOT_FOUND",0) -> 0.617 | O10: =M10*N10 -> 87.66336
B11: 2 | D11: 10640 | F11: 10 | G11: =C11+D11+E11 -> 10640 | J11: =+I11*H11+G11 -> 10640 | K11: 12 | L11: 1 | M11: =J11*K11*L11/1000 -> 127.68 | N11: =_xlfn.XLOOKUP(F11,$R$5:$Z$5,$R$6:$Z$6,"NOT_FOUND",0) -> 0.617 | O11: =M11*N11 -> 78.77856
B12: 3 | C12: 60 | D12: 150 | E12: 60 | F12: 6 | G12: =C12+D12+E12 -> 270 | J12: =+I12*H12+G12 -> 270 | K12: =+ROUND(D11/600,0)+1 -> 19 | L12: 4 | M12: =J12*K12*L12/1000 -> 20.52 | N12: =_xlfn.XLOOKUP(F12,$R$5:$Z$5,$R$6:$Z$6,"NOT_FOUND",0) -> 0.222 | O12: =M12*N12 -> 4.55544
B13: 4 | C13: 150 | D13: 300 | F13: 10 | G13: =C13+D13+E13 -> 450 | J13: =+I13*H13+G13 -> 450 | K13: =+K12 -> 19 | L13: 1 | M13: =J13*K13*L13/1000 -> 8.55 | N13: =_xlfn.XLOOKUP(F13,$R$5:$Z$5,$R$6:$Z$6,"NOT_FOUND",0) -> 0.617 | P13: khoan cắm | Q13: =15647/2 -> 7823.5
A14: Thép Vách GG11 | C14: L= | D14: =(8440+7200)/2 -> 7820 | E14: mm
B15: 1 | C15: 150 | D15: 2350 | F15: 10 | G15: =C15+D15+E15 -> 2500 | J15: =+I15*H15+G15 -> 2500 | K15: =+ROUND(D14/200,0)+1 -> 40 | L15: 2 | M15: =J15*K15*L15/1000 -> 200 | N15: =_xlfn.XLOOKUP(F15,$R$5:$Z$5,$R$6:$Z$6,"NOT_FOUND",0) -> 0.617 | O15: =M15*N15 -> 123.4 | P15: khoan cắm
B16: 2 | D16: 8440 | F16: 10 | G16: =C16+D16+E16 -> 8440 | J16: =+I16*H16+G16 -> 8440 | K16: 12 | L16: 1 | M16: =J16*K16*L16/1000 -> 101.28 | N16: =_xlfn.XLOOKUP(F16,$R$5:$Z$5,$R$6:$Z$6,"NOT_FOUND",0) -> 0.617 | O16: =M16*N16 -> 62.48976
B17: 2 | D17: 7200 | F17: 10 | G17: =C17+D17+E17 -> 7200 | J17: =+I17*H17+G17 -> 7200 | K17: 12 | L17: 1 | M17: =J17*K17*L17/1000 -> 86.4 | N17: =_xlfn.XLOOKUP(F17,$R$5:$Z$5,$R$6:$Z$6,"NOT_FOUND",0) -> 0.617 | O17: =M17*N17 -> 53.3088
B18: 3 | C18: 60 | D18: 150 | E18: 60 | F18: 6 | G18: =C18+D18+E18 -> 270 | J18: =+I18*H18+G18 -> 270 | K18: =+ROUND(D17/600,0)+1 -> 13 | L18: 4 | M18: =J18*K18*L18/1000 -> 14.04 | N18: =_xlfn.XLOOKUP(F18,$R$5:$Z$5,$R$6:$Z$6,"NOT_FOUND",0) -> 0.222 | O18: =M18*N18 -> 3.11688
B19: 4 | C19: 150 | D19: 300 | F19: 10 | G19: =C19+D19+E19 -> 450 | J19: =+I19*H19+G19 -> 450 | K19: =+K18 -> 13 | L19: 1 | M19: =J19*K19*L19/1000 -> 5.85 | N19: =_xlfn.XLOOKUP(F19,$R$5:$Z$5,$R$6:$Z$6,"NOT_FOUND",0) -> 0.617 | P19: khoan cắm
A20: Thép Vách GG12 | C20: L= | D20: =+(7440+6200)/2 -> 6820 | E20: mm
B21: 1 | C21: 150 | D21: 2350 | F21: 10 | G21: =C21+D21+E21 -> 2500 | J21: =+I21*H21+G21 -> 2500 | K21: =+ROUND(D20/200,0)+1 -> 35 | L21: 2 | M21: =J21*K21*L21/1000 -> 175 | N21: =_xlfn.XLOOKUP(F21,$R$5:$Z$5,$R$6:$Z$6,"NOT_FOUND",0) -> 0.617 | O21: =M21*N21 -> 107.975 | P21: khoan cắm
B22: 2 | D22: 7440 | F22: 10 | G22: =C22+D22+E22 -> 7440 | J22: =+I22*H22+G22 -> 7440 | K22: 12 | L22: 1 | M22: =J22*K22*L22/1000 -> 89.28 | N22: =_xlfn.XLOOKUP(F22,$R$5:$Z$5,$R$6:$Z$6,"NOT_FOUND",0) -> 0.617 | O22: =M22*N22 -> 55.08576 | S22: 12040 | T22: =+S22/200+1 -> 61.2
B23: 2 | D23: 6200 | F23: 10 | G23: =C23+D23+E23 -> 6200 | J23: =+I23*H23+G23 -> 6200 | K23: 12 | L23: 1 | M23: =J23*K23*L23/1000 -> 74.4 | N23: =_xlfn.XLOOKUP(F23,$R$5:$Z$5,$R$6:$Z$6,"NOT_FOUND",0) -> 0.617 | O23: =M23*N23 -> 45.9048 | S23: 10440 | T23: =+S23/200+1 -> 53.2
B24: 3 | C24: 60 | D24: 150 | E24: 60 | F24: 6 | G24: =C24+D24+E24 -> 270 | J24: =+I24*H24+G24 -> 270 | K24: =+ROUND(D23/600,0)+1 -> 11 | L24: 4 | M24: =J24*K24*L24/1000 -> 11.88 | N24: =_xlfn.XLOOKUP(F24,$R$5:$Z$5,$R$6:$Z$6,"NOT_FOUND",0) -> 0.222 | O24: =M24*N24 -> 2.63736
B25: 4 | C25: 150 | D25: 300 | F25: 10 | G25: =C25+D25+E25 -> 450 | J25: =+I25*H25+G25 -> 450 | K25: =+K24 -> 11 | L25: 1 | M25: =J25*K25*L25/1000 -> 4.95 | N25: =_xlfn.XLOOKUP(F25,$R$5:$Z$5,$R$6:$Z$6,"NOT_FOUND",0) -> 0.617 | P25: khoan cắm
A26: Tổng (kg) | O26: =SUM(O8:O25) -> 800.76072
A27: Thép khoan cắm vách D10 (kg) | O27: =SUMIF(B9:B25,"4",O9:O25) -> 0
A28: Thép vách bồn cây (kg) | O28: =O26-O27 -> 800.76072
B30: BỘ PHẬN QS | N30: BÊN NHẬN THẦU
F33: 6 | G33: kg | H33: =+SUMIF($F$8:$F$25,F33,$O$8:$O$25) -> 10.30968
F34: 8 | G34: kg | H34: =+SUMIF($F$8:$F$25,F34,$O$8:$O$25) -> 0
F35: 10 | G35: kg | H35: =+SUMIF($F$8:$F$25,F35,$O$8:$O$25) -> 790.45104
F36: 12 | G36: kg | H36: =+SUMIF($F$8:$F$25,F36,$O$8:$O$25) -> 0

Sheet thép vách bồn cây
A1: BẢNG KHỐI LƯỢNG CỐT THÉP VÁCH BỒN CÂY
A2: Công trình: Chung cư cao tầng kết hợp dịch vụ thương mại và nhà ở Thấp tầng Sunshine Crystal River
A3: Hạng mục: Thi công kết cấu, chống thấm cảnh quan ngoài nhà - Khu vực nhà cao tầng
A5: Cấu kiện | B5: Số hiệu thép | C5: Hình dạng, kích thước | F5: Đ/K (mm) | G5: Chiều dài/ 1 thanh (mm) | H5: Số lượng thanh nối /thanh mỏ | I5: Chiều dài thanh nối | J5: Chiều dài 1 thanh (mm) | K5: Số thanh/1 KC | L5: Số lượng cấu kiện | M5: Tổng chiều dài (m) | N5: Trọng lượng (kg/1m) | O5: Khối lượng (kg) | P5: Ghi chú | R5: 6 | S5: 8 | T5: 10 | U5: 12 | V5: 14 | W5: 16 | X5: 18 | Y5: 20 | Z5: 22
R6: 0.222 | S6: 0.395 | T6: 0.617 | U6: 0.888 | V6: 1.21 | W6: 1.58 | X6: 2 | Y6: 2.47 | Z6: 2.98
A7: (1) | B7: (2) | C7: (3) | F7: (4) | G7: (5) | H7: (6) | I7: (7) | K7: (8) | L7: (9) | M7: (10) | N7: (12) | O7: (13) | P7: (14)
A8: Thép Vách VC8 (Trục B32-B37+5975) | C8: L= | D8: 49435 | E8: mm
B9: 1 | C9: 150 | D9: 1350 | E9: 150 | F9: 10 | G9: =C9+D9+E9 -> 1650 | J9: =+I9*H9+G9 -> 1650 | K9: =+ROUND(D8/200,0)+1 -> 248 | L9: 2 | M9: =J9*K9*L9/1000 -> 818.4 | N9: =_xlfn.XLOOKUP(F9,$R$5:$Z$5,$R$6:$Z$6,"NOT_FOUND",0) -> 0.617 | O9: =M9*N9 -> 504.9528
B10: 2 | D10: =D8-25 -> 49410 | F10: 10 | G10: =C10+D10+E10 -> 49410 | H10: =ROUNDUP((D8/11.7/1000),0)-1 -> 4 | I10: =45*F10 -> 450 | J10: =+I10*H10+G10 -> 51210 | K10: 8 | L10: 2 | M10: =J10*K10*L10/1000 -> 819.36 | N10: =_xlfn.XLOOKUP(F10,$R$5:$Z$5,$R$6:$Z$6,"NOT_FOUND",0) -> 0.617 | O10: =M10*N10 -> 505.54512
B11: 3 | C11: 60 | D11: 150 | E11: 60 | F11: 6 | G11: =C11+D11+E11 -> 270 | J11: =+I11*H11+G11 -> 270 | K11: =+ROUND(D8/600,0)+1 -> 83 | L11: 2 | M11: =J11*K11*L11/1000 -> 44.82 | N11: =_xlfn.XLOOKUP(F11,$R$5:$Z$5,$R$6:$Z$6,"NOT_FOUND",0) -> 0.222 | O11: =M11*N11 -> 9.95004
B12: 4 | C12: 150 | D12: 300 | F12: 10 | G12: =C12+D12+E12 -> 450 | J12: =+I12*H12+G12 -> 450 | K12: =+K11 -> 83 | L12: 1 | M12: =J12*K12*L12/1000 -> 37.35 | N12: =_xlfn.XLOOKUP(F12,$R$5:$Z$5,$R$6:$Z$6,"NOT_FOUND",0) -> 0.617 | O12: =M12*N12 -> 23.04495 | P12: khoan cắm
A13: Thép Vách VC8 (Trục B24-B31) | C13: L= | D13: 71040 | E13: mm
B14: 1 | C14: 150 | D14: 1350 | E14: 150 | F14: 10 | G14: =C14+D14+E14 -> 1650 | J14: =+I14*H14+G14 -> 1650 | K14: =+ROUND(D13/200,0)+1 -> 356 | L14: 2 | M14: =J14*K14*L14/1000 -> 1174.8 | N14: =_xlfn.XLOOKUP(F14,$R$5:$Z$5,$R$6:$Z$6,"NOT_FOUND",0) -> 0.617 | O14: =M14*N14 -> 724.8516
B15: 2 | D15: =D13-60 -> 70980 | F15: 10 | G15: =C15+D15+E15 -> 70980 | H15: =ROUNDUP((D13/11.7/1000),0)-1 -> 6 | I15: =45*F15 -> 450 | J15: =+I15*H15+G15 -> 73680 | K15: 8 | L15: 2 | M15: =J15*K15*L15/1000 -> 1178.88 | N15: =_xlfn.XLOOKUP(F15,$R$5:$Z$5,$R$6:$Z$6,"NOT_FOUND",0) -> 0.617 | O15: =M15*N15 -> 727.36896
B16: 3 | C16: 60 | D16: 150 | E16: 60 | F16: 6 | G16: =C16+D16+E16 -> 270 | J16: =+I16*H16+G16 -> 270 | K16: =+ROUND(D13/600,0)+1 -> 119 | L16: 2 | M16: =J16*K16*L16/1000 -> 64.26 | N16: =_xlfn.XLOOKUP(F16,$R$5:$Z$5,$R$6:$Z$6,"NOT_FOUND",0) -> 0.222 | O16: =M16*N16 -> 14.26572
B17: 4 | C17: 150 | D17: 300 | F17: 10 | G17: =C17+D17+E17 -> 450 | J17: =+I17*H17+G17 -> 450 | K17: =+K16 -> 119 | L17: 1 | M17: =J17*K17*L17/1000 -> 53.55 | N17: =_xlfn.XLOOKUP(F17,$R$5:$Z$5,$R$6:$Z$6,"NOT_FOUND",0) -> 0.617 | O17: =M17*N17 -> 33.04035 | P17: khoan cắm
A18: Thép Vách VC8 (Trục B23-2750/B23+4695) | C18: L= | D18: 12375 | E18: mm | P18: tính vào VC3.7
B19: 1 | C19: 150 | D19: 1350 | E19: 150 | F19: 10 | G19: =C19+D19+E19 -> 1650 | J19: =+I19*H19+G19 -> 1650 | K19: =+ROUND(D18/200,0)+1 -> 63 | L19: 2 | M19: =J19*K19*L19/1000 -> 207.9 | N19: =_xlfn.XLOOKUP(F19,$R$5:$Z$5,$R$6:$Z$6,"NOT_FOUND",0) -> 0.617
B20: 2 | D20: =D18-60 -> 12315 | F20: 10 | G20: =C20+D20+E20 -> 12315 | H20: =ROUNDUP((D18/11.7/1000),0)-1 -> 1 | I20: =45*F20 -> 450 | J20: =+I20*H20+G20 -> 12765 | K20: 8 | L20: 2 | M20: =J20*K20*L20/1000 -> 204.24 | N20: =_xlfn.XLOOKUP(F20,$R$5:$Z$5,$R$6:$Z$6,"NOT_FOUND",0) -> 0.617
B21: 3 | C21: 60 | D21: 150 | E21: 60 | F21: 6 | G21: =C21+D21+E21 -> 270 | J21: =+I21*H21+G21 -> 270 | K21: =+ROUND(D18/600,0)+1 -> 22 | L21: 2 | M21: =J21*K21*L21/1000 -> 11.88 | N21: =_xlfn.XLOOKUP(F21,$R$5:$Z$5,$R$6:$Z$6,"NOT_FOUND",0) -> 0.222
B22: 4 | C22: 150 | D22: 300 | F22: 10 | G22: =C22+D22+E22 -> 450 | J22: =+I22*H22+G22 -> 450 | K22: =+K21 -> 22 | L22: 1 | M22: =J22*K22*L22/1000 -> 9.9 | N22: =_xlfn.XLOOKUP(F22,$R$5:$Z$5,$R$6:$Z$6,"NOT_FOUND",0) -> 0.617 | P22: khoan cắm
A23: Thép Vách VC8- (Trục B21-B22) | C23: L= | D23: 6480 | E23: mm
B24: 1 | C24: 150 | D24: 1350 | E24: 150 | F24: 10 | G24: =C24+D24+E24 -> 1650 | J24: =+I24*H24+G24 -> 1650 | K24: =+ROUND(D23/200,0)+1 -> 33 | L24: 2 | M24: =J24*K24*L24/1000 -> 108.9 | N24: =_xlfn.XLOOKUP(F24,$R$5:$Z$5,$R$6:$Z$6,"NOT_FOUND",0) -> 0.617 | O24: =M24*N24 -> 67.1913
B25: 2 | D25: =D23-60 -> 6420 | F25: 10 | G25: =C25+D25+E25 -> 6420 | H25: =ROUNDUP((D23/11.7/1000),0)-1 -> 0 | I25: =45*F25 -> 450 | J25: =+I25*H25+G25 -> 6420 | K25: 8 | L25: 2 | M25: =J25*K25*L25/1000 -> 102.72 | N25: =_xlfn.XLOOKUP(F25,$R$5:$Z$5,$R$6:$Z$6,"NOT_FOUND",0) -> 0.617 | O25: =M25*N25 -> 63.37824
B26: 3 | C26: 60 | D26: 150 | E26: 60 | F26: 6 | G26: =C26+D26+E26 -> 270 | J26: =+I26*H26+G26 -> 270 | K26: =+ROUND(D23/600,0)+1 -> 12 | L26: 2 | M26: =J26*K26*L26/1000 -> 6.48 | N26: =_xlfn.XLOOKUP(F26,$R$5:$Z$5,$R$6:$Z$6,"NOT_FOUND",0) -> 0.222 | O26: =M26*N26 -> 1.43856
B27: 4 | C27: 150 | D27: 300 | F27: 10 | G27: =C27+D27+E27 -> 450 | J27: =+I27*H27+G27 -> 450 | K27: =+K26 -> 12 | L27: 1 | M27: =J27*K27*L27/1000 -> 5.4 | N27: =_xlfn.XLOOKUP(F27,$R$5:$Z$5,$R$6:$Z$6,"NOT_FOUND",0) -> 0.617 | O27: =M27*N27 -> 3.3318 | P27: khoan cắm
A28: Thép Vách VC8- (Trục B14-B21) | C28: L= | D28: 60490 | E28: mm
B29: 1 | C29: 150 | D29: 1350 | E29: 150 | F29: 10 | G29: =C29+D29+E29 -> 1650 | J29: =+I29*H29+G29 -> 1650 | K29: =+ROUND(D28/200,0)+1 -> 303 | L29: 2 | M29: =J29*K29*L29/1000 -> 999.9 | N29: =_xlfn.XLOOKUP(F29,$R$5:$Z$5,$R$6:$Z$6,"NOT_FOUND",0) -> 0.617 | O29: =M29*N29 -> 616.9383
B30: 2 | D30: =D28-60 -> 60430 | F30: 10 | G30: =C30+D30+E30 -> 60430 | H30: =ROUNDUP((D28/11.7/1000),0)-1 -> 5 | I30: =45*F30 -> 450 | J30: =+I30*H30+G30 -> 62680 | K30: 8 | L30: 2 | M30: =J30*K30*L30/1000 -> 1002.88 | N30: =_xlfn.XLOOKUP(F30,$R$5:$Z$5,$R$6:$Z$6,"NOT_FOUND",0) -> 0.617 | O30: =M30*N30 -> 618.77696
B31: 3 | C31: 60 | D31: 150 | E31: 60 | F31: 6 | G31: =C31+D31+E31 -> 270 | J31: =+I31*H31+G31 -> 270 | K31: =+ROUND(D28/600,0)+1 -> 102 | L31: 2 | M31: =J31*K31*L31/1000 -> 55.08 | N31: =_xlfn.XLOOKUP(F31,$R$5:$Z$5,$R$6:$Z$6,"NOT_FOUND",0) -> 0.222 | O31: =M31*N31 -> 12.22776
B32: 4 | C32: 150 | D32: 300 | F32: 10 | G32: =C32+D32+E32 -> 450 | J32: =+I32*H32+G32 -> 450 | K32: =+K31 -> 102 | L32: 1 | M32: =J32*K32*L32/1000 -> 45.9 | N32: =_xlfn.XLOOKUP(F32,$R$5:$Z$5,$R$6:$Z$6,"NOT_FOUND",0) -> 0.617 | O32: =M32*N32 -> 28.3203 | P32: khoan cắm
A33: Thép Vách VC8- (Trục B6-B13) | C33: L= | D33: 66130 | E33: mm
B34: 1 | C34: 150 | D34: 1350 | E34: 150 | F34: 10 | G34: =C34+D34+E34 -> 1650 | J34: =+I34*H34+G34 -> 1650 | K34: =+ROUND(D33/200,0)+1 -> 332 | L34: 2 | M34: =J34*K34*L34/1000 -> 1095.6 | N34: =_xlfn.XLOOKUP(F34,$R$5:$Z$5,$R$6:$Z$6,"NOT_FOUND",0) -> 0.617 | O34: =M34*N34 -> 675.9852
B35: 2 | D35: =D33+800 -> 66930 | F35: 10 | G35: =C35+D35+E35 -> 66930 | H35: =ROUNDUP((D33/11.7/1000),0)-1 -> 5 | I35: =45*F35 -> 450 | J35: =+I35*H35+G35 -> 69180 | K35: 8 | L35: 2 | M35: =J35*K35*L35/1000 -> 1106.88 | N35: =_xlfn.XLOOKUP(F35,$R$5:$Z$5,$R$6:$Z$6,"NOT_FOUND",0) -> 0.617 | O35: =M35*N35 -> 682.94496
B36: 3 | C36: 60 | D36: 150 | E36: 60 | F36: 6 | G36: =C36+D36+E36 -> 270 | J36: =+I36*H36+G36 -> 270 | K36: =+ROUND(D33/600,0)+1 -> 111 | L36: 2 | M36: =J36*K36*L36/1000 -> 59.94 | N36: =_xlfn.XLOOKUP(F36,$R$5:$Z$5,$R$6:$Z$6,"NOT_FOUND",0) -> 0.222 | O36: =M36*N36 -> 13.30668
B37: 4 | C37: 150 | D37: 300 | F37: 10 | G37: =C37+D37+E37 -> 450 | J37: =+I37*H37+G37 -> 450 | K37: =+K36 -> 111 | L37: 1 | M37: =J37*K37*L37/1000 -> 49.95 | N37: =_xlfn.XLOOKUP(F37,$R$5:$Z$5,$R$6:$Z$6,"NOT_FOUND",0) -> 0.617 | O37: =M37*N37 -> 30.81915 | P37: khoan cắm
A38: Vách trục B11-B16
A39: Thép Vách VC3.8 | C39: L= | D39: 10950 | E39: mm
B40: 1 | C40: 150 | D40: 550 | E40: 150 | F40: 10 | G40: =C40+D40+E40 -> 850 | J40: =+I40*H40+G40 -> 850 | K40: =+ROUND(D39/200,0)+1 -> 56 | L40: 2 | M40: =J40*K40*L40/1000 -> 95.2 | N40: =_xlfn.XLOOKUP(F40,$R$5:$Z$5,$R$6:$Z$6,"NOT_FOUND",0) -> 0.617 | O40: =M40*N40 -> 58.7384
B41: 2 | D41: =D39+175*2 -> 11300 | F41: 10 | G41: =C41+D41+E41 -> 11300 | H41: =ROUNDUP((D39/11.7/1000),0)-1 -> 0 | I41: =45*F41 -> 450 | J41: =+I41*H41+G41 -> 11300 | K41: 4 | L41: 2 | M41: =J41*K41*L41/1000 -> 90.4 | N41: =_xlfn.XLOOKUP(F41,$R$5:$Z$5,$R$6:$Z$6,"NOT_FOUND",0) -> 0.617 | O41: =M41*N41 -> 55.7768
B42: 3 | C42: 60 | D42: 150 | E42: 60 | F42: 6 | G42: =C42+D42+E42 -> 270 | J42: =+I42*H42+G42 -> 270 | K42: =+ROUND(D39/600,0)+1 -> 19 | L42: 1 | M42: =J42*K42*L42/1000 -> 5.13 | N42: =_xlfn.XLOOKUP(F42,$R$5:$Z$5,$R$6:$Z$6,"NOT_FOUND",0) -> 0.222 | O42: =M42*N42 -> 1.13886
B43: 4 | C43: 150 | D43: 300 | F43: 10 | G43: =C43+D43+E43 -> 450 | J43: =+I43*H43+G43 -> 450 | K43: =+K42 -> 19 | L43: 1 | M43: =J43*K43*L43/1000 -> 8.55 | N43: =_xlfn.XLOOKUP(F43,$R$5:$Z$5,$R$6:$Z$6,"NOT_FOUND",0) -> 0.617 | O43: =M43*N43 -> 5.27535 | P43: khoan cắm
A44: Thép Vách VC3.9 | C44: L= | D44: 6450 | E44: mm
B45: 1 | C45: 150 | D45: 550 | E45: 150 | F45: 10 | G45: =C45+D45+E45 -> 850 | J45: =+I45*H45+G45 -> 850 | K45: =+ROUND(D44/200,0)+1 -> 33 | L45: 2 | M45: =J45*K45*L45/1000 -> 56.1 | N45: =_xlfn.XLOOKUP(F45,$R$5:$Z$5,$R$6:$Z$6,"NOT_FOUND",0) -> 0.617 | O45: =M45*N45 -> 34.6137
B46: 2 | D46: =D44+225*2 -> 6900 | F46: 10 | G46: =C46+D46+E46 -> 6900 | H46: =ROUNDUP((D44/11.7/1000),0)-1 -> 0 | I46: =45*F46 -> 450 | J46: =+I46*H46+G46 -> 6900 | K46: 4 | L46: 2 | M46: =J46*K46*L46/1000 -> 55.2 | N46: =_xlfn.XLOOKUP(F46,$R$5:$Z$5,$R$6:$Z$6,"NOT_FOUND",0) -> 0.617 | O46: =M46*N46 -> 34.0584
B47: 3 | C47: 60 | D47: 150 | E47: 60 | F47: 6 | G47: =C47+D47+E47 -> 270 | J47: =+I47*H47+G47 -> 270 | K47: =+ROUND(D44/600,0)+1 -> 12 | L47: 1 | M47: =J47*K47*L47/1000 -> 3.24 | N47: =_xlfn.XLOOKUP(F47,$R$5:$Z$5,$R$6:$Z$6,"NOT_FOUND",0) -> 0.222 | O47: =M47*N47 -> 0.71928
B48: 4 | C48: 150 | D48: 300 | F48: 10 | G48: =C48+D48+E48 -> 450 | J48: =+I48*H48+G48 -> 450 | K48: =+K47 -> 12 | L48: 1 | M48: =J48*K48*L48/1000 -> 5.4 | N48: =_xlfn.XLOOKUP(F48,$R$5:$Z$5,$R$6:$Z$6,"NOT_FOUND",0) -> 0.617 | O48: =M48*N48 -> 3.3318 | P48: khoan cắm
A49: Thép Vách VC3.10 | C49: L= | D49: 4550 | E49: mm
B50: 1 | C50: 150 | D50: 550 | E50: 150 | F50: 10 | G50: =C50+D50+E50 -> 850 | J50: =+I50*H50+G50 -> 850 | K50: =+ROUND(D49/200,0)+1 -> 24 | L50: 2 | M50: =J50*K50*L50/1000 -> 40.8 | N50: =_xlfn.XLOOKUP(F50,$R$5:$Z$5,$R$6:$Z$6,"NOT_FOUND",0) -> 0.617 | O50: =M50*N50 -> 25.1736
B51: 2 | D51: =D49+175*2 -> 4900 | F51: 10 | G51: =C51+D51+E51 -> 4900 | H51: =ROUNDUP((D49/11.7/1000),0)-1 -> 0 | I51: =45*F51 -> 450 | J51: =+I51*H51+G51 -> 4900 | K51: 4 | L51: 2 | M51: =J51*K51*L51/1000 -> 39.2 | N51: =_xlfn.XLOOKUP(F51,$R$5:$Z$5,$R$6:$Z$6,"NOT_FOUND",0) -> 0.617 | O51: =M51*N51 -> 24.1864
B52: 3 | C52: 60 | D52: 150 | E52: 60 | F52: 6 | G52: =C52+D52+E52 -> 270 | J52: =+I52*H52+G52 -> 270 | K52: =+ROUND(D49/600,0)+1 -> 9 | L52: 1 | M52: =J52*K52*L52/1000 -> 2.43 | N52: =_xlfn.XLOOKUP(F52,$R$5:$Z$5,$R$6:$Z$6,"NOT_FOUND",0) -> 0.222 | O52: =M52*N52 -> 0.53946
B53: 4 | C53: 150 | D53: 300 | F53: 10 | G53: =C53+D53+E53 -> 450 | J53: =+I53*H53+G53 -> 450 | K53: =+K52 -> 9 | L53: 1 | M53: =J53*K53*L53/1000 -> 4.05 | N53: =_xlfn.XLOOKUP(F53,$R$5:$Z$5,$R$6:$Z$6,"NOT_FOUND",0) -> 0.617 | O53: =M53*N53 -> 2.49885 | P53: khoan cắm
A54: Thép Vách VC3.11 | C54: L= | D54: 690 | E54: mm
B55: 1 | C55: 150 | D55: 550 | E55: 150 | F55: 10 | G55: =C55+D55+E55 -> 850 | J55: =+I55*H55+G55 -> 850 | K55: =+ROUND(D54/200,0)+1 -> 4 | L55: 4 | M55: =J55*K55*L55/1000 -> 13.6 | N55: =_xlfn.XLOOKUP(F55,$R$5:$Z$5,$R$6:$Z$6,"NOT_FOUND",0) -> 0.617 | O55: =M55*N55 -> 8.3912
B56: 2 | D56: =D54-50 -> 640 | F56: 10 | G56: =C56+D56+E56 -> 640 | H56: =ROUNDUP((D54/11.7/1000),0)-1 -> 0 | I56: =45*F56 -> 450 | J56: =+I56*H56+G56 -> 640 | K56: 4 | L56: 4 | M56: =J56*K56*L56/1000 -> 10.24 | N56: =_xlfn.XLOOKUP(F56,$R$5:$Z$5,$R$6:$Z$6,"NOT_FOUND",0) -> 0.617 | O56: =M56*N56 -> 6.31808
B57: 3 | C57: 60 | D57: 150 | E57: 60 | F57: 6 | G57: =C57+D57+E57 -> 270 | J57: =+I57*H57+G57 -> 270 | K57: =+ROUND(D54/600,0)+1 -> 2 | L57: 2 | M57: =J57*K57*L57/1000 -> 1.08 | N57: =_xlfn.XLOOKUP(F57,$R$5:$Z$5,$R$6:$Z$6,"NOT_FOUND",0) -> 0.222 | O57: =M57*N57 -> 0.23976
B58: 4 | C58: 150 | D58: 300 | F58: 10 | G58: =C58+D58+E58 -> 450 | J58: =+I58*H58+G58 -> 450 | K58: =+K57 -> 2 | L58: 2 | M58: =J58*K58*L58/1000 -> 1.8 | N58: =_xlfn.XLOOKUP(F58,$R$5:$Z$5,$R$6:$Z$6,"NOT_FOUND",0) -> 0.617 | O58: =M58*N58 -> 1.1106 | P58: khoan cắm
A59: Thép Vách VC3.12 | C59: L= | D59: 4330 | E59: mm
B60: 1 | C60: 150 | D60: 550 | E60: 150 | F60: 10 | G60: =C60+D60+E60 -> 850 | J60: =+I60*H60+G60 -> 850 | K60: =+ROUND(D59/200,0)+1 -> 23 | L60: 2 | M60: =J60*K60*L60/1000 -> 39.1 | N60: =_xlfn.XLOOKUP(F60,$R$5:$Z$5,$R$6:$Z$6,"NOT_FOUND",0) -> 0.617 | O60: =M60*N60 -> 24.1247
B61: 2 | D61: =D59+175*2 -> 4680 | F61: 10 | G61: =C61+D61+E61 -> 4680 | H61: =ROUNDUP((D59/11.7/1000),0)-1 -> 0 | I61: =45*F61 -> 450 | J61: =+I61*H61+G61 -> 4680 | K61: 4 | L61: 2 | M61: =J61*K61*L61/1000 -> 37.44 | N61: =_xlfn.XLOOKUP(F61,$R$5:$Z$5,$R$6:$Z$6,"NOT_FOUND",0) -> 0.617 | O61: =M61*N61 -> 23.10048
B62: 3 | C62: 60 | D62: 150 | E62: 60 | F62: 6 | G62: =C62+D62+E62 -> 270 | J62: =+I62*H62+G62 -> 270 | K62: =+ROUND(D59/600,0)+1 -> 8 | L62: 1 | M62: =J62*K62*L62/1000 -> 2.16 | N62: =_xlfn.XLOOKUP(F62,$R$5:$Z$5,$R$6:$Z$6,"NOT_FOUND",0) -> 0.222 | O62: =M62*N62 -> 0.47952
B63: 4 | C63: 150 | D63: 300 | F63: 10 | G63: =C63+D63+E63 -> 450 | J63: =+I63*H63+G63 -> 450 | K63: =+K62 -> 8 | L63: 1 | M63: =J63*K63*L63/1000 -> 3.6 | N63: =_xlfn.XLOOKUP(F63,$R$5:$Z$5,$R$6:$Z$6,"NOT_FOUND",0) -> 0.617 | O63: =M63*N63 -> 2.2212 | P63: khoan cắm
A64: Thép Vách VC3.13 | C64: L= | D64: 6950 | E64: mm
B65: 1 | C65: 150 | D65: 550 | E65: 150 | F65: 10 | G65: =C65+D65+E65 -> 850 | J65: =+I65*H65+G65 -> 850 | K65: =+ROUND(D64/200,0)+1 -> 36 | L65: 2 | M65: =J65*K65*L65/1000 -> 61.2 | N65: =_xlfn.XLOOKUP(F65,$R$5:$Z$5,$R$6:$Z$6,"NOT_FOUND",0) -> 0.617 | O65: =M65*N65 -> 37.7604
B66: 2 | D66: =D64+225*2 -> 7400 | F66: 10 | G66: =C66+D66+E66 -> 7400 | H66: =ROUNDUP((D64/11.7/1000),0)-1 -> 0 | I66: =45*F66 -> 450 | J66: =+I66*H66+G66 -> 7400 | K66: 4 | L66: 2 | M66: =J66*K66*L66/1000 -> 59.2 | N66: =_xlfn.XLOOKUP(F66,$R$5:$Z$5,$R$6:$Z$6,"NOT_FOUND",0) -> 0.617 | O66: =M66*N66 -> 36.5264
B67: 3 | C67: 60 | D67: 150 | E67: 60 | F67: 6 | G67: =C67+D67+E67 -> 270 | J67: =+I67*H67+G67 -> 270 | K67: =+ROUND(D64/600,0)+1 -> 13 | L67: 1 | M67: =J67*K67*L67/1000 -> 3.51 | N67: =_xlfn.XLOOKUP(F67,$R$5:$Z$5,$R$6:$Z$6,"NOT_FOUND",0) -> 0.222 | O67: =M67*N67 -> 0.77922
B68: 4 | C68: 150 | D68: 300 | F68: 10 | G68: =C68+D68+E68 -> 450 | J68: =+I68*H68+G68 -> 450 | K68: =+K67 -> 13 | L68: 1 | M68: =J68*K68*L68/1000 -> 5.85 | N68: =_xlfn.XLOOKUP(F68,$R$5:$Z$5,$R$6:$Z$6,"NOT_FOUND",0) -> 0.617 | O68: =M68*N68 -> 3.60945 | P68: khoan cắm
A69: Thép Vách VC3.14 | C69: L= | D69: 9245 | E69: mm
B70: 1 | C70: 150 | D70: 550 | E70: 150 | F70: 10 | G70: =C70+D70+E70 -> 850 | J70: =+I70*H70+G70 -> 850 | K70: =+ROUND(D69/200,0)+1 -> 47 | L70: 2 | M70: =J70*K70*L70/1000 -> 79.9 | N70: =_xlfn.XLOOKUP(F70,$R$5:$Z$5,$R$6:$Z$6,"NOT_FOUND",0) -> 0.617 | O70: =M70*N70 -> 49.2983
B71: 2 | D71: =D69+175*2 -> 9595 | F71: 10 | G71: =C71+D71+E71 -> 9595 | H71: =ROUNDUP((D69/11.7/1000),0)-1 -> 0 | I71: =45*F71 -> 450 | J71: =+I71*H71+G71 -> 9595 | K71: 4 | L71: 2 | M71: =J71*K71*L71/1000 -> 76.76 | N71: =_xlfn.XLOOKUP(F71,$R$5:$Z$5,$R$6:$Z$6,"NOT_FOUND",0) -> 0.617 | O71: =M71*N71 -> 47.36092
B72: 3 | C72: 60 | D72: 150 | E72: 60 | F72: 6 | G72: =C72+D72+E72 -> 270 | J72: =+I72*H72+G72 -> 270 | K72: =+ROUND(D69/600,0)+1 -> 16 | L72: 1 | M72: =J72*K72*L72/1000 -> 4.32 | N72: =_xlfn.XLOOKUP(F72,$R$5:$Z$5,$R$6:$Z$6,"NOT_FOUND",0) -> 0.222 | O72: =M72*N72 -> 0.95904
B73: 4 | C73: 150 | D73: 300 | F73: 10 | G73: =C73+D73+E73 -> 450 | J73: =+I73*H73+G73 -> 450 | K73: =+K72 -> 16 | L73: 1 | M73: =J73*K73*L73/1000 -> 7.2 | N73: =_xlfn.XLOOKUP(F73,$R$5:$Z$5,$R$6:$Z$6,"NOT_FOUND",0) -> 0.617 | O73: =M73*N73 -> 4.4424 | P73: khoan cắm
A74: Thép Vách VC3.15 | C74: L= | D74: =+(5500+5200)/2 -> 5350 | E74: mm
B75: 1 | C75: 150 | D75: 550 | E75: 150 | F75: 10 | G75: =C75+D75+E75 -> 850 | J75: =+I75*H75+G75 -> 850 | K75: =+ROUND(D74/200,0)+1 -> 28 | L75: 2 | M75: =J75*K75*L75/1000 -> 47.6 | N75: =_xlfn.XLOOKUP(F75,$R$5:$Z$5,$R$6:$Z$6,"NOT_FOUND",0) -> 0.617 | O75: =M75*N75 -> 29.3692
B76: 2 | D76: =D74+175+225 -> 5750 | F76: 10 | G76: =C76+D76+E76 -> 5750 | H76: =ROUNDUP((D74/11.7/1000),0)-1 -> 0 | I76: =45*F76 -> 450 | J76: =+I76*H76+G76 -> 5750 | K76: 4 | L76: 2 | M76: =J76*K76*L76/1000 -> 46 | N76: =_xlfn.XLOOKUP(F76,$R$5:$Z$5,$R$6:$Z$6,"NOT_FOUND",0) -> 0.617 | O76: =M76*N76 -> 28.382
B77: 3 | C77: 60 | D77: 150 | E77: 60 | F77: 6 | G77: =C77+D77+E77 -> 270 | J77: =+I77*H77+G77 -> 270 | K77: =+ROUND(D74/600,0)+1 -> 10 | L77: 1 | M77: =J77*K77*L77/1000 -> 2.7 | N77: =_xlfn.XLOOKUP(F77,$R$5:$Z$5,$R$6:$Z$6,"NOT_FOUND",0) -> 0.222 | O77: =M77*N77 -> 0.5994
B78: 4 | C78: 150 | D78: 300 | F78: 10 | G78: =C78+D78+E78 -> 450 | J78: =+I78*H78+G78 -> 450 | K78: =+K77 -> 10 | L78: 1 | M78: =J78*K78*L78/1000 -> 4.5 | N78: =_xlfn.XLOOKUP(F78,$R$5:$Z$5,$R$6:$Z$6,"NOT_FOUND",0) -> 0.617 | O78: =M78*N78 -> 2.7765 | P78: khoan cắm
A79: Thép Vách VC3.16 | C79: L= | D79: =+(5535+4775)/2 -> 5155 | E79: mm
B80: 1 | C80: 150 | D80: 550 | E80: 150 | F80: 10 | G80: =C80+D80+E80 -> 850 | J80: =+I80*H80+G80 -> 850 | K80: =+ROUND(D79/200,0)+1 -> 27 | L80: 2 | M80: =J80*K80*L80/1000 -> 45.9 | N80: =_xlfn.XLOOKUP(F80,$R$5:$Z$5,$R$6:$Z$6,"NOT_FOUND",0) -> 0.617 | O80: =M80*N80 -> 28.3203
B81: 2 | D81: =D79+175+225 -> 5555 | F81: 10 | G81: =C81+D81+E81 -> 5555 | H81: =ROUNDUP((D79/11.7/1000),0)-1 -> 0 | I81: =45*F81 -> 450 | J81: =+I81*H81+G81 -> 5555 | K81: 4 | L81: 2 | M81: =J81*K81*L81/1000 -> 44.44 | N81: =_xlfn.XLOOKUP(F81,$R$5:$Z$5,$R$6:$Z$6,"NOT_FOUND",0) -> 0.617 | O81: =M81*N81 -> 27.41948
B82: 3 | C82: 60 | D82: 150 | E82: 60 | F82: 6 | G82: =C82+D82+E82 -> 270 | J82: =+I82*H82+G82 -> 270 | K82: =+ROUND(D79/600,0)+1 -> 10 | L82: 1 | M82: =J82*K82*L82/1000 -> 2.7 | N82: =_xlfn.XLOOKUP(F82,$R$5:$Z$5,$R$6:$Z$6,"NOT_FOUND",0) -> 0.222 | O82: =M82*N82 -> 0.5994
B83: 4 | C83: 150 | D83: 300 | F83: 10 | G83: =C83+D83+E83 -> 450 | J83: =+I83*H83+G83 -> 450 | K83: =+K82 -> 10 | L83: 1 | M83: =J83*K83*L83/1000 -> 4.5 | N83: =_xlfn.XLOOKUP(F83,$R$5:$Z$5,$R$6:$Z$6,"NOT_FOUND",0) -> 0.617 | O83: =M83*N83 -> 2.7765 | P83: khoan cắm
A84: Vách trục bể PKT 06 trục B12-B16
A85: Thép PKT | B85: 1 | C85: 150 | D85: 1340 | E85: 150 | F85: 10 | G85: =C85+D85+E85 -> 1640 | J85: =+I85*H85+G85 -> 1640 | K85: =+ROUND(11400/200,0)+1 -> 58 | L85: 2 | M85: =J85*K85*L85/1000 -> 190.24 | N85: =_xlfn.XLOOKUP(F85,$R$5:$Z$5,$R$6:$Z$6,"NOT_FOUND",0) -> 0.617 | O85: =M85*N85 -> 117.37808 | P85: L=11400
B86: 2 | D86: 12040 | F86: 10 | G86: =C86+D86+E86 -> 12040 | H86: =ROUNDUP((D86/11.7/1000),0)-1 -> 1 | I86: =40*F86 -> 400 | J86: =+I86*H86+G86 -> 12440 | K86: 8 | L86: 1 | M86: =J86*K86*L86/1000 -> 99.52 | N86: =_xlfn.XLOOKUP(F86,$R$5:$Z$5,$R$6:$Z$6,"NOT_FOUND",0) -> 0.617 | O86: =M86*N86 -> 61.40384
B87: 2 | D87: 10760 | F87: 10 | G87: =C87+D87+E87 -> 10760 | H87: =ROUNDUP((D87/11.7/1000),0)-1 -> 0 | I87: =40*F87 -> 400 | J87: =+I87*H87+G87 -> 10760 | K87: 8 | L87: 1 | M87: =J87*K87*L87/1000 -> 86.08 | N87: =_xlfn.XLOOKUP(F87,$R$5:$Z$5,$R$6:$Z$6,"NOT_FOUND",0) -> 0.617 | O87: =M87*N87 -> 53.11136
B88: 3 | C88: 60 | D88: 150 | E88: 60 | F88: 6 | G88: =C88+D88+E88 -> 270 | J88: =+I88*H88+G88 -> 270 | K88: =+ROUND(D87/600,0)+1 -> 19 | L88: 2 | M88: =J88*K88*L88/1000 -> 10.26 | N88: =_xlfn.XLOOKUP(F88,$R$5:$Z$5,$R$6:$Z$6,"NOT_FOUND",0) -> 0.222 | O88: =M88*N88 -> 2.27772
B89: 4 | C89: 150 | D89: 300 | F89: 10 | G89: =C89+D89+E89 -> 450 | J89: =+I89*H89+G89 -> 450 | K89: =+K88 -> 19 | L89: 1 | M89: =J89*K89*L89/1000 -> 8.55 | N89: =_xlfn.XLOOKUP(F89,$R$5:$Z$5,$R$6:$Z$6,"NOT_FOUND",0) -> 0.617 | O89: =M89*N89 -> 5.27535 | P89: khoan cắm | Q89: =7330+200*5 -> 8330
B90: 9 | C90: 270 | D90: 150 | E90: 270 | F90: 10 | G90: =C90+D90+E90 -> 690 | J90: =+I90*H90+G90 -> 690 | K90: =+ROUND(1640/200,0)+1 -> 9 | L90: 1 | M90: =J90*K90*L90/1000 -> 6.21 | N90: =_xlfn.XLOOKUP(F90,$R$5:$Z$5,$R$6:$Z$6,"NOT_FOUND",0) -> 0.617 | O90: =M90*N90 -> 3.83157
B91: 10 | D91: 1960 | F91: 10 | G91: =C91+D91+E91 -> 1960 | J91: =+I91*H91+G91 -> 1960 | K91: 3 | L91: 1 | M91: =J91*K91*L91/1000 -> 5.88 | N91: =_xlfn.XLOOKUP(F91,$R$5:$Z$5,$R$6:$Z$6,"NOT_FOUND",0) -> 0.617 | O91: =M91*N91 -> 3.62796
B92: 10 | D92: 1640 | F92: 10 | G92: =C92+D92+E92 -> 1640 | J92: =+I92*H92+G92 -> 1640 | K92: 3 | L92: 1 | M92: =J92*K92*L92/1000 -> 4.92 | N92: =_xlfn.XLOOKUP(F92,$R$5:$Z$5,$R$6:$Z$6,"NOT_FOUND",0) -> 0.617 | O92: =M92*N92 -> 3.03564
A93: Vách trục B21-B24
A94: Thép Vách VC3.6 | C94: L= | D94: 7930 | E94: mm | P94: sửa shop
B95: 1 | C95: 150 | D95: 1350 | E95: 150 | F95: 10 | G95: =C95+D95+E95 -> 1650 | J95: =+I95*H95+G95 -> 1650 | K95: =+ROUND(D94/200,0)+1 -> 41 | L95: 2 | M95: =J95*K95*L95/1000 -> 135.3 | N95: =_xlfn.XLOOKUP(F95,$R$5:$Z$5,$R$6:$Z$6,"NOT_FOUND",0) -> 0.617 | O95: =M95*N95 -> 83.4801
B96: 2 | D96: 8915 | F96: 10 | G96: =C96+D96+E96 -> 8915 | H96: =ROUNDUP((D94/11.7/1000),0)-1 -> 0 | I96: =45*F96 -> 450 | J96: =+I96*H96+G96 -> 8915 | K96: 8 | L96: 2 | M96: =J96*K96*L96/1000 -> 142.64 | N96: =_xlfn.XLOOKUP(F96,$R$5:$Z$5,$R$6:$Z$6,"NOT_FOUND",0) -> 0.617 | O96: =M96*N96 -> 88.00888
B97: 3 | C97: 60 | D97: 150 | E97: 60 | F97: 6 | G97: =C97+D97+E97 -> 270 | J97: =+I97*H97+G97 -> 270 | K97: =+ROUND(D94/600,0)+1 -> 14 | L97: 3 | M97: =J97*K97*L97/1000 -> 11.34 | N97: =_xlfn.XLOOKUP(F97,$R$5:$Z$5,$R$6:$Z$6,"NOT_FOUND",0) -> 0.222 | O97: =M97*N97 -> 2.51748
B98: 4 | C98: 150 | D98: 300 | F98: 10 | G98: =C98+D98+E98 -> 450 | J98: =+I98*H98+G98 -> 450 | K98: =+K97 -> 14 | L98: 1 | M98: =J98*K98*L98/1000 -> 6.3 | N98: =_xlfn.XLOOKUP(F98,$R$5:$Z$5,$R$6:$Z$6,"NOT_FOUND",0) -> 0.617 | O98: =M98*N98 -> 3.8871 | P98: khoan cắm | Q98: =7330+200*5 -> 8330
A99: Thép Vách VC3.7 | C99: L= | D99: 8645 | E99: mm | P99: sửa shop | Q99: =8250+200*4 -> 9050
B100: 1 | C100: 150 | D100: 1350 | E100: 150 | F100: 10 | G100: =C100+D100+E100 -> 1650 | J100: =+I100*H100+G100 -> 1650 | K100: =+ROUND(D99/200,0)+1 -> 44 | L100: 2 | M100: =J100*K100*L100/1000 -> 145.2 | N100: =_xlfn.XLOOKUP(F100,$R$5:$Z$5,$R$6:$Z$6,"NOT_FOUND",0) -> 0.617 | O100: =M100*N100 -> 89.5884
B101: 2 | D101: 9250 | F101: 10 | G101: =C101+D101+E101 -> 9250 | H101: =ROUNDUP((D99/11.7/1000),0)-1 -> 0 | I101: =45*F101 -> 450 | J101: =+I101*H101+G101 -> 9250 | K101: 8 | L101: 2 | M101: =J101*K101*L101/1000 -> 148 | N101: =_xlfn.XLOOKUP(F101,$R$5:$Z$5,$R$6:$Z$6,"NOT_FOUND",0) -> 0.617 | O101: =M101*N101 -> 91.316
...

Sheet thép sàn bồn cây
A1: BẢNG KHỐI LƯỢNG CỐT THÉP SÀN BỒN CÂY
A2: Công trình: Chung cư cao tầng kết hợp dịch vụ thương mại và nhà ở Thấp tầng Sunshine Crystal River
A3: Hạng mục: Thi công kết cấu, chống thấm cảnh quan ngoài nhà - Khu vực nhà cao tầng
A5: Cấu kiện | B5: Số hiệu thép | C5: Hình dạng, kích thước | F5: Đ/K (mm) | G5: Chiều dài/ 1 thanh (mm) | H5: Số lượng thanh nối /thanh mỏ | I5: Chiều dài thanh nối | J5: Chiều dài 1 thanh (mm) | K5: Số thanh/1 KC | L5: Số lượng cấu kiện | M5: Tổng chiều dài (m) | N5: Trọng lượng (kg/1m) | O5: Khối lượng (kg) | P5: Ghi chú | R5: 6 | S5: 8 | T5: 10 | U5: 12 | V5: 14 | W5: 16 | X5: 18 | Y5: 20 | Z5: 22
R6: 0.222 | S6: 0.395 | T6: 0.617 | U6: 0.888 | V6: 1.21 | W6: 1.58 | X6: 2 | Y6: 2.47 | Z6: 2.98
A7: (1) | B7: (2) | C7: (3) | F7: (4) | G7: (5) | K7: (6) | L7: (7) | M7: (8) | N7: (9) | O7: (10) | P7: (11)
A8: I SÀN COS -0,65
A9: I.1 THÉP SÀN LỚP DƯỚI
A10: Thép Sàn cos -0,65 lớp dưới phương X Phân đoạn 1 ( Trục B6-B11) | B10: 1 | D10: 87901 | F10: 10 | G10: =C10+D10+E10 -> 87901 | H10: 0 | I10: =45*F10 -> 450 | J10: =+I10*H10+G10 -> 87901 | K10: 1 | L10: 1 | M10: =J10*K10*L10/1000 -> 87.901 | N10: =_xlfn.XLOOKUP(F10,$R$5:$Z$5,$R$6:$Z$6,"NOT_FOUND",0) -> 0.617 | O10: =M10*N10 -> 54.234917 | R10: =359561/92+500 -> 4408.2717 | S10: 92 | T10: 0.617 | U10: =+R10*S10*T10/1000 -> 250.23114
B11: 2 | D11: 52321 | F11: 10 | G11: =C11+D11+E11 -> 52321 | I11: =45*F11 -> 450 | J11: =+I11*H11+G11 -> 52321 | K11: 1 | L11: 1 | M11: =J11*K11*L11/1000 -> 52.321 | N11: =_xlfn.XLOOKUP(F11,$R$5:$Z$5,$R$6:$Z$6,"NOT_FOUND",0) -> 0.617 | O11: =M11*N11 -> 32.282057
B12: 3 | D12: 52320 | F12: 10 | G12: =C12+D12+E12 -> 52320 | I12: =45*F12 -> 450 | J12: =+I12*H12+G12 -> 52320 | K12: 1 | L12: 1 | M12: =J12*K12*L12/1000 -> 52.32 | N12: =_xlfn.XLOOKUP(F12,$R$5:$Z$5,$R$6:$Z$6,"NOT_FOUND",0) -> 0.617 | O12: =M12*N12 -> 32.28144
B13: 4 | D13: 52320 | F13: 10 | G13: =C13+D13+E13 -> 52320 | I13: =45*F13 -> 450 | J13: =+I13*H13+G13 -> 52320 | K13: 1 | L13: 1 | M13: =J13*K13*L13/1000 -> 52.32 | N13: =_xlfn.XLOOKUP(F13,$R$5:$Z$5,$R$6:$Z$6,"NOT_FOUND",0) -> 0.617 | O13: =M13*N13 -> 32.28144
B14: 5 | D14: 47960 | F14: 10 | G14: =C14+D14+E14 -> 47960 | I14: =45*F14 -> 450 | J14: =+I14*H14+G14 -> 47960 | K14: 1 | L14: 1 | M14: =J14*K14*L14/1000 -> 47.96 | N14: =_xlfn.XLOOKUP(F14,$R$5:$Z$5,$R$6:$Z$6,"NOT_FOUND",0) -> 0.617 | O14: =M14*N14 -> 29.59132
B15: 6 | D15: 50368 | F15: 10 | G15: =C15+D15+E15 -> 50368 | I15: =45*F15 -> 450 | J15: =+I15*H15+G15 -> 50368 | K15: 1 | L15: 1 | M15: =J15*K15*L15/1000 -> 50.368 | N15: =_xlfn.XLOOKUP(F15,$R$5:$Z$5,$R$6:$Z$6,"NOT_FOUND",0) -> 0.617 | O15: =M15*N15 -> 31.077056
B16: 7 | D16: 66697 | F16: 10 | G16: =C16+D16+E16 -> 66697 | I16: =45*F16 -> 450 | J16: =+I16*H16+G16 -> 66697 | K16: 1 | L16: 1 | M16: =J16*K16*L16/1000 -> 66.697 | N16: =_xlfn.XLOOKUP(F16,$R$5:$Z$5,$R$6:$Z$6,"NOT_FOUND",0) -> 0.617 | O16: =M16*N16 -> 41.152049
A17: Thép Sàn cos -0,65 lớp dưới phương X Phân đoạn 1 ( Trục B16-B21) | B17: 9 | D17: 90712 | F17: 10 | G17: =C17+D17+E17 -> 90712 | I17: =45*F17 -> 450 | J17: =+I17*H17+G17 -> 90712 | K17: 1 | L17: 1 | M17: =J17*K17*L17/1000 -> 90.712 | N17: =_xlfn.XLOOKUP(F17,$R$5:$Z$5,$R$6:$Z$6,"NOT_FOUND",0) -> 0.617 | O17: =M17*N17 -> 55.969304
B18: 10 | D18: 55975 | F18: 10 | G18: =C18+D18+E18 -> 55975 | I18: =45*F18 -> 450 | J18: =+I18*H18+G18 -> 55975 | K18: 1 | L18: 1 | M18: =J18*K18*L18/1000 -> 55.975 | N18: =_xlfn.XLOOKUP(F18,$R$5:$Z$5,$R$6:$Z$6,"NOT_FOUND",0) -> 0.617 | O18: =M18*N18 -> 34.536575
B19: 11 | D19: 67367 | F19: 10 | G19: =C19+D19+E19 -> 67367 | I19: =45*F19 -> 450 | J19: =+I19*H19+G19 -> 67367 | K19: 1 | L19: 1 | M19: =J19*K19*L19/1000 -> 67.367 | N19: =_xlfn.XLOOKUP(F19,$R$5:$Z$5,$R$6:$Z$6,"NOT_FOUND",0) -> 0.617 | O19: =M19*N19 -> 41.565439
B20: 12 | D20: 78480 | F20: 10 | G20: =C20+D20+E20 -> 78480 | I20: =45*F20 -> 450 | J20: =+I20*H20+G20 -> 78480 | K20: 1 | L20: 1 | M20: =J20*K20*L20/1000 -> 78.48 | N20: =_xlfn.XLOOKUP(F20,$R$5:$Z$5,$R$6:$Z$6,"NOT_FOUND",0) -> 0.617 | O20: =M20*N20 -> 48.42216
B21: 13 | D21: 78480 | F21: 10 | G21: =C21+D21+E21 -> 78480 | I21: =45*F21 -> 450 | J21: =+I21*H21+G21 -> 78480 | K21: 1 | L21: 1 | M21: =J21*K21*L21/1000 -> 78.48 | N21: =_xlfn.XLOOKUP(F21,$R$5:$Z$5,$R$6:$Z$6,"NOT_FOUND",0) -> 0.617 | O21: =M21*N21 -> 48.42216
B22: 14 | D22: 78480 | F22: 10 | G22: =C22+D22+E22 -> 78480 | I22: =45*F22 -> 450 | J22: =+I22*H22+G22 -> 78480 | K22: 1 | L22: 1 | M22: =J22*K22*L22/1000 -> 78.48 | N22: =_xlfn.XLOOKUP(F22,$R$5:$Z$5,$R$6:$Z$6,"NOT_FOUND",0) -> 0.617 | O22: =M22*N22 -> 48.42216
B23: 15 | D23: 99232 | F23: 10 | G23: =C23+D23+E23 -> 99232 | I23: =45*F23 -> 450 | J23: =+I23*H23+G23 -> 99232 | K23: 1 | L23: 1 | M23: =J23*K23*L23/1000 -> 99.232 | N23: =_xlfn.XLOOKUP(F23,$R$5:$Z$5,$R$6:$Z$6,"NOT_FOUND",0) -> 0.617 | O23: =M23*N23 -> 61.226144
A24: Thép Sàn cos -0,65 lớp dưới phương X Phân đoạn 1 ( Trục B24-B30) | B24: 16 | D24: 47950 | F24: 10 | G24: =C24+D24+E24 -> 47950 | I24: =45*F24 -> 450 | J24: =+I24*H24+G24 -> 47950 | K24: 1 | L24: 1 | M24: =J24*K24*L24/1000 -> 47.95 | N24: =_xlfn.XLOOKUP(F24,$R$5:$Z$5,$R$6:$Z$6,"NOT_FOUND",0) -> 0.617 | O24: =M24*N24 -> 29.58515
B25: 17 | D25: 61598 | F25: 10 | G25: =C25+D25+E25 -> 61598 | I25: =45*F25 -> 450 | J25: =+I25*H25+G25 -> 61598 | K25: 1 | L25: 1 | M25: =J25*K25*L25/1000 -> 61.598 | N25: =_xlfn.XLOOKUP(F25,$R$5:$Z$5,$R$6:$Z$6,"NOT_FOUND",0) -> 0.617 | O25: =M25*N25 -> 38.005966
B26: 18 | D26: 72650 | F26: 10 | G26: =C26+D26+E26 -> 72650 | I26: =45*F26 -> 450 | J26: =+I26*H26+G26 -> 72650 | K26: 1 | L26: 1 | M26: =J26*K26*L26/1000 -> 72.65 | N26: =_xlfn.XLOOKUP(F26,$R$5:$Z$5,$R$6:$Z$6,"NOT_FOUND",0) -> 0.617 | O26: =M26*N26 -> 44.82505
B27: 19 | D27: 61270 | F27: 10 | G27: =C27+D27+E27 -> 61270 | I27: =45*F27 -> 450 | J27: =+I27*H27+G27 -> 61270 | K27: 1 | L27: 1 | M27: =J27*K27*L27/1000 -> 61.27 | N27: =_xlfn.XLOOKUP(F27,$R$5:$Z$5,$R$6:$Z$6,"NOT_FOUND",0) -> 0.617 | O27: =M27*N27 -> 37.80359
B28: 20 | D28: 57398 | F28: 10 | G28: =C28+D28+E28 -> 57398 | I28: =45*F28 -> 450 | J28: =+I28*H28+G28 -> 57398 | K28: 1 | L28: 1 | M28: =J28*K28*L28/1000 -> 57.398 | N28: =_xlfn.XLOOKUP(F28,$R$5:$Z$5,$R$6:$Z$6,"NOT_FOUND",0) -> 0.617 | O28: =M28*N28 -> 35.414566
B29: 21 | D29: 94688 | F29: 10 | G29: =C29+D29+E29 -> 94688 | H29: 7 | I29: =45*F29 -> 450 | J29: =+I29*H29+G29 -> 97838 | K29: 1 | L29: 1 | M29: =J29*K29*L29/1000 -> 97.838 | N29: =_xlfn.XLOOKUP(F29,$R$5:$Z$5,$R$6:$Z$6,"NOT_FOUND",0) -> 0.617 | O29: =M29*N29 -> 60.366046
B30: 22 | D30: 42560 | F30: 10 | G30: =C30+D30+E30 -> 42560 | I30: =45*F30 -> 450 | J30: =+I30*H30+G30 -> 42560 | K30: 1 | L30: 1 | M30: =J30*K30*L30/1000 -> 42.56 | N30: =_xlfn.XLOOKUP(F30,$R$5:$Z$5,$R$6:$Z$6,"NOT_FOUND",0) -> 0.617 | O30: =M30*N30 -> 26.25952
B31: 23 | D31: 47637 | F31: 10 | G31: =C31+D31+E31 -> 47637 | I31: =45*F31 -> 450 | J31: =+I31*H31+G31 -> 47637 | K31: 1 | L31: 1 | M31: =J31*K31*L31/1000 -> 47.637 | N31: =_xlfn.XLOOKUP(F31,$R$5:$Z$5,$R$6:$Z$6,"NOT_FOUND",0) -> 0.617 | O31: =M31*N31 -> 29.392029
A32: Thép Sàn cos -0,65 lớp dưới phương X Phân đoạn 1 ( Trục B34-B38) | B32: 24 | D32: 52320 | F32: 10 | G32: =C32+D32+E32 -> 52320 | I32: =45*F32 -> 450 | J32: =+I32*H32+G32 -> 52320 | K32: 1 | L32: 1 | M32: =J32*K32*L32/1000 -> 52.32 | N32: =_xlfn.XLOOKUP(F32,$R$5:$Z$5,$R$6:$Z$6,"NOT_FOUND",0) -> 0.617 | O32: =M32*N32 -> 32.28144
B33: 25 | D33: 56680 | F33: 10 | G33: =C33+D33+E33 -> 56680 | I33: =45*F33 -> 450 | J33: =+I33*H33+G33 -> 56680 | K33: 1 | L33: 1 | M33: =J33*K33*L33/1000 -> 56.68 | N33: =_xlfn.XLOOKUP(F33,$R$5:$Z$5,$R$6:$Z$6,"NOT_FOUND",0) -> 0.617 | O33: =M33*N33 -> 34.97156
B34: 26 | D34: 56680 | F34: 10 | G34: =C34+D34+E34 -> 56680 | I34: =45*F34 -> 450 | J34: =+I34*H34+G34 -> 56680 | K34: 1 | L34: 1 | M34: =J34*K34*L34/1000 -> 56.68 | N34: =_xlfn.XLOOKUP(F34,$R$5:$Z$5,$R$6:$Z$6,"NOT_FOUND",0) -> 0.617 | O34: =M34*N34 -> 34.97156
B35: 27 | D35: 56680 | F35: 10 | G35: =C35+D35+E35 -> 56680 | I35: =45*F35 -> 450 | J35: =+I35*H35+G35 -> 56680 | K35: 1 | L35: 1 | M35: =J35*K35*L35/1000 -> 56.68 | N35: =_xlfn.XLOOKUP(F35,$R$5:$Z$5,$R$6:$Z$6,"NOT_FOUND",0) -> 0.617 | O35: =M35*N35 -> 34.97156
B36: 28 | D36: 61040 | F36: 10 | G36: =C36+D36+E36 -> 61040 | I36: =45*F36 -> 450 | J36: =+I36*H36+G36 -> 61040 | K36: 1 | L36: 1 | M36: =J36*K36*L36/1000 -> 61.04 | N36: =_xlfn.XLOOKUP(F36,$R$5:$Z$5,$R$6:$Z$6,"NOT_FOUND",0) -> 0.617 | O36: =M36*N36 -> 37.66168
B37: 29 | D37: 61043 | F37: 10 | G37: =C37+D37+E37 -> 61043 | I37: =45*F37 -> 450 | J37: =+I37*H37+G37 -> 61043 | K37: 1 | L37: 1 | M37: =J37*K37*L37/1000 -> 61.043 | N37: =_xlfn.XLOOKUP(F37,$R$5:$Z$5,$R$6:$Z$6,"NOT_FOUND",0) -> 0.617 | O37: =M37*N37 -> 37.663531
B38: 30 | D38: 42483 | F38: 10 | G38: =C38+D38+E38 -> 42483 | I38: =45*F38 -> 450 | J38: =+I38*H38+G38 -> 42483 | K38: 1 | L38: 1 | M38: =J38*K38*L38/1000 -> 42.483 | N38: =_xlfn.XLOOKUP(F38,$R$5:$Z$5,$R$6:$Z$6,"NOT_FOUND",0) -> 0.617 | O38: =M38*N38 -> 26.212011
A39: Thép Sàn cos -0,65 lớp dưới phương Y Phân đoạn 1 ( Trục B6-B11) | B39: 1a | D39: 51990 | F39: 10 | G39: =C39+D39+E39 -> 51990 | I39: =45*F39 -> 450 | J39: =+I39*H39+G39 -> 51990 | K39: 1 | L39: 1 | M39: =J39*K39*L39/1000 -> 51.99 | N39: =_xlfn.XLOOKUP(F39,$R$5:$Z$5,$R$6:$Z$6,"NOT_FOUND",0) -> 0.617 | O39: =M39*N39 -> 32.07783
B40: 2a | D40: 59383 | F40: 10 | G40: =C40+D40+E40 -> 59383 | I40: =45*F40 -> 450 | J40: =+I40*H40+G40 -> 59383 | K40: 1 | L40: 1 | M40: =J40*K40*L40/1000 -> 59.383 | N40: =_xlfn.XLOOKUP(F40,$R$5:$Z$5,$R$6:$Z$6,"NOT_FOUND",0) -> 0.617 | O40: =M40*N40 -> 36.639311
B41: 3a | D41: 71185 | F41: 10 | G41: =C41+D41+E41 -> 71185 | I41: =45*F41 -> 450 | J41: =+I41*H41+G41 -> 71185 | K41: 1 | L41: 1 | M41: =J41*K41*L41/1000 -> 71.185 | N41: =_xlfn.XLOOKUP(F41,$R$5:$Z$5,$R$6:$Z$6,"NOT_FOUND",0) -> 0.617 | O41: =M41*N41 -> 43.921145
B42: 4a | D42: 69680 | F42: 10 | G42: =C42+D42+E42 -> 69680 | I42: =45*F42 -> 450 | J42: =+I42*H42+G42 -> 69680 | K42: 1 | L42: 1 | M42: =J42*K42*L42/1000 -> 69.68 | N42: =_xlfn.XLOOKUP(F42,$R$5:$Z$5,$R$6:$Z$6,"NOT_FOUND",0) -> 0.617 | O42: =M42*N42 -> 42.99256
B43: 5a | D43: 67950 | F43: 10 | G43: =C43+D43+E43 -> 67950 | I43: =45*F43 -> 450 | J43: =+I43*H43+G43 -> 67950 | K43: 1 | L43: 1 | M43: =J43*K43*L43/1000 -> 67.95 | N43: =_xlfn.XLOOKUP(F43,$R$5:$Z$5,$R$6:$Z$6,"NOT_FOUND",0) -> 0.617 | O43: =M43*N43 -> 41.92515
B44: 6a | D44: 66377 | F44: 10 | G44: =C44+D44+E44 -> 66377 | I44: =45*F44 -> 450 | J44: =+I44*H44+G44 -> 66377 | K44: 1 | L44: 1 | M44: =J44*K44*L44/1000 -> 66.377 | N44: =_xlfn.XLOOKUP(F44,$R$5:$Z$5,$R$6:$Z$6,"NOT_FOUND",0) -> 0.617 | O44: =M44*N44 -> 40.954609
B45: 7a | D45: 67300 | F45: 10 | G45: =C45+D45+E45 -> 67300 | I45: =45*F45 -> 450 | J45: =+I45*H45+G45 -> 67300 | K45: 1 | L45: 1 | M45: =J45*K45*L45/1000 -> 67.3 | N45: =_xlfn.XLOOKUP(F45,$R$5:$Z$5,$R$6:$Z$6,"NOT_FOUND",0) -> 0.617 | O45: =M45*N45 -> 41.5241
B46: 8a | D46: 81991 | F46: 10 | G46: =C46+D46+E46 -> 81991 | I46: =45*F46 -> 450 | J46: =+I46*H46+G46 -> 81991 | K46: 1 | L46: 1 | M46: =J46*K46*L46/1000 -> 81.991 | N46: =_xlfn.XLOOKUP(F46,$R$5:$Z$5,$R$6:$Z$6,"NOT_FOUND",0) -> 0.617 | O46: =M46*N46 -> 50.588447
A47: Thép Sàn cos -0,65 lớp dưới phương Y Phân đoạn 1 ( Trục B16-B21) | B47: 9a | D47: 104486 | F47: 10 | G47: =C47+D47+E47 -> 104486 | I47: =45*F47 -> 450 | J47: =+I47*H47+G47 -> 104486 | K47: 1 | L47: 1 | M47: =J47*K47*L47/1000 -> 104.486 | N47: =_xlfn.XLOOKUP(F47,$R$5:$Z$5,$R$6:$Z$6,"NOT_FOUND",0) -> 0.617 | O47: =M47*N47 -> 64.467862
B48: 10a | D48: 72172 | F48: 10 | G48: =C48+D48+E48 -> 72172 | I48: =45*F48 -> 450 | J48: =+I48*H48+G48 -> 72172 | K48: 1 | L48: 1 | M48: =J48*K48*L48/1000 -> 72.172 | N48: =_xlfn.XLOOKUP(F48,$R$5:$Z$5,$R$6:$Z$6,"NOT_FOUND",0) -> 0.617 | O48: =M48*N48 -> 44.530124
B49: 11a | D49: 80021 | F49: 10 | G49: =C49+D49+E49 -> 80021 | I49: =45*F49 -> 450 | J49: =+I49*H49+G49 -> 80021 | K49: 1 | L49: 1 | M49: =J49*K49*L49/1000 -> 80.021 | N49: =_xlfn.XLOOKUP(F49,$R$5:$Z$5,$R$6:$Z$6,"NOT_FOUND",0) -> 0.617 | O49: =M49*N49 -> 49.372957
B50: 12a | D50: 93690 | F50: 10 | G50: =C50+D50+E50 -> 93690 | I50: =45*F50 -> 450 | J50: =+I50*H50+G50 -> 93690 | K50: 1 | L50: 1 | M50: =J50*K50*L50/1000 -> 93.69 | N50: =_xlfn.XLOOKUP(F50,$R$5:$Z$5,$R$6:$Z$6,"NOT_FOUND",0) -> 0.617 | O50: =M50*N50 -> 57.80673
B51: 13a | D51: 94150 | F51: 10 | G51: =C51+D51+E51 -> 94150 | I51: =45*F51 -> 450 | J51: =+I51*H51+G51 -> 94150 | K51: 1 | L51: 1 | M51: =J51*K51*L51/1000 -> 94.15 | N51: =_xlfn.XLOOKUP(F51,$R$5:$Z$5,$R$6:$Z$6,"NOT_FOUND",0) -> 0.617 | O51: =M51*N51 -> 58.09055
B52: 14a | D52: 94021 | F52: 10 | G52: =C52+D52+E52 -> 94021 | I52: =45*F52 -> 450 | J52: =+I52*H52+G52 -> 94021 | K52: 1 | L52: 1 | M52: =J52*K52*L52/1000 -> 94.021 | N52: =_xlfn.XLOOKUP(F52,$R$5:$Z$5,$R$6:$Z$6,"NOT_FOUND",0) -> 0.617 | O52: =M52*N52 -> 58.010957
B53: 15a | D53: 130958 | F53: 10 | G53: =C53+D53+E53 -> 130958 | I53: =45*F53 -> 450 | J53: =+I53*H53+G53 -> 130958 | K53: 1 | L53: 1 | M53: =J53*K53*L53/1000 -> 130.958 | N53: =_xlfn.XLOOKUP(F53,$R$5:$Z$5,$R$6:$Z$6,"NOT_FOUND",0) -> 0.617 | O53: =M53*N53 -> 80.801086
A54: Thép Sàn cos -0,65 lớp dưới phương Y Phân đoạn 1 ( Trục B24-B30) | B54: 16a | D54: 63630 | F54: 10 | G54: =C54+D54+E54 -> 63630 | I54: =45*F54 -> 450 | J54: =+I54*H54+G54 -> 63630 | K54: 1 | L54: 1 | M54: =J54*K54*L54/1000 -> 63.63 | N54: =_xlfn.XLOOKUP(F54,$R$5:$Z$5,$R$6:$Z$6,"NOT_FOUND",0) -> 0.617 | O54: =M54*N54 -> 39.25971
B55: 17a | D55: 76817 | F55: 10 | G55: =C55+D55+E55 -> 76817 | I55: =45*F55 -> 450 | J55: =+I55*H55+G55 -> 76817 | K55: 1 | L55: 1 | M55: =J55*K55*L55/1000 -> 76.817 | N55: =_xlfn.XLOOKUP(F55,$R$5:$Z$5,$R$6:$Z$6,"NOT_FOUND",0) -> 0.617 | O55: =M55*N55 -> 47.396089
B56: 18a | D56: 87491 | F56: 10 | G56: =C56+D56+E56 -> 87491 | I56: =45*F56 -> 450 | J56: =+I56*H56+G56 -> 87491 | K56: 1 | L56: 1 | M56: =J56*K56*L56/1000 -> 87.491 | N56: =_xlfn.XLOOKUP(F56,$R$5:$Z$5,$R$6:$Z$6,"NOT_FOUND",0) -> 0.617 | O56: =M56*N56 -> 53.981947
B57: 19a | D57: 68130 | F57: 10 | G57: =C57+D57+E57 -> 68130 | I57: =45*F57 -> 450 | J57: =+I57*H57+G57 -> 68130 | K57: 1 | L57: 1 | M57: =J57*K57*L57/1000 -> 68.13 | N57: =_xlfn.XLOOKUP(F57,$R$5:$Z$5,$R$6:$Z$6,"NOT_FOUND",0) -> 0.617 | O57: =M57*N57 -> 42.03621
B58: 20a | D58: 212131 | F58: 10 | G58: =C58+D58+E58 -> 212131 | I58: =45*F58 -> 450 | J58: =+I58*H58+G58 -> 212131 | K58: 1 | L58: 1 | M58: =J58*K58*L58/1000 -> 212.131 | N58: =_xlfn.XLOOKUP(F58,$R$5:$Z$5,$R$6:$Z$6,"NOT_FOUND",0) -> 0.617 | O58: =M58*N58 -> 130.88483
B59: 21a | D59: 55341 | F59: 10 | G59: =C59+D59+E59 -> 55341 | I59: =45*F59 -> 450 | J59: =+I59*H59+G59 -> 55341 | K59: 1 | L59: 1 | M59: =J59*K59*L59/1000 -> 55.341 | N59: =_xlfn.XLOOKUP(F59,$R$5:$Z$5,$R$6:$Z$6,"NOT_FOUND",0) -> 0.617 | O59: =M59*N59 -> 34.145397
B60: 22a | D60: 59252 | F60: 10 | G60: =C60+D60+E60 -> 59252 | I60: =45*F60 -> 450 | J60: =+I60*H60+G60 -> 59252 | K60: 1 | L60: 1 | M60: =J60*K60*L60/1000 -> 59.252 | N60: =_xlfn.XLOOKUP(F60,$R$5:$Z$5,$R$6:$Z$6,"NOT_FOUND",0) -> 0.617 | O60: =M60*N60 -> 36.558484
A61: Thép Sàn cos -0,65 lớp dưới phương Y Phân đoạn 1 ( Trục B34-B38) | B61: 23a | D61: 71792 | F61: 10 | G61: =C61+D61+E61 -> 71792 | I61: =45*F61 -> 450 | J61: =+I61*H61+G61 -> 71792 | K61: 1 | L61: 1 | M61: =J61*K61*L61/1000 -> 71.792 | N61: =_xlfn.XLOOKUP(F61,$R$5:$Z$5,$R$6:$Z$6,"NOT_FOUND",0) -> 0.617 | O61: =M61*N61 -> 44.295664
B62: 24a | D62: 72100 | F62: 10 | G62: =C62+D62+E62 -> 72100 | I62: =45*F62 -> 450 | J62: =+I62*H62+G62 -> 72100 | K62: 1 | L62: 1 | M62: =J62*K62*L62/1000 -> 72.1 | N62: =_xlfn.XLOOKUP(F62,$R$5:$Z$5,$R$6:$Z$6,"NOT_FOUND",0) -> 0.617 | O62: =M62*N62 -> 44.4857
B63: 25a | D63: 73225 | F63: 10 | G63: =C63+D63+E63 -> 73225 | I63: =45*F63 -> 450 | J63: =+I63*H63+G63 -> 73225 | K63: 1 | L63: 1 | M63: =J63*K63*L63/1000 -> 73.225 | N63: =_xlfn.XLOOKUP(F63,$R$5:$Z$5,$R$6:$Z$6,"NOT_FOUND",0) -> 0.617 | O63: =M63*N63 -> 45.179825
B64: 26a | D64: 75396 | F64: 10 | G64: =C64+D64+E64 -> 75396 | I64: =45*F64 -> 450 | J64: =+I64*H64+G64 -> 75396 | K64: 1 | L64: 1 | M64: =J64*K64*L64/1000 -> 75.396 | N64: =_xlfn.XLOOKUP(F64,$R$5:$Z$5,$R$6:$Z$6,"NOT_FOUND",0) -> 0.617 | O64: =M64*N64 -> 46.519332
B65: 27a | D65: 77125 | F65: 10 | G65: =C65+D65+E65 -> 77125 | I65: =45*F65 -> 450 | J65: =+I65*H65+G65 -> 77125 | K65: 1 | L65: 1 | M65: =J65*K65*L65/1000 -> 77.125 | N65: =_xlfn.XLOOKUP(F65,$R$5:$Z$5,$R$6:$Z$6,"NOT_FOUND",0) -> 0.617 | O65: =M65*N65 -> 47.586125
B66: 28a | D66: 76346 | F66: 10 | G66: =C66+D66+E66 -> 76346 | I66: =45*F66 -> 450 | J66: =+I66*H66+G66 -> 76346 | K66: 1 | L66: 1 | M66: =J66*K66*L66/1000 -> 76.346 | N66: =_xlfn.XLOOKUP(F66,$R$5:$Z$5,$R$6:$Z$6,"NOT_FOUND",0) -> 0.617 | O66: =M66*N66 -> 47.105482
B67: 29a | D67: 49129 | F67: 10 | G67: =C67+D67+E67 -> 49129 | I67: =45*F67 -> 450 | J67: =+I67*H67+G67 -> 49129 | K67: 1 | L67: 1 | M67: =J67*K67*L67/1000 -> 49.129 | N67: =_xlfn.XLOOKUP(F67,$R$5:$Z$5,$R$6:$Z$6,"NOT_FOUND",0) -> 0.617 | O67: =M67*N67 -> 30.312593
A68: I.2 THÉP SÀN LỚP TRÊN
A69: Thép Sàn cos -0,65 lớp dưới phương X Phân đoạn 1 ( Trục B6-B11) | B69: 1 | D69: 82503 | F69: 10 | G69: =C69+D69+E69 -> 82503 | I69: =45*F69 -> 450 | J69: =+I69*H69+G69 -> 82503 | K69: 1 | L69: 1 | M69: =J69*K69*L69/1000 -> 82.503 | N69: =_xlfn.XLOOKUP(F69,$R$5:$Z$5,$R$6:$Z$6,"NOT_FOUND",0) -> 0.617 | O69: =M69*N69 -> 50.904351
B70: 2 | D70: 48720 | F70: 10 | G70: =C70+D70+E70 -> 48720 | I70: =45*F70 -> 450 | J70: =+I70*H70+G70 -> 48720 | K70: 1 | L70: 1 | M70: =J70*K70*L70/1000 -> 48.72 | N70: =_xlfn.XLOOKUP(F70,$R$5:$Z$5,$R$6:$Z$6,"NOT_FOUND",0) -> 0.617 | O70: =M70*N70 -> 30.06024
B71: 3 | D71: 48720 | F71: 10 | G71: =C71+D71+E71 -> 48720 | I71: =45*F71 -> 450 | J71: =+I71*H71+G71 -> 48720 | K71: 1 | L71: 1 | M71: =J71*K71*L71/1000 -> 48.72 | N71: =_xlfn.XLOOKUP(F71,$R$5:$Z$5,$R$6:$Z$6,"NOT_FOUND",0) -> 0.617 | O71: =M71*N71 -> 30.06024
B72: 4 | D72: 48720 | F72: 10 | G72: =C72+D72+E72 -> 48720 | I72: =45*F72 -> 450 | J72: =+I72*H72+G72 -> 48720 | K72: 1 | L72: 1 | M72: =J72*K72*L72/1000 -> 48.72 | N72: =_xlfn.XLOOKUP(F72,$R$5:$Z$5,$R$6:$Z$6,"NOT_FOUND",0) -> 0.617 | O72: =M72*N72 -> 30.06024
B73: 5 | D73: 44660 | F73: 10 | G73: =C73+D73+E73 -> 44660 | I73: =45*F73 -> 450 | J73: =+I73*H73+G73 -> 44660 | K73: 1 | L73: 1 | M73: =J73*K73*L73/1000 -> 44.66 | N73: =_xlfn.XLOOKUP(F73,$R$5:$Z$5,$R$6:$Z$6,"NOT_FOUND",0) -> 0.617 | O73: =M73*N73 -> 27.55522
B74: 6 | D74: 46770 | F74: 10 | G74: =C74+D74+E74 -> 46770 | I74: =45*F74 -> 450 | J74: =+I74*H74+G74 -> 46770 | K74: 1 | L74: 1 | M74: =J74*K74*L74/1000 -> 46.77 | N74: =_xlfn.XLOOKUP(F74,$R$5:$Z$5,$R$6:$Z$6,"NOT_FOUND",0) -> 0.617 | O74: =M74*N74 -> 28.85709
B75: 7 | D75: 61898 | F75: 10 | G75: =C75+D75+E75 -> 61898 | I75: =45*F75 -> 450 | J75: =+I75*H75+G75 -> 61898 | K75: 1 | L75: 1 | M75: =J75*K75*L75/1000 -> 61.898 | N75: =_xlfn.XLOOKUP(F75,$R$5:$Z$5,$R$6:$Z$6,"NOT_FOUND",0) -> 0.617 | O75: =M75*N75 -> 38.191066
A76: Thép Sàn cos -0,65 lớp dưới phương X Phân đoạn 1 ( Trục B16-B21) | B76: 9 | D76: 84088 | F76: 10 | G76: =C76+D76+E76 -> 84088 | I76: =45*F76 -> 450 | J76: =+I76*H76+G76 -> 84088 | K76: 1 | L76: 1 | M76: =J76*K76*L76/1000 -> 84.088 | N76: =_xlfn.XLOOKUP(F76,$R$5:$Z$5,$R$6:$Z$6,"NOT_FOUND",0) -> 0.617 | O76: =M76*N76 -> 51.882296
B77: 10 | D77: 52075 | F77: 10 | G77: =C77+D77+E77 -> 52075 | I77: =45*F77 -> 450 | J77: =+I77*H77+G77 -> 52075 | K77: 1 | L77: 1 | M77: =J77*K77*L77/1000 -> 52.075 | N77: =_xlfn.XLOOKUP(F77,$R$5:$Z$5,$R$6:$Z$6,"NOT_FOUND",0) -> 0.617 | O77: =M77*N77 -> 32.130275
B78: 11 | D78: 61967 | F78: 10 | G78: =C78+D78+E78 -> 61967 | I78: =45*F78 -> 450 | J78: =+I78*H78+G78 -> 61967 | K78: 1 | L78: 1 | M78: =J78*K78*L78/1000 -> 61.967 | N78: =_xlfn.XLOOKUP(F78,$R$5:$Z$5,$R$6:$Z$6,"NOT_FOUND",0) -> 0.617 | O78: =M78*N78 -> 38.233639
B79: 12 | D79: 73080 | F79: 10 | G79: =C79+D79+E79 -> 73080 | I79: =45*F79 -> 450 | J79: =+I79*H79+G79 -> 73080 | K79: 1 | L79: 1 | M79: =J79*K79*L79/1000 -> 73.08 | N79: =_xlfn.XLOOKUP(F79,$R$5:$Z$5,$R$6:$Z$6,"NOT_FOUND",0) -> 0.617 | O79: =M79*N79 -> 45.09036
B80: 13 | D80: 73080 | F80: 10 | G80: =C80+D80+E80 -> 73080 | I80: =45*F80 -> 450 | J80: =+I80*H80+G80 -> 73080 | K80: 1 | L80: 1 | M80: =J80*K80*L80/1000 -> 73.08 | N80: =_xlfn.XLOOKUP(F80,$R$5:$Z$5,$R$6:$Z$6,"NOT_FOUND",0) -> 0.617 | O80: =M80*N80 -> 45.09036
B81: 14 | D81: 73080 | F81: 10 | G81: =C81+D81+E81 -> 73080 | I81: =45*F81 -> 450 | J81: =+I81*H81+G81 -> 73080 | K81: 1 | L81: 1 | M81: =J81*K81*L81/1000 -> 73.08 | N81: =_xlfn.XLOOKUP(F81,$R$5:$Z$5,$R$6:$Z$6,"NOT_FOUND",0) -> 0.617 | O81: =M81*N81 -> 45.09036
B82: 15 | D82: 92930 | F82: 10 | G82: =C82+D82+E82 -> 92930 | I82: =45*F82 -> 450 | J82: =+I82*H82+G82 -> 92930 | K82: 1 | L82: 1 | M82: =J82*K82*L82/1000 -> 92.93 | N82: =_xlfn.XLOOKUP(F82,$R$5:$Z$5,$R$6:$Z$6,"NOT_FOUND",0) -> 0.617 | O82: =M82*N82 -> 57.33781
A83: Thép Sàn cos -0,65 lớp dưới phương X Phân đoạn 1 ( Trục B24-B30) | B83: 16 | D83: 44660 | F83: 10 | G83: =C83+D83+E83 -> 44660 | I83: =45*F83 -> 450 | J83: =+I83*H83+G83 -> 44660 | K83: 1 | L83: 1 | M83: =J83*K83*L83/1000 -> 44.66 | N83: =_xlfn.XLOOKUP(F83,$R$5:$Z$5,$R$6:$Z$6,"NOT_FOUND",0) -> 0.617 | O83: =M83*N83 -> 27.55522
B84: 17 | D84: 57100 | F84: 10 | G84: =C84+D84+E84 -> 57100 | I84: =45*F84 -> 450 | J84: =+I84*H84+G84 -> 57100 | K84: 1 | L84: 1 | M84: =J84*K84*L84/1000 -> 57.1 | N84: =_xlfn.XLOOKUP(F84,$R$5:$Z$5,$R$6:$Z$6,"NOT_FOUND",0) -> 0.617 | O84: =M84*N84 -> 35.2307
B85: 18 | D85: 67540 | F85: 10 | G85: =C85+D85+E85 -> 67540 | I85: =45*F85 -> 450 | J85: =+I85*H85+G85 -> 67540 | K85: 1 | L85: 1 | M85: =J85*K85*L85/1000 -> 67.54 | N85: =_xlfn.XLOOKUP(F85,$R$5:$Z$5,$R$6:$Z$6,"NOT_FOUND",0) -> 0.617 | O85: =M85*N85 -> 41.67218
B86: 19 | D86: 55870 | F86: 10 | G86: =C86+D86+E86 -> 55870 | I86: =45*F86 -> 450 | J86: =+I86*H86+G86 -> 55870 | K86: 1 | L86: 1 | M86: =J86*K86*L86/1000 -> 55.87 | N86: =_xlfn.XLOOKUP(F86,$R$5:$Z$5,$R$6:$Z$6,"NOT_FOUND",0) -> 0.617 | O86: =M86*N86 -> 34.47179
B87: 20 | D87: 52734 | F87: 10 | G87: =C87+D87+E87 -> 52734 | I87: =45*F87 -> 450 | J87: =+I87*H87+G87 -> 52734 | K87: 1 | L87: 1 | M87: =J87*K87*L87/1000 -> 52.734 | N87: =_xlfn.XLOOKUP(F87,$R$5:$Z$5,$R$6:$Z$6,"NOT_FOUND",0) -> 0.617 | O87: =M87*N87 -> 32.536878
B88: 21 | D88: 92588 | F88: 10 | G88: =C88+D88+E88 -> 92588 | H88: =ROUNDUP((G88/11.7/1000),0)-1 -> 7 | I88: =45*F88 -> 450 | J88: =+I88*H88+G88 -> 95738 | K88: 1 | L88: 1 | M88: =J88*K88*L88/1000 -> 95.738 | N88: =_xlfn.XLOOKUP(F88,$R$5:$Z$5,$R$6:$Z$6,"NOT_FOUND",0) -> 0.617 | O88: =M88*N88 -> 59.070346
B89: 22 | D89: 39147 | F89: 10 | G89: =C89+D89+E89 -> 39147 | I89: =45*F89 -> 450 | J89: =+I89*H89+G89 -> 39147 | K89: 1 | L89: 1 | M89: =J89*K89*L89/1000 -> 39.147 | N89: =_xlfn.XLOOKUP(F89,$R$5:$Z$5,$R$6:$Z$6,"NOT_FOUND",0) -> 0.617 | O89: =M89*N89 -> 24.153699
B90: 23 | D90: 43737 | F90: 10 | G90: =C90+D90+E90 -> 43737 | I90: =45*F90 -> 450 | J90: =+I90*H90+G90 -> 43737 | K90: 1 | L90: 1 | M90: =J90*K90*L90/1000 -> 43.737 | N90: =_xlfn.XLOOKUP(F90,$R$5:$Z$5,$R$6:$Z$6,"NOT_FOUND",0) -> 0.617 | O90: =M90*N90 -> 26.985729
A91: Thép Sàn cos -0,65 lớp dưới phương X Phân đoạn 1 ( Trục B34-B38) | B91: 24 | D91: 48722 | F91: 10 | G91: =C91+D91+E91 -> 48722 | I91: =45*F91 -> 450 | J91: =+I91*H91+G91 -> 48722 | K91: 1 | L91: 1 | M91: =J91*K91*L91/1000 -> 48.722 | N91: =_xlfn.XLOOKUP(F91,$R$5:$Z$5,$R$6:$Z$6,"NOT_FOUND",0) -> 0.617 | O91: =M91*N91 -> 30.061474
B92: 25 | D92: 52780 | F92: 10 | G92: =C92+D92+E92 -> 52780 | I92: =45*F92 -> 450 | J92: =+I92*H92+G92 -> 52780 | K92: 1 | L92: 1 | M92: =J92*K92*L92/1000 -> 52.78 | N92: =_xlfn.XLOOKUP(F92,$R$5:$Z$5,$R$6:$Z$6,"NOT_FOUND",0) -> 0.617 | O92: =M92*N92 -> 32.56526
B93: 26 | D93: 52780 | F93: 10 | G93: =C93+D93+E93 -> 52780 | I93: =45*F93 -> 450 | J93: =+I93*H93+G93 -> 52780 | K93: 1 | L93: 1 | M93: =J93*K93*L93/1000 -> 52.78 | N93: =_xlfn.XLOOKUP(F93,$R$5:$Z$5,$R$6:$Z$6,"NOT_FOUND",0) -> 0.617 | O93: =M93*N93 -> 32.56526
B94: 27 | D94: 52780 | F94: 10 | G94: =C94+D94+E94 -> 52780 | I94: =45*F94 -> 450 | J94: =+I94*H94+G94 -> 52780 | K94: 1 | L94: 1 | M94: =J94*K94*L94/1000 -> 52.78 | N94: =_xlfn.XLOOKUP(F94,$R$5:$Z$5,$R$6:$Z$6,"NOT_FOUND",0) -> 0.617 | O94: =M94*N94 -> 32.56526
B95: 28 | D95: 56841 | F95: 10 | G95: =C95+D95+E95 -> 56841 | I95: =45*F95 -> 450 | J95: =+I95*H95+G95 -> 56841 | K95: 1 | L95: 1 | M95: =J95*K95*L95/1000 -> 56.841 | N95: =_xlfn.XLOOKUP(F95,$R$5:$Z$5,$R$6:$Z$6,"NOT_FOUND",0) -> 0.617 | O95: =M95*N95 -> 35.070897
B96: 29 | D96: 56841 | F96: 10 | G96: =C96+D96+E96 -> 56841 | I96: =45*F96 -> 450 | J96: =+I96*H96+G96 -> 56841 | K96: 1 | L96: 1 | M96: =J96*K96*L96/1000 -> 56.841 | N96: =_xlfn.XLOOKUP(F96,$R$5:$Z$5,$R$6:$Z$6,"NOT_FOUND",0) -> 0.617 | O96: =M96*N96 -> 35.070897
B97: 30 | D97: 38582 | F97: 10 | G97: =C97+D97+E97 -> 38582 | I97: =45*F97 -> 450 | J97: =+I97*H97+G97 -> 38582 | K97: 1 | L97: 1 | M97: =J97*K97*L97/1000 -> 38.582 | N97: =_xlfn.XLOOKUP(F97,$R$5:$Z$5,$R$6:$Z$6,"NOT_FOUND",0) -> 0.617 | O97: =M97*N97 -> 23.805094
A98: Thép Sàn cos -0,65 lớp dưới phương Y Phân đoạn 1 ( Trục B6-B11) | B98: 1a | D98: 44462 | F98: 10 | G98: =C98+D98+E98 -> 44462 | I98: =45*F98 -> 450 | J98: =+I98*H98+G98 -> 44462 | K98: 1 | L98: 1 | M98: =J98*K98*L98/1000 -> 44.462 | N98: =_xlfn.XLOOKUP(F98,$R$5:$Z$5,$R$6:$Z$6,"NOT_FOUND",0) -> 0.617 | O98: =M98*N98 -> 27.433054
B99: 2a | D99: 52783 | F99: 10 | G99: =C99+D99+E99 -> 52783 | I99: =45*F99 -> 450 | J99: =+I99*H99+G99 -> 52783 | K99: 1 | L99: 1 | M99: =J99*K99*L99/1000 -> 52.783 | N99: =_xlfn.XLOOKUP(F99,$R$5:$Z$5,$R$6:$Z$6,"NOT_FOUND",0) -> 0.617 | O99: =M99*N99 -> 32.567111
B100: 3a | D100: 63085 | F100: 10 | G100: =C100+D100+E100 -> 63085 | I100: =45*F100 -> 450 | J100: =+I100*H100+G100 -> 63085 | K100: 1 | L100: 1 | M100: =J100*K100*L100/1000 -> 63.085 | N100: =_xlfn.XLOOKUP(F100,$R$5:$Z$5,$R$6:$Z$6,"NOT_FOUND",0) -> 0.617 | O100: =M100*N100 -> 38.923445
B101: 4a | D101: 61580 | F101: 10 | G101: =C101+D101+E101 -> 61580 | I101: =45*F101 -> 450 | J101: =+I101*H101+G101 -> 61580 | K101: 1 | L101: 1 | M101: =J101*K101*L101/1000 -> 61.58 | N101: =_xlfn.XLOOKUP(F101,$R$5:$Z$5,$R$6:$Z$6,"NOT_FOUND",0) -> 0.617 | O101: =M101*N101 -> 37.99486
...

Sheet thép dầm bể bơi
A1: BẢNG KHỐI LƯỢNG CỐT THÉP DẦM BỂ BƠI
A2: Công trình: Chung cư cao tầng kết hợp dịch vụ thương mại và nhà ở Thấp tầng Sunshine Crystal River
A3: Hạng mục: Thi công kết cấu, chống thấm cảnh quan ngoài nhà - Khu vực nhà cao tầng
A5: Cấu kiện | B5: Số hiệu thép | C5: Hình dạng, kích thước | F5: Đ/K (mm) | G5: Chiều dài/ 1 thanh (mm) | H5: Số mối nối | I5: Chiều dài mối nối (mm) | J5: Chiều dài 1 thanh (mm) | K5: Số thanh/1 KC | L5: Số lượng cấu kiện | M5: Tổng chiều dài (m) | N5: Trọng lượng (kg/1m) | O5: Khối lượng (kg) | P5: Ghi chú | R5: 6 | S5: 8 | T5: 10 | U5: 12 | V5: 14 | W5: 16 | X5: 18 | Y5: 20 | Z5: 22
R6: 0.222 | S6: 0.395 | T6: 0.617 | U6: 0.888 | V6: 1.21 | W6: 1.58 | X6: 2 | Y6: 2.47 | Z6: 2.98
A7: (1) | B7: (2) | C7: (3) | F7: (4) | G7: (5) | K7: (6) | L7: (7) | M7: (8) | N7: (9) | O7: (10) | P7: (12)
A8: Giằng chân tường xây trục B37-B38
A9: DẦM B1.1 30X29 | C9: L= | D9: 16905 | E9: mm
B10: 1.1 | C10: 250 | D10: 17305 | E10: =250 -> 250 | F10: 16 | G10: =C10+D10+E10 -> 17805 | H10: 2 | I10: 800 | J10: =G10+I10*H10 -> 19405 | K10: 2 | L10: 1 | M10: =J10*K10*L10/1000 -> 38.81 | N10: =_xlfn.XLOOKUP(F10,$R$5:$Z$5,$R$6:$Z$6,"NOT_FOUND",0) -> 1.58 | O10: =M10*N10 -> 61.3198
B11: 1.2 | C11: 250 | D11: 17305 | E11: =250 -> 250 | F11: 16 | G11: =C11+D11+E11 -> 17805 | H11: 1 | I11: 800 | J11: =G11+I11*H11 -> 18605 | K11: 1 | L11: 1 | M11: =J11*K11*L11/1000 -> 18.605 | N11: =_xlfn.XLOOKUP(F11,$R$5:$Z$5,$R$6:$Z$6,"NOT_FOUND",0) -> 1.58 | O11: =M11*N11 -> 29.3959
B12: 2.1 | C12: 260 | D12: 17345 | E12: 260 | F12: 16 | G12: =C12+D12+E12 -> 17865 | H12: 1 | I12: 640 | J12: =G12+I12*H12 -> 18505 | K12: 2 | L12: 1 | M12: =J12*K12*L12/1000 -> 37.01 | N12: =_xlfn.XLOOKUP(F12,$R$5:$Z$5,$R$6:$Z$6,"NOT_FOUND",0) -> 1.58 | O12: =M12*N12 -> 58.4758
B13: 2.2 | C13: 260 | D13: 17345 | E13: 260 | F13: 16 | G13: =C13+D13+E13 -> 17865 | H13: 1 | I13: 640 | J13: =G13+I13*H13 -> 18505 | K13: 1 | L13: 1 | M13: =J13*K13*L13/1000 -> 18.505 | N13: =_xlfn.XLOOKUP(F13,$R$5:$Z$5,$R$6:$Z$6,"NOT_FOUND",0) -> 1.58 | O13: =M13*N13 -> 29.2379
B14: 3 | C14: 240 | D14: 230 | E14: 100 | F14: 10 | G14: =(C14+D14+E14)*2 -> 1140 | H14: 0 | I14: =F14*45 -> 450 | J14: =G14+I14*H14 -> 1140 | K14: =+ROUND(D9/200,0)+1 -> 86 | L14: 1 | M14: =J14*K14*L14/1000 -> 98.04 | N14: =_xlfn.XLOOKUP(F14,$R$5:$Z$5,$R$6:$Z$6,"NOT_FOUND",0) -> 0.617 | O14: =M14*N14 -> 60.49068
B15: KC | C15: 200 | D15: 300 | F15: 12 | G15: =C15+D15 -> 500 | H15: 0 | I15: =F15*45 -> 540 | J15: =G15+I15*H15 -> 500 | K15: =+ROUND(D9/600,0)+1 -> 29 | L15: 1 | M15: =J15*K15*L15/1000 -> 14.5 | N15: =_xlfn.XLOOKUP(F15,$R$5:$Z$5,$R$6:$Z$6,"NOT_FOUND",0) -> 0.888 | O15: =M15*N15 -> 12.876 | P15: khoan cắm
A16: DẦM B1.2 30X29 | C16: L= | D16: 20490 | E16: mm
B17: 1.1 | C17: 200 | D17: 20890 | E17: 420 | F17: 16 | G17: =C17+D17+E17 -> 21510 | H17: 1 | I17: 800 | J17: =G17+I17*H17 -> 22310 | K17: 2 | L17: 1 | M17: =J17*K17*L17/1000 -> 44.62 | N17: =_xlfn.XLOOKUP(F17,$R$5:$Z$5,$R$6:$Z$6,"NOT_FOUND",0) -> 1.58 | O17: =M17*N17 -> 70.4996
B18: 1.1 | C18: 200 | D18: 20890 | E18: 420 | F18: 16 | G18: =C18+D18+E18 -> 21510 | H18: 1 | I18: 800 | J18: =G18+I18*H18 -> 22310 | K18: 1 | L18: 1 | M18: =J18*K18*L18/1000 -> 22.31 | N18: =_xlfn.XLOOKUP(F18,$R$5:$Z$5,$R$6:$Z$6,"NOT_FOUND",0) -> 1.58 | O18: =M18*N18 -> 35.2498
B19: 2.1 | C19: 260 | D19: 20930 | E19: 260 | F19: 16 | G19: =C19+D19+E19 -> 21450 | H19: 1 | I19: 640 | J19: =G19+I19*H19 -> 22090 | K19: 2 | L19: 1 | M19: =J19*K19*L19/1000 -> 44.18 | N19: =_xlfn.XLOOKUP(F19,$R$5:$Z$5,$R$6:$Z$6,"NOT_FOUND",0) -> 1.58 | O19: =M19*N19 -> 69.8044
B20: 2.1 | C20: 260 | D20: 20930 | E20: 260 | F20: 16 | G20: =C20+D20+E20 -> 21450 | H20: 1 | I20: 640 | J20: =G20+I20*H20 -> 22090 | K20: 1 | L20: 1 | M20: =J20*K20*L20/1000 -> 22.09 | N20: =_xlfn.XLOOKUP(F20,$R$5:$Z$5,$R$6:$Z$6,"NOT_FOUND",0) -> 1.58 | O20: =M20*N20 -> 34.9022
B21: 3 | C21: 240 | D21: 230 | E21: 100 | F21: 10 | G21: =(C21+D21+E21)*2 -> 1140 | H21: 0 | I21: =F21*45 -> 450 | J21: =G21+I21*H21 -> 1140 | K21: =+ROUND(D16/200,0)+1 -> 103 | L21: 1 | M21: =J21*K21*L21/1000 -> 117.42 | N21: =_xlfn.XLOOKUP(F21,$R$5:$Z$5,$R$6:$Z$6,"NOT_FOUND",0) -> 0.617 | O21: =M21*N21 -> 72.44814
B22: KC | C22: 200 | D22: 300 | F22: 12 | G22: =C22+D22 -> 500 | H22: 0 | I22: =F22*45 -> 540 | J22: =G22+I22*H22 -> 500 | K22: =+ROUND(D16/600,0)+1 -> 35 | L22: 1 | M22: =J22*K22*L22/1000 -> 17.5 | N22: =_xlfn.XLOOKUP(F22,$R$5:$Z$5,$R$6:$Z$6,"NOT_FOUND",0) -> 0.888 | O22: =M22*N22 -> 15.54 | P22: khoan cắm
A23: DẦM BC1.1 30X45 | C23: L= | D23: 33125 | E23: mm
B24: 1.1 | C24: 420 | D24: 33565 | E24: 420 | F24: 16 | G24: =C24+D24+E24 -> 34405 | H24: 3 | I24: =+F24*40 -> 640 | J24: =G24+I24*H24 -> 36325 | K24: 2 | L24: 1 | M24: =J24*K24*L24/1000 -> 72.65 | N24: =_xlfn.XLOOKUP(F24,$R$5:$Z$5,$R$6:$Z$6,"NOT_FOUND",0) -> 1.58 | O24: =M24*N24 -> 114.787
B25: 1.1 | C25: 420 | D25: =+D24 -> 33565 | E25: 420 | F25: 16 | G25: =C25+D25+E25 -> 34405 | H25: 3 | I25: =+F25*40 -> 640 | J25: =G25+I25*H25 -> 36325 | K25: 1 | L25: 1 | M25: =J25*K25*L25/1000 -> 36.325 | N25: =_xlfn.XLOOKUP(F25,$R$5:$Z$5,$R$6:$Z$6,"NOT_FOUND",0) -> 1.58 | O25: =M25*N25 -> 57.3935
B26: 2.1 | C26: 260 | D26: 33565 | E26: 260 | F26: 16 | G26: =C26+D26+E26 -> 34085 | H26: 3 | I26: =+F26*40 -> 640 | J26: =G26+I26*H26 -> 36005 | K26: 2 | L26: 1 | M26: =J26*K26*L26/1000 -> 72.01 | N26: =_xlfn.XLOOKUP(F26,$R$5:$Z$5,$R$6:$Z$6,"NOT_FOUND",0) -> 1.58 | O26: =M26*N26 -> 113.7758
B27: 2.1 | C27: 260 | D27: =+D26 -> 33565 | E27: 260 | F27: 16 | G27: =C27+D27+E27 -> 34085 | H27: 3 | I27: =+F27*40 -> 640 | J27: =G27+I27*H27 -> 36005 | K27: 1 | L27: 1 | M27: =J27*K27*L27/1000 -> 36.005 | N27: =_xlfn.XLOOKUP(F27,$R$5:$Z$5,$R$6:$Z$6,"NOT_FOUND",0) -> 1.58 | O27: =M27*N27 -> 56.8879
B28: 3 | C28: 240 | D28: 390 | E28: 100 | F28: 10 | G28: =(C28+D28+E28)*2 -> 1460 | H28: 0 | I28: =F28*45 -> 450 | J28: =G28+I28*H28 -> 1460 | K28: =+ROUND(D23/200,0)+1 -> 167 | L28: 1 | M28: =J28*K28*L28/1000 -> 243.82 | N28: =_xlfn.XLOOKUP(F28,$R$5:$Z$5,$R$6:$Z$6,"NOT_FOUND",0) -> 0.617 | O28: =M28*N28 -> 150.43694
B29: KC | C29: 200 | D29: 300 | F29: 12 | G29: =C29+D29 -> 500 | H29: 0 | I29: =F29*45 -> 540 | J29: =G29+I29*H29 -> 500 | K29: =+ROUND(D23/600,0)+1 -> 56 | L29: 1 | M29: =J29*K29*L29/1000 -> 28 | N29: =_xlfn.XLOOKUP(F29,$R$5:$Z$5,$R$6:$Z$6,"NOT_FOUND",0) -> 0.888 | O29: =M29*N29 -> 24.864 | P29: khoan cắm
A30: DẦM BC1.2 30X61 | C30: L= | D30: 23385 | E30: mm
B31: 1.1 | C31: 420 | D31: 23825 | E31: 420 | F31: 16 | G31: =C31+D31+E31 -> 24665 | H31: 1 | I31: =+F31*40 -> 640 | J31: =G31+I31*H31 -> 25305 | K31: 2 | L31: 1 | M31: =J31*K31*L31/1000 -> 50.61 | N31: =_xlfn.XLOOKUP(F31,$R$5:$Z$5,$R$6:$Z$6,"NOT_FOUND",0) -> 1.58 | O31: =M31*N31 -> 79.9638
B32: 1.1 | C32: 420 | D32: =+D31 -> 23825 | E32: 420 | F32: 16 | G32: =C32+D32+E32 -> 24665 | H32: 2 | I32: =+F32*40 -> 640 | J32: =G32+I32*H32 -> 25945 | K32: 1 | L32: 1 | M32: =J32*K32*L32/1000 -> 25.945 | N32: =_xlfn.XLOOKUP(F32,$R$5:$Z$5,$R$6:$Z$6,"NOT_FOUND",0) -> 1.58 | O32: =M32*N32 -> 40.9931
B33: 2.1 | C33: 260 | D33: 23825 | E33: 260 | F33: 16 | G33: =C33+D33+E33 -> 24345 | H33: 1 | I33: =+F33*40 -> 640 | J33: =G33+I33*H33 -> 24985 | K33: 2 | L33: 1 | M33: =J33*K33*L33/1000 -> 49.97 | N33: =_xlfn.XLOOKUP(F33,$R$5:$Z$5,$R$6:$Z$6,"NOT_FOUND",0) -> 1.58 | O33: =M33*N33 -> 78.9526
B34: 2.2 | C34: 260 | D34: =+D33 -> 23825 | E34: 260 | F34: 16 | G34: =C34+D34+E34 -> 24345 | H34: 2 | I34: =+F34*40 -> 640 | J34: =G34+I34*H34 -> 25625 | K34: 1 | L34: 1 | M34: =J34*K34*L34/1000 -> 25.625 | N34: =_xlfn.XLOOKUP(F34,$R$5:$Z$5,$R$6:$Z$6,"NOT_FOUND",0) -> 1.58 | O34: =M34*N34 -> 40.4875
B35: 3 | C35: 240 | D35: 550 | E35: 100 | F35: 10 | G35: =(C35+D35+E35)*2 -> 1780 | H35: 0 | I35: =F35*45 -> 450 | J35: =G35+I35*H35 -> 1780 | K35: =+ROUND(D30/200,0)+1 -> 118 | L35: 1 | M35: =J35*K35*L35/1000 -> 210.04 | N35: =_xlfn.XLOOKUP(F35,$R$5:$Z$5,$R$6:$Z$6,"NOT_FOUND",0) -> 0.617 | O35: =M35*N35 -> 129.59468
B36: KC | C36: 200 | D36: 300 | F36: 12 | G36: =C36+D36 -> 500 | H36: 0 | I36: =F36*45 -> 540 | J36: =G36+I36*H36 -> 500 | K36: =+ROUND(D30/600,0)+1 -> 40 | L36: 1 | M36: =J36*K36*L36/1000 -> 20 | N36: =_xlfn.XLOOKUP(F36,$R$5:$Z$5,$R$6:$Z$6,"NOT_FOUND",0) -> 0.888 | O36: =M36*N36 -> 17.76 | P36: khoan cắm
A37: DẦM B1.3 30X29 | C37: L= | D37: 6840 | E37: mm
B38: 1 | C38: 250 | D38: 7290 | E38: =250 -> 250 | F38: 16 | G38: =C38+D38+E38 -> 7790 | H38: 0 | I38: 800 | J38: =G38+I38*H38 -> 7790 | K38: 3 | L38: 1 | M38: =J38*K38*L38/1000 -> 23.37 | N38: =_xlfn.XLOOKUP(F38,$R$5:$Z$5,$R$6:$Z$6,"NOT_FOUND",0) -> 1.58 | O38: =M38*N38 -> 36.9246
B39: 2 | C39: 260 | D39: 7305 | E39: 230 | F39: 16 | G39: =C39+D39+E39 -> 7795 | H39: 0 | I39: 640 | J39: =G39+I39*H39 -> 7795 | K39: 3 | L39: 1 | M39: =J39*K39*L39/1000 -> 23.385 | N39: =_xlfn.XLOOKUP(F39,$R$5:$Z$5,$R$6:$Z$6,"NOT_FOUND",0) -> 1.58 | O39: =M39*N39 -> 36.9483
B40: 3 | C40: 240 | D40: 230 | E40: 100 | F40: 10 | G40: =(C40+D40+E40)*2 -> 1140 | H40: 0 | I40: =F40*45 -> 450 | J40: =G40+I40*H40 -> 1140 | K40: =+ROUND(D37/200,0)+1 -> 35 | L40: 1 | M40: =J40*K40*L40/1000 -> 39.9 | N40: =_xlfn.XLOOKUP(F40,$R$5:$Z$5,$R$6:$Z$6,"NOT_FOUND",0) -> 0.617 | O40: =M40*N40 -> 24.6183
B41: KC | C41: 200 | D41: 300 | F41: 12 | G41: =C41+D41 -> 500 | H41: 0 | I41: =F41*45 -> 540 | J41: =G41+I41*H41 -> 500 | K41: =+ROUND(D37/600,0)+1 -> 12 | L41: 1 | M41: =J41*K41*L41/1000 -> 6 | N41: =_xlfn.XLOOKUP(F41,$R$5:$Z$5,$R$6:$Z$6,"NOT_FOUND",0) -> 0.888 | O41: =M41*N41 -> 5.328 | P41: khoan cắm
A42: DẦM B1.4 30X29 | C42: L= | D42: 4495 | E42: mm
B43: 1 | C43: 250 | D43: 4945 | E43: =250 -> 250 | F43: 16 | G43: =C43+D43+E43 -> 5445 | H43: 0 | I43: 800 | J43: =G43+I43*H43 -> 5445 | K43: 3 | L43: 1 | M43: =J43*K43*L43/1000 -> 16.335 | N43: =_xlfn.XLOOKUP(F43,$R$5:$Z$5,$R$6:$Z$6,"NOT_FOUND",0) -> 1.58 | O43: =M43*N43 -> 25.8093
B44: 2 | C44: 260 | D44: 4945 | E44: 230 | F44: 16 | G44: =C44+D44+E44 -> 5435 | H44: 0 | I44: 640 | J44: =G44+I44*H44 -> 5435 | K44: 3 | L44: 1 | M44: =J44*K44*L44/1000 -> 16.305 | N44: =_xlfn.XLOOKUP(F44,$R$5:$Z$5,$R$6:$Z$6,"NOT_FOUND",0) -> 1.58 | O44: =M44*N44 -> 25.7619
B45: 3 | C45: 240 | D45: 230 | E45: 100 | F45: 10 | G45: =(C45+D45+E45)*2 -> 1140 | H45: 0 | I45: =F45*45 -> 450 | J45: =G45+I45*H45 -> 1140 | K45: =+ROUND(D42/200,0)+1 -> 23 | L45: 1 | M45: =J45*K45*L45/1000 -> 26.22 | N45: =_xlfn.XLOOKUP(F45,$R$5:$Z$5,$R$6:$Z$6,"NOT_FOUND",0) -> 0.617 | O45: =M45*N45 -> 16.17774
B46: KC | C46: 200 | D46: 300 | F46: 12 | G46: =C46+D46 -> 500 | H46: 0 | I46: =F46*45 -> 540 | J46: =G46+I46*H46 -> 500 | K46: =+ROUND(D42/600,0)+1 -> 8 | L46: 1 | M46: =J46*K46*L46/1000 -> 4 | N46: =_xlfn.XLOOKUP(F46,$R$5:$Z$5,$R$6:$Z$6,"NOT_FOUND",0) -> 0.888 | O46: =M46*N46 -> 3.552 | P46: khoan cắm
A47: DẦM B1.5 30X29 | C47: L= | D47: 4495 | E47: mm
B48: 1 | C48: 250 | D48: 5350 | E48: =250 -> 250 | F48: 16 | G48: =C48+D48+E48 -> 5850 | H48: 0 | I48: 800 | J48: =G48+I48*H48 -> 5850 | K48: 3 | L48: 1 | M48: =J48*K48*L48/1000 -> 17.55 | N48: =_xlfn.XLOOKUP(F48,$R$5:$Z$5,$R$6:$Z$6,"NOT_FOUND",0) -> 1.58 | O48: =M48*N48 -> 27.729
B49: 2 | C49: 260 | D49: 5370 | E49: 230 | F49: 16 | G49: =C49+D49+E49 -> 5860 | H49: 0 | I49: 640 | J49: =G49+I49*H49 -> 5860 | K49: 3 | L49: 1 | M49: =J49*K49*L49/1000 -> 17.58 | N49: =_xlfn.XLOOKUP(F49,$R$5:$Z$5,$R$6:$Z$6,"NOT_FOUND",0) -> 1.58 | O49: =M49*N49 -> 27.7764
B50: 3 | C50: 240 | D50: 230 | E50: 100 | F50: 10 | G50: =(C50+D50+E50)*2 -> 1140 | H50: 0 | I50: =F50*45 -> 450 | J50: =G50+I50*H50 -> 1140 | K50: =+ROUND(D47/200,0)+1 -> 23 | L50: 1 | M50: =J50*K50*L50/1000 -> 26.22 | N50: =_xlfn.XLOOKUP(F50,$R$5:$Z$5,$R$6:$Z$6,"NOT_FOUND",0) -> 0.617 | O50: =M50*N50 -> 16.17774
B51: KC | C51: 200 | D51: 300 | F51: 12 | G51: =C51+D51 -> 500 | H51: 0 | I51: =F51*45 -> 540 | J51: =G51+I51*H51 -> 500 | K51: =+ROUND(D47/600,0)+1 -> 8 | L51: 1 | M51: =J51*K51*L51/1000 -> 4 | N51: =_xlfn.XLOOKUP(F51,$R$5:$Z$5,$R$6:$Z$6,"NOT_FOUND",0) -> 0.888 | O51: =M51*N51 -> 3.552 | P51: khoan cắm
A52: DẦM BY7 30X61 | C52: L= | D52: 4495 | E52: mm
B53: 1 | C53: 540 | D53: 5240 | E53: 470 | F53: 16 | G53: =C53+D53+E53 -> 6250 | H53: 0 | I53: 800 | J53: =G53+I53*H53 -> 6250 | K53: 3 | L53: 1 | M53: =J53*K53*L53/1000 -> 18.75 | N53: =_xlfn.XLOOKUP(F53,$R$5:$Z$5,$R$6:$Z$6,"NOT_FOUND",0) -> 1.58 | O53: =M53*N53 -> 29.625
B54: 2 | C54: 480 | D54: 5120 | E54: 310 | F54: 16 | G54: =C54+D54+E54 -> 5910 | H54: 0 | I54: 640 | J54: =G54+I54*H54 -> 5910 | K54: 3 | L54: 1 | M54: =J54*K54*L54/1000 -> 17.73 | N54: =_xlfn.XLOOKUP(F54,$R$5:$Z$5,$R$6:$Z$6,"NOT_FOUND",0) -> 1.58 | O54: =M54*N54 -> 28.0134
B55: 3 | C55: 240 | D55: 550 | E55: 100 | F55: 10 | G55: =(C55+D55+E55)*2 -> 1780 | H55: 0 | I55: =F55*45 -> 450 | J55: =G55+I55*H55 -> 1780 | K55: =+ROUND(D52/200,0)+1 -> 23 | L55: 1 | M55: =J55*K55*L55/1000 -> 40.94 | N55: =_xlfn.XLOOKUP(F55,$R$5:$Z$5,$R$6:$Z$6,"NOT_FOUND",0) -> 0.617 | O55: =M55*N55 -> 25.25998
B56: KC | C56: 200 | D56: 300 | F56: 12 | G56: =C56+D56 -> 500 | H56: 0 | I56: =F56*45 -> 540 | J56: =G56+I56*H56 -> 500 | K56: =+ROUND(D52/600,0)+1 -> 8 | L56: 1 | M56: =J56*K56*L56/1000 -> 4 | N56: =_xlfn.XLOOKUP(F56,$R$5:$Z$5,$R$6:$Z$6,"NOT_FOUND",0) -> 0.888 | O56: =M56*N56 -> 3.552 | P56: khoan cắm
A57: DẦM BY1 30X131 | C57: L= | D57: 4495 | E57: mm
B58: 1 | C58: 440 | D58: 8305 | E58: 440 | F58: 16 | G58: =C58+D58+E58 -> 9185 | H58: 0 | I58: 800 | J58: =G58+I58*H58 -> 9185 | K58: 3 | L58: 1 | M58: =J58*K58*L58/1000 -> 27.555 | N58: =_xlfn.XLOOKUP(F58,$R$5:$Z$5,$R$6:$Z$6,"NOT_FOUND",0) -> 1.58 | O58: =M58*N58 -> 43.5369
B59: 2 | C59: 480 | D59: 8305 | E59: 310 | F59: 16 | G59: =C59+D59+E59 -> 9095 | H59: 0 | I59: 640 | J59: =G59+I59*H59 -> 9095 | K59: 3 | L59: 1 | M59: =J59*K59*L59/1000 -> 27.285 | N59: =_xlfn.XLOOKUP(F59,$R$5:$Z$5,$R$6:$Z$6,"NOT_FOUND",0) -> 1.58 | O59: =M59*N59 -> 43.1103
B60: 4 | D60: 8105 | F60: 12 | G60: =C60+D60+E60 -> 8105 | H60: 0 | I60: 640 | J60: =G60+I60*H60 -> 8105 | K60: 3 | L60: 2 | M60: =J60*K60*L60/1000 -> 48.63 | N60: =_xlfn.XLOOKUP(F60,$R$5:$Z$5,$R$6:$Z$6,"NOT_FOUND",0) -> 0.888 | O60: =M60*N60 -> 43.18344
B61: 5 | C61: 80 | D61: 240 | E61: 80 | F61: 8 | G61: =(C61+D61+E61)*2 -> 800 | H61: 0 | I61: =F61*45 -> 360 | J61: =G61+I61*H61 -> 800 | K61: =+ROUND(D57/600,0)+1 -> 8 | L61: 3 | M61: =J61*K61*L61/1000 -> 19.2 | N61: =_xlfn.XLOOKUP(F61,$R$5:$Z$5,$R$6:$Z$6,"NOT_FOUND",0) -> 0.395 | O61: =M61*N61 -> 7.584
B62: 3 | C62: 280 | D62: 1250 | E62: 280 | F62: 10 | G62: =(C62+D62+E62)*2 -> 3620 | H62: 0 | I62: =F62*45 -> 450 | J62: =G62+I62*H62 -> 3620 | K62: =+ROUND(D57/200,0)+1 -> 23 | L62: 1 | M62: =J62*K62*L62/1000 -> 83.26 | N62: =_xlfn.XLOOKUP(F62,$R$5:$Z$5,$R$6:$Z$6,"NOT_FOUND",0) -> 0.617 | O62: =M62*N62 -> 51.37142
B63: KC | C63: 200 | D63: 300 | F63: 12 | G63: =C63+D63 -> 500 | H63: 0 | I63: =F63*45 -> 540 | J63: =G63+I63*H63 -> 500 | K63: =+ROUND(D57/600,0)+1 -> 8 | L63: 1 | M63: =J63*K63*L63/1000 -> 4 | N63: =_xlfn.XLOOKUP(F63,$R$5:$Z$5,$R$6:$Z$6,"NOT_FOUND",0) -> 0.888 | O63: =M63*N63 -> 3.552 | P63: khoan cắm
A64: DẦM BY2 30X131 | C64: L= | D64: 5420 | E64: mm
B65: 1 | C65: 440 | D65: 5820 | E65: 440 | F65: 16 | G65: =C65+D65+E65 -> 6700 | H65: 0 | I65: 800 | J65: =G65+I65*H65 -> 6700 | K65: 3 | L65: 1 | M65: =J65*K65*L65/1000 -> 20.1 | N65: =_xlfn.XLOOKUP(F65,$R$5:$Z$5,$R$6:$Z$6,"NOT_FOUND",0) -> 1.58 | O65: =M65*N65 -> 31.758
B66: 2 | C66: 480 | D66: 5820 | E66: 310 | F66: 16 | G66: =C66+D66+E66 -> 6610 | H66: 0 | I66: 640 | J66: =G66+I66*H66 -> 6610 | K66: 3 | L66: 1 | M66: =J66*K66*L66/1000 -> 19.83 | N66: =_xlfn.XLOOKUP(F66,$R$5:$Z$5,$R$6:$Z$6,"NOT_FOUND",0) -> 1.58 | O66: =M66*N66 -> 31.3314
B67: 4 | D67: 5620 | F67: 12 | G67: =C67+D67+E67 -> 5620 | H67: 0 | I67: 640 | J67: =G67+I67*H67 -> 5620 | K67: 3 | L67: 2 | M67: =J67*K67*L67/1000 -> 33.72 | N67: =_xlfn.XLOOKUP(F67,$R$5:$Z$5,$R$6:$Z$6,"NOT_FOUND",0) -> 0.888 | O67: =M67*N67 -> 29.94336
B68: 5 | C68: 80 | D68: 240 | E68: 80 | F68: 8 | G68: =(C68+D68+E68)*2 -> 800 | H68: 0 | I68: =F68*45 -> 360 | J68: =G68+I68*H68 -> 800 | K68: =+ROUND(D64/600,0)+1 -> 10 | L68: 3 | M68: =J68*K68*L68/1000 -> 24 | N68: =_xlfn.XLOOKUP(F68,$R$5:$Z$5,$R$6:$Z$6,"NOT_FOUND",0) -> 0.395 | O68: =M68*N68 -> 9.48
B69: 3 | C69: 280 | D69: 1250 | E69: 280 | F69: 10 | G69: =(C69+D69+E69)*2 -> 3620 | H69: 0 | I69: =F69*45 -> 450 | J69: =G69+I69*H69 -> 3620 | K69: =+ROUND(D64/200,0)+1 -> 28 | L69: 1 | M69: =J69*K69*L69/1000 -> 101.36 | N69: =_xlfn.XLOOKUP(F69,$R$5:$Z$5,$R$6:$Z$6,"NOT_FOUND",0) -> 0.617 | O69: =M69*N69 -> 62.53912
B70: KC | C70: 200 | D70: 300 | F70: 12 | G70: =C70+D70 -> 500 | H70: 0 | I70: =F70*45 -> 540 | J70: =G70+I70*H70 -> 500 | K70: =+ROUND(D64/600,0)+1 -> 10 | L70: 1 | M70: =J70*K70*L70/1000 -> 5 | N70: =_xlfn.XLOOKUP(F70,$R$5:$Z$5,$R$6:$Z$6,"NOT_FOUND",0) -> 0.888 | O70: =M70*N70 -> 4.44 | P70: khoan cắm
A71: DẦM BY4 30X131 | C71: L= | D71: 5980 | E71: mm
B72: 1 | C72: 440 | D72: 6570 | E72: 440 | F72: 16 | G72: =C72+D72+E72 -> 7450 | H72: 0 | I72: 800 | J72: =G72+I72*H72 -> 7450 | K72: 3 | L72: 1 | M72: =J72*K72*L72/1000 -> 22.35 | N72: =_xlfn.XLOOKUP(F72,$R$5:$Z$5,$R$6:$Z$6,"NOT_FOUND",0) -> 1.58 | O72: =M72*N72 -> 35.313
B73: 2 | C73: 480 | D73: 6570 | E73: 310 | F73: 16 | G73: =C73+D73+E73 -> 7360 | H73: 0 | I73: 640 | J73: =G73+I73*H73 -> 7360 | K73: 3 | L73: 1 | M73: =J73*K73*L73/1000 -> 22.08 | N73: =_xlfn.XLOOKUP(F73,$R$5:$Z$5,$R$6:$Z$6,"NOT_FOUND",0) -> 1.58 | O73: =M73*N73 -> 34.8864
B74: 4 | D74: 6370 | F74: 12 | G74: =C74+D74+E74 -> 6370 | H74: 0 | I74: 640 | J74: =G74+I74*H74 -> 6370 | K74: 3 | L74: 2 | M74: =J74*K74*L74/1000 -> 38.22 | N74: =_xlfn.XLOOKUP(F74,$R$5:$Z$5,$R$6:$Z$6,"NOT_FOUND",0) -> 0.888 | O74: =M74*N74 -> 33.93936
B75: 5 | C75: 80 | D75: 240 | E75: 80 | F75: 8 | G75: =(C75+D75+E75)*2 -> 800 | H75: 0 | I75: =F75*45 -> 360 | J75: =G75+I75*H75 -> 800 | K75: =+ROUND(D71/600,0)+1 -> 11 | L75: 3 | M75: =J75*K75*L75/1000 -> 26.4 | N75: =_xlfn.XLOOKUP(F75,$R$5:$Z$5,$R$6:$Z$6,"NOT_FOUND",0) -> 0.395 | O75: =M75*N75 -> 10.428
B76: 3 | C76: 280 | D76: 1250 | E76: 280 | F76: 10 | G76: =(C76+D76+E76)*2 -> 3620 | H76: 0 | I76: =F76*45 -> 450 | J76: =G76+I76*H76 -> 3620 | K76: =+ROUND(D71/200,0)+1 -> 31 | L76: 1 | M76: =J76*K76*L76/1000 -> 112.22 | N76: =_xlfn.XLOOKUP(F76,$R$5:$Z$5,$R$6:$Z$6,"NOT_FOUND",0) -> 0.617 | O76: =M76*N76 -> 69.23974
B77: KC | C77: 200 | D77: 300 | F77: 12 | G77: =C77+D77 -> 500 | H77: 0 | I77: =F77*45 -> 540 | J77: =G77+I77*H77 -> 500 | K77: =+ROUND(D71/600,0)+1 -> 11 | L77: 1 | M77: =J77*K77*L77/1000 -> 5.5 | N77: =_xlfn.XLOOKUP(F77,$R$5:$Z$5,$R$6:$Z$6,"NOT_FOUND",0) -> 0.888 | O77: =M77*N77 -> 4.884 | P77: khoan cắm
A78: DẦM BY5 30X131 | C78: L= | D78: 5980 | E78: mm
B79: 1 | C79: 440 | D79: 6380 | E79: 440 | F79: 16 | G79: =C79+D79+E79 -> 7260 | H79: 0 | I79: 800 | J79: =G79+I79*H79 -> 7260 | K79: 3 | L79: 1 | M79: =J79*K79*L79/1000 -> 21.78 | N79: =_xlfn.XLOOKUP(F79,$R$5:$Z$5,$R$6:$Z$6,"NOT_FOUND",0) -> 1.58 | O79: =M79*N79 -> 34.4124
B80: 2 | C80: 480 | D80: 6380 | E80: 310 | F80: 16 | G80: =C80+D80+E80 -> 7170 | H80: 0 | I80: 640 | J80: =G80+I80*H80 -> 7170 | K80: 3 | L80: 1 | M80: =J80*K80*L80/1000 -> 21.51 | N80: =_xlfn.XLOOKUP(F80,$R$5:$Z$5,$R$6:$Z$6,"NOT_FOUND",0) -> 1.58 | O80: =M80*N80 -> 33.9858
B81: 4 | D81: 6180 | F81: 12 | G81: =C81+D81+E81 -> 6180 | H81: 0 | I81: 640 | J81: =G81+I81*H81 -> 6180 | K81: 3 | L81: 2 | M81: =J81*K81*L81/1000 -> 37.08 | N81: =_xlfn.XLOOKUP(F81,$R$5:$Z$5,$R$6:$Z$6,"NOT_FOUND",0) -> 0.888 | O81: =M81*N81 -> 32.92704
B82: 5 | C82: 80 | D82: 240 | E82: 80 | F82: 8 | G82: =(C82+D82+E82)*2 -> 800 | H82: 0 | I82: =F82*45 -> 360 | J82: =G82+I82*H82 -> 800 | K82: =+ROUND(D78/600,0)+1 -> 11 | L82: 3 | M82: =J82*K82*L82/1000 -> 26.4 | N82: =_xlfn.XLOOKUP(F82,$R$5:$Z$5,$R$6:$Z$6,"NOT_FOUND",0) -> 0.395 | O82: =M82*N82 -> 10.428
B83: 3 | C83: 280 | D83: 1250 | E83: 280 | F83: 10 | G83: =(C83+D83+E83)*2 -> 3620 | H83: 0 | I83: =F83*45 -> 450 | J83: =G83+I83*H83 -> 3620 | K83: =+ROUND(D78/200,0)+1 -> 31 | L83: 1 | M83: =J83*K83*L83/1000 -> 112.22 | N83: =_xlfn.XLOOKUP(F83,$R$5:$Z$5,$R$6:$Z$6,"NOT_FOUND",0) -> 0.617 | O83: =M83*N83 -> 69.23974
