Workbook

Sheet Rate_Master
A1: Tên hạng mục 專案名稱 | B1: Khối lượng 專案數量 | C1: Đơn giá chào
C2: Vật tư chính 主要材料 | D2: Nhân công + vật tư phụ+ máy thi công 人工+輔助材料+施工機械
A3: Nhà kho 1 一號倉庫 | C3: 0 | D3: 0
A4: KẾT CẤU BÊ TÔNG 混凝土結構 | C4: 0 | D4: 0
A5: Công tác cọc 基樁工項 | C5: 0 | D5: 0
A6: Huy động và giải thể thiết bị ép cọc 調動和拆除壓樁設備 | B6: 1 | C6: 0 | D6: 1.15e+08
A7: Cung cấp cọc thí nghiệm PHC D400A 提供PHC D400A試驗樁 | B7: 288 | C7: 425500 | D7: 0
A8: Thi công khoan dẫn cho cọc thí nghiệm PHC D400A PHC D400A試驗樁導孔施工 | B8: 264 | C8: 0 | D8: 69000
A9: Thi công ép cọc thí nghiệm PHC D400A PHC D400A試驗樁壓樁施工 | B9: 276 | C9: 0 | D9: 57500
A10: Thí nghiệm nén tĩnh cọc (khả năng chịu nén, bao gồm ép cọc thí nghiệm và thí nghiệm nghiệm thu khả năng chịu lực của cọc, cao độ đỉnh cọc là cao độ mặt đất sau khi san lấp mặt bằng, Sức chịu tải của cọc đơn là 1100kN, và Tải trọng thí nghiệm là 2200kN) 基樁靜載試驗(抗壓,含先行試打樁及承載力驗收樁檢測、樁頂標高為整地後地面標高，單樁抗壓承載力特徵值1100kN，試驗值為2200kN) | B10: 12 | C10: 0 | D10: 13800000
A11: Thí nghiệm biến dạng nhỏ PIT cho cọc 基樁小應變試驗 | B11: 237 | C11: 0 | D11: 253000
A12: Cung cấp cọc đại trà PHC D400A 提供PHC D400A工程樁 | B12: 25784 | C12: 402500 | D12: 0
A13: Cung cấp mũi cọc D400 提供D400樁尖 | B13: 1184 | C13: 80500 | D13: 0
A14: Thi công khoan dẫn cho cọc đại trà PHC D400A PHC D400A工程樁導孔施工 | B14: 25092.3 | C14: 0 | D14: 69000
A15: Thi công ép cọc đại trà PHC D400A PHC D400A工程樁壓樁施工 | B15: 26264.3 | C15: 0 | D15: 57500
A16: Xử lý đầu cọc D400 ( Bao gồm cắt , cốt thép, bê tông đầu cọc và vận chuyển đầu cọc thừa ra ngoài công trường nếu có) 樁頭處理D400mm(包括切割、鋼筋、樁頭混凝土以及將多餘的樁頭移運到工地外面) | B16: 1184 | C16: 483000 | D16: 161000
A17: Công tác đất 土方工項 | C17: 0 | D17: 0
A18: Đào đất móng, dầm móng 地基、基礎梁開挖 | B18: 5734.03 | C18: 0 | D18: 32200
A19: Đầm chặt đất đáy móng, dầm móng 將基礎底部土壤、基礎梁壓實 | B19: 4049.697 | C19: 0 | D19: 17250
A20: Lấp đất móng và đầm chặt 將基礎回填並壓實 | B20: 4200.136 | C20: 0 | D20: 37950
A21: Vận chuyển xử lý đất thừa ( Trong phạm vi công trường) 多餘土壤運輸和處理（施工現場內） | B21: 1533.894 | C21: 0 | D21: 32200
A22: Lớp nylon lót cho bê tông lót đài móng dầm móng 用於混凝土承台和基礎樑的尼龍墊層 | B22: 4049.697 | C22: 6900 | D22: 1725
A23: Lớp màng HDPE chống ẩm, chống thấm dày 0.3mm ( hàn nhiệt) cho sàn nền tầng 1 一樓地板防潮防水HDPE膜層0.3mm厚（熱焊接） | B23: 12881.334 | C23: 34500 | D23: 5750
A24: San gạt, lu nền hiện trạng nhà xưởng, độ chặt k>=0.90 整平並碾壓廠房現況地基，壓實系數k≥0.90 | B24: 12881.334 | C24: 0 | D24: 13800
A25: Cấp phối đá dăm loại II đầm chặt,dày 35cm, k>=0.92 二型碎石級配層35cm厚，壓實k>=0.92 | B25: 4526.726 | C25: 512325 | D25: 103500
A26: Công tác bê tông 混凝土工項 | C26: 0 | D26: 0
A27: Bê tông lót đá 1x2 B7.5 cho móng, dầm móng, nền 基礎、基礎樑、底層的石1x2 B7.5混凝土墊層 | B27: 407.88 | C27: 1249762.5 | D27: 207000
A28: Bê tông đá 1x2 B30 cho đài móng, dầm móng, cổ cột, vách hố pit thang máy,nền sàn tầng 1 承台、基礎樑、柱頸、電梯坑、一層地面的石1x2 B30混凝土 | B28: 6339.057 | C28: 1607444.4 | D28: 149500
A29: Bê tông đá 1x2 B30 cho cột từ tầng 1 đến tầng mái 從一層到屋頂的柱子採用石1x2 B30混凝土 | B29: 89.422 | C29: 1520555.6 | D29: 253000
A30: Bê tông đá 1x2 B30 cho dầm sàn từ tầng 2 đến tầng mái 二樓至屋頂地板樑的石1x2 B30混凝土 | B30: 135.26 | C30: 1520555.6 | D30: 149500
A31: Bê tông đá mi M250 bảo vệ lớp chống thấm mái 保護屋頂防水層的石M250混凝土 | B31: 20.93136 | C31: 1390222.2 | D31: 149500
A32: Bê tông đá mi M250 bảo vệ chân cột kết cấu thép thép 保護鋼結構柱腳之M250細石混凝土 | B32: 50.263 | C32: 1390222.2 | D32: 149500
A33: Vữa tự chảy không co ngót cường độ cao cho chân cột kết cấu thép ‌鋼結構柱腳的高強度無收縮自流砂漿 | B33: 2.51315 | C33: 22425000 | D33: 8004000
A34: Công tác ván khuôn 模板工項 | C34: 0 | D34: 0
A35: Ván khuôn bê tông lót cho móng, dầm móng, nền 基礎、基礎樑和地面的混凝土墊層模板 | B35: 1078.603 | C35: 80500 | D35: 92000
A36: Ván khuôn cho đài móng, dầm móng, cổ cột, vách hố pit thang máy,nền sàn tầng 1 承台、基礎樑、柱頸、電梯坑、一層地面的模板 | B36: 8972.119 | C36: 126500 | D36: 103500
A37: Ván khuôn cho cột từ tầng 1 đến tầng mái 從一樓到屋頂的柱子模板 | B37: 1160.744 | C37: 126500 | D37: 149500
A38: Ván khuôn cho dầm sàn từ tầng 2 đến tầng mái 二樓至屋頂地板樑的模板 | B38: 914.944 | C38: 126500 | D38: 115000
A39: Ván khuôn cho bê tông bảo vệ chân cột kết cấu thép ‌鋼結構柱腳保護混凝土之模板 | B39: 306.63 | C39: 126500 | D39: 97750
A40: Công tác cốt thép 鋼筋工項 | C40: 0 | D40: 0
A41: Cốt thép cho đài móng, dầm móng, cổ cột, tường vách ,nền sàn tầng 1 承台、基礎樑、柱頸、隔間牆、一層地面的鋼筋 | B41: 803573.03 | C41: 16770.565 | D41: 2875
A42: Cốt thép cho cột, vách từ tầng 1 đến tầng mái 從一層到屋頂的柱子、隔間鋼筋 | B42: 26019.186 | C42: 16770.565 | D42: 3680
A43: Cốt thép cho dầm sàn từ tầng 2 đến tầng mái 二樓至屋頂地板樑的鋼筋 | B43: 18698.719 | C43: 16770.565 | D43: 3450
A44: Cốt thép cho giằng tường, bổ trụ từ tầng 1 đến tầng mái 從一層到屋頂的加強柱、加強樑 | B44: 35877.388 | C44: 16770.565 | D44: 3680
A45: Lưới thép hàn 電焊鋼絲網 | B45: 460.48992 | C45: 17834.66 | D45: 3450
A46: Công tác kết cấu khác 其他結構工項 | C46: 0 | D46: 0
A47: Hoàn thiện đánh bóng bề mặt bê tông bằng máy 使用機器打磨混凝土表面 | B47: 16240.203 | C47: 14950 | D47: 17250
A48: Cắt mạch bê tông khe co rộng 5mm, sâu 10mm khoảng cách @3*3m. Chèn khe bằng flexiseal. 切割混凝土伸縮縫，寬5mm，深10mm，間距@3×3m。使用彈性密封劑的聚氨酯填縫 | B48: 11883.63 | C48: 5750 | D48: 23000
A49: Cung cấp lắp đặt băng cản nước V20 cho hố pít thang máy 電梯底坑V20止水帶供應與安裝 | B49: 0 | C49: 172500 | D49: 57500
A50: KẾT CẤU THÉP 鋼結構 | C50: 0 | D50: 0
A51: Kết cấu khung thép 鋼架結構 | C51: 0 | D51: 0
A52: Sản xuất hoàn thiện kết cấu thép tấm tổ hợp : Cột thép, dầm thép, kèo thép, giằng thép tổ hợp 製造完整鋼板組合結構：鋼柱、鋼樑、桁架、支撐鋼 | B52: 387946.04 | C52: 20475 | D52: 0
A53: Sản xuất hoàn thiện kết cấu thép phụ : Giằng thép hình 製造完整次要鋼結構：有型支撐鋼 | B53: 64978.07 | C53: 26775 | D53: 0
A54: Sản xuất hoàn thiện kết cấu thép phụ : Giằng thép tròn 製造完整次要鋼結構：圓支撐鋼 | B54: 3760.4352 | C54: 36750 | D54: 0
A55: Sản xuất hoàn thiện xà gồ thép hộp 製造完整方鋼檁條 | B55: 9241.02 | C55: 26775 | D55: 0
A56: Sản xuất hoàn thiện xà gồ mạ kẽm 製造鍍鋅檁條 | B56: 87669.66 | C56: 22365 | D56: 0
A57: Sản xuất hoàn thiện ty giằng xà gồ 製造完整檁條拉桿 | B57: 9037.4376 | C57: 36750 | D57: 0
A58: Sản xuất hoàn thiện chống lật xà gồ 製造完整檩条防翻 | B58: 6723.6192 | C58: 27930 | D58: 0
A59: Bu lông móng 基礎螺栓 | B59: 10507.8 | C59: 52500 | D59: 0
A60: Bu lông liên kết cường độ cao 高強度連接螺栓 | B60: 4229.51 | C60: 60900 | D60: 0
A61: Bu lông liên kết xà gồ 檩条連接螺栓 | B61: 1451.03 | C61: 60900 | D61: 0
A62: Đinh chống cắt D16*150 防剪釘 D16*150 | B62: 6178 | C62: 21000 | D62: 0
A63: Vận chuyển bu lông móng đến công trình 將基礎螺栓運輸至工地 | B63: 10507.8 | C63: 630 | D63: 0
... A66: Lắp đặt kết cấu thép tại công trình 在工地安裝鋼結構 | B66: 569356.28 | C66: 2940 | D66: 0
A67: Sàn deck 樓承板工項 | C67: 0 | D67: 0
A68: Tấm sàn decking mạ kẽm thk=0.95mm WxH 50*1000mm 鍍鋅樓承板，厚度0.95毫米，寬50毫米，長1000毫米 | B68: 0 | C68: 0 | D68: 0
A69: Đinh chống cắt D19*90 防剪釘D19*90 | B69: 0 | C69: 0 | D69: 0
A70: Phụ kiện tôn sàn deck: Ke bo sàn, thanh chống, vít … 樓承板配件：樓承板角鋼、支撐桿、螺絲 | B70: 0 | C70: 0 | D70: 0
A71: Vận chuyển tôn sàn deck đến công trình 將樓承板鐵皮運至工地 | B71: 0 | C71: 0 | D71: 0
A72: Lắp dựng tôn sàn deck 樓承板鐵皮安裝 | B72: 0 | C72: 0 | D72: 0
A73: Tôn bao che và phụ kiện 覆蓋鐵皮及配件 | C73: 0 | D73: 0
A74: Mái chính: Tôn Seamlock K485, mạ nhôm kẽm thk=0.5mm. Sơn PVDF 170g/m2 và phụ kiện đi kèm 主屋頂：Seamlock K485 鋼板，鍍鋅鋁 厚度0.5mm，PVDF塗料170g/m²，及配件 | B74: 16343.46 | C74: 248400 | D74: 34500
A75: Mái đua: Tôn cán cong, 5 sóng công nghiệp, mạ nhôm kẽm thk=0.5mm. Sơn PVDF 170g/m2 và phụ kiện đi kèm 延伸屋頂：彎曲鋼板，5波工業型，鍍鋁鋅厚度0.5mm，PVDF塗料 170g/m²，及配件 | B75: 806.382 | C75: 207000 | D75: 34500
A76: Mái phụ trợ, vách thưng tôn: Tôn 5 sóng công nghiệp, mạ nhôm kẽm thk=0.5mm. Sơn PVDF 170g/m2 và phụ kiện đi kèm 輔助屋頂、鐵皮圍牆：5波工業型，鍍鋁鋅厚度0.5mm，PVDF塗料 170g/m²，及配件 | B76: 409.588 | C76: 195500 | D76: 34500
A77: Túi khí cách nhiệt 2 mặt nhôm A2 雙面鋁箔汽包膜 A2 | B77: 16343.46 | C77: 23000 | D77: 11500
A78: Ke diềm và phụ kiện, tôn phẳng mạ màu thk=0.5mm 收邊條及配件，鍍色鋼平板厚度=0.5mm | B78: 921.8 | C78: 110400 | D78: 17250
A79: Máng nước inox 304 thk=1.2mm, loại 1 不鏽鋼水槽 304 厚度1.2mm | B79: 392.4 | C79: 1976115.4 | D79: 28750
A80: Máng nước inox 304 thk=1.2mm, loại 2 不鏽鋼水槽 304 厚度1.2mm | B80: 196.2 | C80: 1077881.1 | D80: 23000
A81: Cầu chắn rác inox 304 D200mm 不鏽鋼防堵塞過濾網罩 304 D200mm | B81: 24 | C81: 92000 | D81: 11500
A82: Ống thoát nước PVC D200 và phụ kiện đi kèm 排水管 PVC D200及配件 | B82: 376.2 | C82: 297443.47 | D82: 23000
A83: Vận chuyển tôn mái và phụ kiện đến công trình 將屋頂鐵皮及配件運輸至工地 | B83: 1 | C83: 0 | D83: 57500000
A84: Nhân công lợp tôn mái và cách nhiệt tại công trình 人工安裝屋頂鐵皮及進行隔熱施工 | B84: 17559.43 | C84: 0 | D84: 40250
A85: Nhân công lắp đặt ke diềm, máng nước, ống xối và phụ kiện tôn tại công trình 人工安裝收邊條、水槽、排水管、鐵板配件 | B85: 4478.6 | C85: 0 | D85: 23000
A86: Vật tư phụ khác 其他輔材 | B86: 1 | C86: 1.4594224e+08 | D86: 0
A87: Các công việc khác 其他工項 | C87: 0 | D87: 0
A88: Cung cấp, vận chuyển và lắp đặt thang leo mái và phụ kiện ( Thang lồng) 提供、運輸及安裝屋頂爬梯及配件（護籠爬梯） | B88: 17.995 | C88: 5175000 | D88: 0
A89: Cung cấp, vận chuyển và lắp đặt thang leo mái và phụ kiện ( Thang không có lồng) 提供、運輸及安裝屋頂爬梯及配件（無護籠爬梯） | B89: 0 | C89: 0 | D89: 0
A90: Cung cấp, vận chuyển và lắp đặt lan can cầu thang bộ và phụ kiện 提供、運輸及安裝樓梯扶手及配件 | B90: 0 | C90: 0 | D90: 0
A91: Cung cấp, vận chuyển và lắp đặt lan can sàn và phụ kiện 提供、運輸及安裝地板欄杆及配件 | B91: 0 | C91: 0 | D91: 0
A92: Chi phí biện pháp an toàn trong lắp dựng 安全施工措施採取費用 | B92: 15597.9 | C92: 17250 | D92: 5750
A93: Sơn chống cháy cho kết cấu chính ( Cột thép, dầm thép, kèo thép) 主結構防火塗料（鋼柱、鋼樑、桁架） | B93: 8807.924 | C93: 0 | D93: 0
A94: Chi phí kiểm định sơn chống cháy 防火塗料檢測費用 | B94: 1 | C94: 0 | D94: 0
A95: Sơn phủ màu cho kết cấu chính ( Cột thép, dầm thép, kèo thép) 主結構塗漆（鋼柱、鋼梁、鋼桁架） | B95: 8807.924 | C95: 16100 | D95: 3450
A96: PHẦN HOÀN THIỆN 裝修部分 | C96: 0 | D96: 0
A97: Tường xây, vách ngăn, trát và sơn 砖牆、隔牆、抹灰和涂漆 | C97: 0 | D97: 0
A98: Tường xây gạch đặc dày 220mm, vữa xi măng M75 牆體採用220mm厚實心磚，M75水泥砂漿 | B98: 1211.447 | C98: 1587600 | D98: 1086539.8
A99: Tường xây gạch đặc dày 110mm, vữa xi măng M75 牆體採用110mm厚實心磚，M75水泥砂漿 | B99: 7.387 | C99: 1368500 | D99: 948750
A100: Vách thạch cao ngăn cháy EI45 防火石膏板EI45 | B100: 0 | C100: 230000 | D100: 46000
A101: Vách ngăn : khung xương + gỗ MDF lõi xanh + Alu nhựa t=5 phủ PDVF 龍骨架+MDF防水木板隔斷，表面貼鋁塑板t=5, PVDF烤漆 | B101: 154.098 | C101: 0 | D101: 0
A102: Vách panel dày 100 , lõi rockwool 100mm, tỷ trọng 80kg/m3, tôn dày 0.5m, sơn phủ PVDF 機製庫板岩棉100mm、比重80kg/m3、鋼板0.5mm、PVDF烤漆 | B102: 0 | C102: 931500 | D102: 115000
...

Sheet 總表
A2: 工程標單 (I) 工 程 總 表 (Summary sheet)
B3: Chủ đầu tư 業主
B4: Dự án 工程名稱
B5: Địa điểm 工程名稱
B6: Hạng mục công trình
B7: Nhà thầu thi công | C7: Công ty TNHH Công trình L&K Việt Nam
A8: TT 專案 | B8: Tên hạng mục, mô tả thông số kỹ thuật 專案名稱﹑規格及說明 | C8: Đơn vị 单位 | D8: Khối lượng 專案數量 | E8: Đơn giá 專案單價 (VND) | F8: Đơn giá nhà thầu | G8: Thành Tiền 專案複價 (VND) | H8: Thành tiền nhà thầu | I8: Thông số kỹ thuật hoặc ghi chú của nhà thầu 廠商規格說明或備註
A9: A | B9: Công trình kiến trúc kỹ thuật 技術建築工程 | C9: Lot | D9: 1 | G9: =SUBTOTAL(9,G10:G34) -> 8.4416761e+11 | H9: =SUBTOTAL(9,H10:H34) -> #VALUE!
A10: 1A | B10: Nhà kho 1 一號倉庫 | C10: Lot | D10: 1 | E10: ='1A'!J9 -> 9.0448258e+10 | F10: =+'1A'!K9 -> 9.1218444e+10 | G10: =+D10*E10 -> 9.0448258e+10 | H10: =+D10*F10 -> 9.1218444e+10
A11: 2A | B11: Nhà xưởng sản xuất 1 一號生產廠房 | C11: Lot | D11: 1 | E11: ='2A'!J9 -> 8.6908269e+10 | F11: =+'2A'!K9 -> 8.7899232e+10 | G11: =+D11*E11 -> 8.6908269e+10 | H11: =+D11*F11 -> 8.7899232e+10
A12: 3A | B12: Nhà xưởng sản xuất 2 二號生產廠房 | C12: Lot | D12: 1 | E12: ='3A'!J9 -> 9.2953723e+10 | F12: =+'3A'!K9 -> 9.3648496e+10 | G12: =+D12*E12 -> 9.2953723e+10 | H12: =+D12*F12 -> 9.3648496e+10
A13: 4A | B13: Nhà xưởng sản xuất 3 三號生產廠房 | C13: Lot | D13: 1 | E13: ='4A'!K9 -> 1.1934102e+11 | F13: =+'4A'!L9 -> 1.347729e+11 | G13: =+D13*E13 -> 1.1934102e+11 | H13: =+D13*F13 -> 1.347729e+11
A14: 5A | B14: Nhà xưởng sản xuất 4 四號生產廠房 | C14: Lot | D14: 1 | E14: ='5A'!K9 -> 9.4570532e+10 | F14: =+'5A'!L9 -> 8.7712753e+10 | G14: =+D14*E14 -> 9.4570532e+10 | H14: =+D14*F14 -> 8.7712753e+10
A15: 6A | B15: Nhà xưởng sản xuất 5 五號生產廠房 | C15: Lot | D15: 1 | E15: ='6A'!J9 -> 7.3994582e+10 | F15: =+'6A'!K9 -> #VALUE! | G15: =+D15*E15 -> 7.3994582e+10 | H15: =+D15*F15 -> #VALUE!
A16: 7A | B16: Nhà kho 2 二號倉庫 | C16: Lot | D16: 1 | E16: ='7A'!J9 -> 7.1761269e+10 | F16: =+'7A'!K9 -> 7.2115055e+10 | G16: =+D16*E16 -> 7.1761269e+10 | H16: =+D16*F16 -> 7.2115055e+10
A17: 8A | B17: Nhà kho 3 三號倉庫 | C17: Lot | D17: 1 | E17: ='8A'!J9 -> 7.5544945e+10 | F17: =+'8A'!K9 -> 7.6319242e+10 | G17: =+D17*E17 -> 7.5544945e+10 | H17: =+D17*F17 -> 7.6319242e+10
A18: 9A | B18: Kho rác 垃圾房 | C18: Lot | D18: 1 | E18: ='9A'!J9 -> 2.2028741e+09 | F18: =+'9A'!K9 -> 2.2239642e+09 | G18: =+D18*E18 -> 2.2028741e+09 | H18: =+D18*F18 -> 2.2239642e+09
A19: 10A | B19: Kho rác thải nguy hại 危害廢物庫 | C19: Lot | D19: 1 | E19: ='10A'!J9 -> 1.9872462e+09 | F19: =+'10A'!K9 -> 1.9887652e+09 | G19: =+D19*E19 -> 1.9872462e+09 | H19: =+D19*F19 -> 1.9887652e+09
A20: 11A | B20: Nhà trộn sơn, kho sơn 調漆房+油漆倉庫 | C20: Lot | D20: 1 | E20: ='11A'!J9 -> 6.3706257e+09 | F20: =+'11A'!K9 -> 7.0217753e+09 | G20: =+D20*E20 -> 6.3706257e+09 | H20: =+D20*F20 -> 7.0217753e+09
A21: 12A | B21: Nhà bảo dưỡng 維修房 | C21: Lot | D21: 1 | E21: ='12A'!J9 -> 1.0644383e+10 | F21: =+'12A'!K9 -> 1.1369451e+10 | G21: =+D21*E21 -> 1.0644383e+10 | H21: =+D21*F21 -> 1.1369451e+10
A22: 13A | B22: Nhà văn phòng 辦公棟 | C22: Lot | D22: 1 | E22: ='13A'!J9 -> 4.9939374e+10 | F22: =+'13A'!K9 -> 5.0274529e+10 | G22: =+D22*E22 -> 4.9939374e+10 | H22: =+D22*F22 -> 5.0274529e+10
A23: 14A | B23: Nhà ăn 食堂 | C23: Lot | D23: 1 | E23: ='14A'!J9 -> 3.0179795e+10 | F23: =+'14A'!K9 -> 2.9821143e+10 | G23: =+D23*E23 -> 3.0179795e+10 | H23: =+D23*F23 -> 2.9821143e+10
A24: 15A | B24: Nhà xe 停車場 | C24: Lot | D24: 1 | E24: ='15A'!J9 -> 1.5242509e+10 | F24: =+'15A'!K9 -> 1.5248529e+10 | G24: =+D24*E24 -> 1.5242509e+10 | H24: =+D24*F24 -> 1.5248529e+10
A25: 16A | B25: Trạm biến áp số 1 一號變壓站 | C25: Lot | D25: 1 | E25: ='16A'!I9 -> 4.4041937e+09 | F25: =+E25 -> 4.4041937e+09 | G25: =+D25*E25 -> 4.4041937e+09 | H25: =+D25*F25 -> 4.4041937e+09
A26: 17A | B26: Trạm biến áp số 2 二號變壓站 | C26: Lot | D26: 1 | E26: ='17A'!I9 -> 3.1607899e+09 | F26: =+E26 -> 3.1607899e+09 | G26: =+D26*E26 -> 3.1607899e+09 | H26: =+D26*F26 -> 3.1607899e+09
A27: 18A | B27: Nhà bảo vệ số 1 一號警衛室 | C27: Lot | D27: 1 | E27: ='18A'!I9 -> 1.4731558e+09 | F27: =+E27 -> 1.4731558e+09 | G27: =+D27*E27 -> 1.4731558e+09 | H27: =+D27*F27 -> 1.4731558e+09
A28: 19A | B28: Nhà bảo vệ số 2 二號警衛室 | C28: Lot | D28: 1 | E28: ='19A'!I9 -> 1.3627036e+09 | F28: =+E28 -> 1.3627036e+09 | G28: =+D28*E28 -> 1.3627036e+09 | H28: =+D28*F28 -> 1.3627036e+09
A29: 20A | B29: Khu xử lý nước thải 廢水處理區 | C29: Lot | D29: 0 | E29: 0 | F29: 0 | G29: 0 | H29: 0 | I29: Không thuộc phạm vi gói thầu này ‌不屬於此標案的範圍內
A30: 21A | B30: Nhà máy bơm, bể nước sinh hoạt – sản xuất-PCCC 泵房-生活水池及生產水池-消防水池 | C30: Lot | D30: 1 | E30: ='21A'!J9 -> 3.6694775e+09 | F30: ='21A'!K9 -> 3.6828018e+09 | G30: =+D30*E30 -> 3.6694775e+09 | H30: =+D30*F30 -> 3.6828018e+09
A31: 22A | B31: Mái nối số 1~32 雨棚 | C31: Lot | D31: 1 | E31: ='22A'!J9 -> 6.064413e+09 | F31: ='22A'!K9 -> 5.550838e+09 | G31: =+D31*E31 -> 6.064413e+09 | H31: =+D31*F31 -> 5.550838e+09
A32: 23A | B32: Hồ cảnh quan 1 一號景觀湖 | C32: Lot | D32: 1 | E32: ='23A'!I9 -> 5.9028786e+08 | F32: =+E32 -> 5.9028786e+08 | G32: =+D32*E32 -> 5.9028786e+08 | H32: =+D32*F32 -> 5.9028786e+08
A33: 24A | B33: Hồ cảnh quan 2 二號景觀湖 | C33: Lot | D33: 1 | E33: ='24A'!I9 -> 7.1270155e+08 | F33: =+E33 -> 7.1270155e+08 | G33: =+D33*E33 -> 7.1270155e+08 | H33: =+D33*F33 -> 7.1270155e+08
A34: 25A | B34: Trạm cân 地磅 | C34: Lot | D34: 1 | E34: ='25A'!I9 -> 6.4048225e+08 | F34: =+E34 -> 6.4048225e+08 | G34: =+D34*E34 -> 6.4048225e+08 | H34: =+D34*F34 -> 6.4048225e+08
A35: B | B35: Công trình ngoài nhà 戶外工程 | C35: Lot | D35: 1 | G35: =SUBTOTAL(9,G36:G41) -> 1.0885127e+11 | H35: =SUBTOTAL(9,H36:H41) -> 1.0885127e+11
A36: 1B | B36: San lấp mặt bằng 場地土方回填 | C36: Lot | D36: 1 | E36: ='1B'!I9 -> 4562641176 | F36: =+E36 -> 4562641176 | G36: =+D36*E36 -> 4562641176 | H36: =+G36 -> 4562641176
A37: 2B | B37: Hàng rào 圍墻 | C37: Lot | D37: 1 | E37: ='2B'!I9 -> 1.8877214e+10 | F37: =+E37 -> 1.8877214e+10 | G37: =+D37*E37 -> 1.8877214e+10 | H37: =+G37 -> 1.8877214e+10
A38: 3B | B38: Hệ thống thoát nước mưa 雨水排水系統 | C38: Lot | D38: 1 | E38: ='3B'!I9 -> 38094529654 | F38: =+E38 -> 38094529654 | G38: =+D38*E38 -> 38094529654 | H38: =+G38 -> 38094529654
A39: 4B | B39: Hệ thống thoát nước thải 廢水排水系統 | C39: Lot | D39: 1 | E39: ='4B'!I9 -> 3370437250 | F39: =+E39 -> 3370437250 | G39: =+D39*E39 -> 3370437250 | H39: =+G39 -> 3370437250
A40: 5B | B40: Đường nội bộ 內部道路 | C40: Lot | D40: 1 | E40: ='5B'!I9 -> 3.3705494e+10 | F40: =+E40 -> 3.3705494e+10 | G40: =+D40*E40 -> 3.3705494e+10 | H40: =+G40 -> 3.3705494e+10
A41: 6B | B41: Cảnh quan 景觀 | C41: Lot | D41: 1 | E41: ='6B'!I9 -> 1.0240955e+10 | F41: =+E41 -> 1.0240955e+10 | G41: =+D41*E41 -> 1.0240955e+10 | H41: =+G41 -> 1.0240955e+10
A42: C | B42: Công trình cơ điện 機電工程 | C42: Lot | D42: 1
A43: D | B43: Công trình tạm 臨時工程 | C43: Lot | D43: 1
A44: E | B44: Phí quản lý an toàn, sức khoẻ lao động và phí bảo hiểm kỹ thuật 安全管理費、勞動健康費與技術保險費 | C44: Lot | D44: 1 | I44: Nhà thầu tự điều chỉnh 廠商自訂
A45: F | B45: Vận chuyển hàng hóa, phí khác, phí bảo vệ môi trường và phí ô nhiễm không khí 運費﹑雜費﹑環保費及空汙費 | C45: Lot | D45: 1 | I45: Nhà thầu tự điều chỉnh 廠商自訂
A46: G | B46: Phí quản lý lợi nhuận 利潤管理費 | C46: Lot | D46: 1 | I46: Nhà thầu tự điều chỉnh 廠商自訂
A47: H | B47: Thuế kinh doanh và các khoản phụ phí khác 營業稅及其它附加稅 | C47: Lot | D47: 1
B48: TỔNG CHI PHÍ DỰ ÁN 工程費用合計 | E48: =+SUM(E9:E41) -> 9.5301888e+11 | G48: =SUBTOTAL(9,G9:G47) -> 9.5301888e+11 | H48: =SUBTOTAL(9,H9:H47) -> #VALUE!

Sheet 1A
A2: 工程標單 (II) 詳細價目表 (Detail sheet)
B3: Chủ đầu tư 業主
B4: Dự án 工程名稱
B5: Địa điểm 工程名稱
B6: Hạng mục công trình | C6: =INDEX(總表!$B$9:$B$47,MATCH('1A'!A9,總表!$A$9:$A$48,0)) -> Nhà kho 1 一號倉庫
B7: Nhà thầu thi công | C7: Công ty TNHH Công trình L&K Việt Nam
A8: TT 專案 | B8: Tên hạng mục 專案名稱 | C8: Thông số kỹ thuật , mô tả 規格及說明 | D8: Đơn vị 单位 | E8: Khối lượng 專案數量 | F8: Khối lượng Nhà thầu | G8: Vật tư chính 主要材料 | H8: Nhân công + vật tư phụ+ máy thi công 人工+輔助材料+施工機械 | I8: Đơn giá 專案單價 (VND) | J8: Thành Tiền 專案複價 (VND) | K8: Thành tiền Nhà thầu | L8: Ghi chú
A9: 1A | B9: =C6 -> Nhà kho 1 一號倉庫 | J9: =SUBTOTAL(9,J10:J174) -> 9.0448258e+10 | K9: =SUBTOTAL(9,K10:K173) -> 9.1218444e+10
A10: =$A$9&".C" -> 1A.C | B10: KẾT CẤU BÊ TÔNG 混凝土結構
A11: =$A$10&1 -> 1A.C1 | B11: Công tác cọc 基樁工項 | J11: =SUBTOTAL(9,J12:J22) -> 1.4974625e+10 | K11: =SUBTOTAL(9,K12:K22) -> 1.4974625e+10
A12: =$A$11&"."&ROW()-ROW($A$11) -> 1A.C1.1 | B12: Huy động và giải thể thiết bị ép cọc 調動和拆除壓樁設備 | D12: Set | E12: 1 | F12: 1 | G12: =_xlfn.XLOOKUP(B12, Rate_Master!$A:$A, Rate_Master!$C:$C, "") -> 0 | H12: =_xlfn.XLOOKUP(B12, Rate_Master!$A:$A, Rate_Master!$D:$D, "") -> 1.15e+08 | I12: =G12+H12 -> 1.15e+08 | J12: =I12*E12 -> 1.15e+08 | K12: =+F12*I12 -> 1.15e+08
A13: =$A$11&"."&ROW()-ROW($A$11) -> 1A.C1.2 | B13: Cung cấp cọc thí nghiệm PHC D400A 提供PHC D400A試驗樁 | D13: M | E13: 288 | F13: 288 | G13: =_xlfn.XLOOKUP(B13, Rate_Master!$A:$A, Rate_Master!$C:$C, "") -> 425500 | H13: =_xlfn.XLOOKUP(B13, Rate_Master!$A:$A, Rate_Master!$D:$D, "") -> 0 | I13: =G13+H13 -> 425500 | J13: =I13*E13 -> 1.22544e+08 | K13: =+F13*I13 -> 1.22544e+08
A14: =$A$11&"."&ROW()-ROW($A$11) -> 1A.C1.3 | B14: Thi công khoan dẫn cho cọc thí nghiệm PHC D400A PHC D400A試驗樁導孔施工 | D14: M | E14: 264 | F14: 264 | G14: =_xlfn.XLOOKUP(B14, Rate_Master!$A:$A, Rate_Master!$C:$C, "") -> 0 | H14: =_xlfn.XLOOKUP(B14, Rate_Master!$A:$A, Rate_Master!$D:$D, "") -> 69000 | I14: =G14+H14 -> 69000 | J14: =I14*E14 -> 18216000 | K14: =+F14*I14 -> 18216000
A15: =$A$11&"."&ROW()-ROW($A$11) -> 1A.C1.4 | B15: Thi công ép cọc thí nghiệm PHC D400A PHC D400A試驗樁壓樁施工 | D15: M | E15: 276 | F15: 276 | G15: =_xlfn.XLOOKUP(B15, Rate_Master!$A:$A, Rate_Master!$C:$C, "") -> 0 | H15: =_xlfn.XLOOKUP(B15, Rate_Master!$A:$A, Rate_Master!$D:$D, "") -> 57500 | I15: =G15+H15 -> 57500 | J15: =I15*E15 -> 15870000 | K15: =+F15*I15 -> 15870000
A16: =$A$11&"."&ROW()-ROW($A$11) -> 1A.C1.5 | B16: Thí nghiệm nén tĩnh cọc (khả năng chịu nén, bao gồm ép cọc thí nghiệm và thí nghiệm nghiệm thu khả năng chịu lực của cọc, cao độ đỉnh cọc là cao độ mặt đất sau khi san lấp mặt bằng, Sức chịu tải của cọc đơn là 1100kN, và Tải trọng thí nghiệm là 2200kN) 基樁靜載試驗(抗壓,含先行試打樁及承載力驗收樁檢測、樁頂標高為整地後地面標高，單樁抗壓承載力特徵值1100kN，試驗值為2200kN) | D16: Pcs | E16: 12 | F16: 12 | G16: =_xlfn.XLOOKUP(B16, Rate_Master!$A:$A, Rate_Master!$C:$C, "") -> 0 | H16: =_xlfn.XLOOKUP(B16, Rate_Master!$A:$A, Rate_Master!$D:$D, "") -> 13800000 | I16: =G16+H16 -> 13800000 | J16: =I16*E16 -> 1.656e+08 | K16: =+F16*I16 -> 1.656e+08
A17: =$A$11&"."&ROW()-ROW($A$11) -> 1A.C1.6 | B17: Thí nghiệm biến dạng nhỏ PIT cho cọc 基樁小應變試驗 | D17: Pcs | E17: 237 | F17: 237 | G17: =_xlfn.XLOOKUP(B17, Rate_Master!$A:$A, Rate_Master!$C:$C, "") -> 0 | H17: =_xlfn.XLOOKUP(B17, Rate_Master!$A:$A, Rate_Master!$D:$D, "") -> 253000 | I17: =G17+H17 -> 253000 | J17: =I17*E17 -> 59961000 | K17: =+F17*I17 -> 59961000
A18: =$A$11&"."&ROW()-ROW($A$11) -> 1A.C1.7 | B18: Cung cấp cọc đại trà PHC D400A 提供PHC D400A工程樁 | D18: M | E18: 25784 | F18: 25784 | G18: =_xlfn.XLOOKUP(B18, Rate_Master!$A:$A, Rate_Master!$C:$C, "") -> 402500 | H18: =_xlfn.XLOOKUP(B18, Rate_Master!$A:$A, Rate_Master!$D:$D, "") -> 0 | I18: =G18+H18 -> 402500 | J18: =I18*E18 -> 1.037806e+10 | K18: =+F18*I18 -> 1.037806e+10
A19: =$A$11&"."&ROW()-ROW($A$11) -> 1A.C1.8 | B19: Cung cấp mũi cọc D400 提供D400樁尖 | D19: Pcs | E19: 1184 | F19: 1184 | G19: =_xlfn.XLOOKUP(B19, Rate_Master!$A:$A, Rate_Master!$C:$C, "") -> 80500 | H19: =_xlfn.XLOOKUP(B19, Rate_Master!$A:$A, Rate_Master!$D:$D, "") -> 0 | I19: =G19+H19 -> 80500 | J19: =I19*E19 -> 95312000 | K19: =+F19*I19 -> 95312000
A20: =$A$11&"."&ROW()-ROW($A$11) -> 1A.C1.9 | B20: Thi công khoan dẫn cho cọc đại trà PHC D400A PHC D400A工程樁導孔施工 | D20: M | E20: 25092.3 | F20: 25092.3 | G20: =_xlfn.XLOOKUP(B20, Rate_Master!$A:$A, Rate_Master!$C:$C, "") -> 0 | H20: =_xlfn.XLOOKUP(B20, Rate_Master!$A:$A, Rate_Master!$D:$D, "") -> 69000 | I20: =G20+H20 -> 69000 | J20: =I20*E20 -> 1731368700 | K20: =+F20*I20 -> 1731368700
A21: =$A$11&"."&ROW()-ROW($A$11) -> 1A.C1.10 | B21: Thi công ép cọc đại trà PHC D400A PHC D400A工程樁壓樁施工 | D21: M | E21: 26264.3 | F21: 26264.3 | G21: =_xlfn.XLOOKUP(B21, Rate_Master!$A:$A, Rate_Master!$C:$C, "") -> 0 | H21: =_xlfn.XLOOKUP(B21, Rate_Master!$A:$A, Rate_Master!$D:$D, "") -> 57500 | I21: =G21+H21 -> 57500 | J21: =I21*E21 -> 1.5101972e+09 | K21: =+F21*I21 -> 1.5101972e+09
A22: =$A$11&"."&ROW()-ROW($A$11) -> 1A.C1.11 | B22: Xử lý đầu cọc D400 ( Bao gồm cắt , cốt thép, bê tông đầu cọc và vận chuyển đầu cọc thừa ra ngoài công trường nếu có) 樁頭處理D400mm(包括切割、鋼筋、樁頭混凝土以及將多餘的樁頭移運到工地外面) | D22: Pcs | E22: 1184 | F22: 1184 | G22: =_xlfn.XLOOKUP(B22, Rate_Master!$A:$A, Rate_Master!$C:$C, "") -> 483000 | H22: =_xlfn.XLOOKUP(B22, Rate_Master!$A:$A, Rate_Master!$D:$D, "") -> 161000 | I22: =G22+H22 -> 644000 | J22: =I22*E22 -> 762496000 | K22: =+F22*I22 -> 762496000
A23: =$A$10&2 -> 1A.C2 | B23: Công tác đất 土方工項 | G23: =_xlfn.XLOOKUP(B23, Rate_Master!$A:$A, Rate_Master!$C:$C, "") -> 0 | H23: =_xlfn.XLOOKUP(B23, Rate_Master!$A:$A, Rate_Master!$D:$D, "") -> 0 | J23: =SUBTOTAL(9,J24:J31) -> 3.9821154e+09 | K23: =SUBTOTAL(9,K24:K31) -> 3.9821154e+09
A24: =$A$23&"."&ROW()-ROW($A$23) -> 1A.C2.1 | B24: Đào đất móng, dầm móng 地基、基礎梁開挖 | D24: cum M3 | E24: 5734.03 | F24: 5734.03 | G24: =_xlfn.XLOOKUP(B24, Rate_Master!$A:$A, Rate_Master!$C:$C, "") -> 0 | H24: =_xlfn.XLOOKUP(B24, Rate_Master!$A:$A, Rate_Master!$D:$D, "") -> 32200 | I24: =G24+H24 -> 32200 | J24: =I24*E24 -> 1.8463577e+08 | K24: =+F24*I24 -> 1.8463577e+08
A25: =$A$23&"."&ROW()-ROW($A$23) -> 1A.C2.2 | B25: Đầm chặt đất đáy móng, dầm móng 將基礎底部土壤、基礎梁壓實 | D25: sqm M2 | E25: 4049.697 | F25: 4049.697 | G25: =_xlfn.XLOOKUP(B25, Rate_Master!$A:$A, Rate_Master!$C:$C, "") -> 0 | H25: =_xlfn.XLOOKUP(B25, Rate_Master!$A:$A, Rate_Master!$D:$D, "") -> 17250 | I25: =G25+H25 -> 17250 | J25: =I25*E25 -> 69857273 | K25: =+F25*I25 -> 69857273
A26: =$A$23&"."&ROW()-ROW($A$23) -> 1A.C2.3 | B26: Lấp đất móng và đầm chặt 將基礎回填並壓實 | D26: cum M3 | E26: 4200.136 | F26: 4200.136 | G26: =_xlfn.XLOOKUP(B26, Rate_Master!$A:$A, Rate_Master!$C:$C, "") -> 0 | H26: =_xlfn.XLOOKUP(B26, Rate_Master!$A:$A, Rate_Master!$D:$D, "") -> 37950 | I26: =G26+H26 -> 37950 | J26: =I26*E26 -> 1.5939516e+08 | K26: =+F26*I26 -> 1.5939516e+08
A27: =$A$23&"."&ROW()-ROW($A$23) -> 1A.C2.4 | B27: Vận chuyển xử lý đất thừa ( Trong phạm vi công trường) 多餘土壤運輸和處理（施工現場內） | C27: Tận dụng đắp nền nhà xưởng 回填利用廠房地坪 | D27: cum M3 | E27: 1533.894 | F27: 1533.894 | G27: =_xlfn.XLOOKUP(B27, Rate_Master!$A:$A, Rate_Master!$C:$C, "") -> 0 | H27: =_xlfn.XLOOKUP(B27, Rate_Master!$A:$A, Rate_Master!$D:$D, "") -> 32200 | I27: =G27+H27 -> 32200 | J27: =I27*E27 -> 49391387 | K27: =+F27*I27 -> 49391387
A28: =$A$23&"."&ROW()-ROW($A$23) -> 1A.C2.5 | B28: Lớp nylon lót cho bê tông lót đài móng dầm móng 用於混凝土承台和基礎樑的尼龍墊層 | D28: sqm M2 | E28: 4049.697 | F28: 4049.697 | G28: =_xlfn.XLOOKUP(B28, Rate_Master!$A:$A, Rate_Master!$C:$C, "") -> 6900 | H28: =_xlfn.XLOOKUP(B28, Rate_Master!$A:$A, Rate_Master!$D:$D, "") -> 1725 | I28: =G28+H28 -> 8625 | J28: =I28*E28 -> 34928637 | K28: =+F28*I28 -> 34928637
A29: =$A$23&"."&ROW()-ROW($A$23) -> 1A.C2.6 | B29: Lớp màng HDPE chống ẩm, chống thấm dày 0.3mm ( hàn nhiệt) cho sàn nền tầng 1 一樓地板防潮防水HDPE膜層0.3mm厚（熱焊接） | D29: sqm M2 | E29: 12881.334 | F29: 12881.334 | G29: =_xlfn.XLOOKUP(B29, Rate_Master!$A:$A, Rate_Master!$C:$C, "") -> 34500 | H29: =_xlfn.XLOOKUP(B29, Rate_Master!$A:$A, Rate_Master!$D:$D, "") -> 5750 | I29: =G29+H29 -> 40250 | J29: =I29*E29 -> 5.1847369e+08 | K29: =+F29*I29 -> 5.1847369e+08
A30: =$A$23&"."&ROW()-ROW($A$23) -> 1A.C2.7 | B30: San gạt, lu nền hiện trạng nhà xưởng, độ chặt k>=0.90 整平並碾壓廠房現況地基，壓實系數k≥0.90 | D30: sqm M2 | E30: 12881.334 | F30: 12881.334 | G30: =_xlfn.XLOOKUP(B30, Rate_Master!$A:$A, Rate_Master!$C:$C, "") -> 0 | H30: =_xlfn.XLOOKUP(B30, Rate_Master!$A:$A, Rate_Master!$D:$D, "") -> 13800 | I30: =G30+H30 -> 13800 | J30: =I30*E30 -> 1.7776241e+08 | K30: =+F30*I30 -> 1.7776241e+08
A31: =$A$23&"."&ROW()-ROW($A$23) -> 1A.C2.8 | B31: Cấp phối đá dăm loại II đầm chặt,dày 35cm, k>=0.92 二型碎石級配層35cm厚，壓實k>=0.92 | D31: cum M3 | E31: 4526.726 | F31: 4526.726 | G31: =_xlfn.XLOOKUP(B31, Rate_Master!$A:$A, Rate_Master!$C:$C, "") -> 512325 | H31: =_xlfn.XLOOKUP(B31, Rate_Master!$A:$A, Rate_Master!$D:$D, "") -> 103500 | I31: =G31+H31 -> 615825 | J31: =I31*E31 -> 2.787671e+09 | K31: =+F31*I31 -> 2.787671e+09
A32: =$A$10&3 -> 1A.C3 | B32: Công tác bê tông 混凝土工項 | G32: =_xlfn.XLOOKUP(B32, Rate_Master!$A:$A, Rate_Master!$C:$C, "") -> 0 | H32: =_xlfn.XLOOKUP(B32, Rate_Master!$A:$A, Rate_Master!$D:$D, "") -> 0 | J32: =SUBTOTAL(9,J33:J39) -> 1.2302134e+10 | K32: =SUBTOTAL(9,K33:K39) -> 1.2302134e+10
A33: =$A$32&"."&ROW()-ROW($A$32) -> 1A.C3.1 | B33: Bê tông lót đá 1x2 B7.5 cho móng, dầm móng, nền 基礎、基礎樑、底層的石1x2 B7.5混凝土墊層 | D33: cum M3 | E33: 407.88 | F33: 407.88 | G33: =_xlfn.XLOOKUP(B33, Rate_Master!$A:$A, Rate_Master!$C:$C, "") -> 1249762.5 | H33: =_xlfn.XLOOKUP(B33, Rate_Master!$A:$A, Rate_Master!$D:$D, "") -> 207000 | I33: =+H33+G33 -> 1456762.5 | J33: =I33*E33 -> 5.9418429e+08 | K33: =+F33*I33 -> 5.9418429e+08
A34: =$A$32&"."&ROW()-ROW($A$32) -> 1A.C3.2 | B34: Bê tông đá 1x2 B30 cho đài móng, dầm móng, cổ cột, vách hố pit thang máy,nền sàn tầng 1 承台、基礎樑、柱頸、電梯坑、一層地面的石1x2 B30混凝土 | D34: cum M3 | E34: 6339.057 | F34: 6339.057 | G34: =_xlfn.XLOOKUP(B34, Rate_Master!$A:$A, Rate_Master!$C:$C, "") -> 1607444.4 | H34: =_xlfn.XLOOKUP(B34, Rate_Master!$A:$A, Rate_Master!$D:$D, "") -> 149500 | I34: =+H34+G34 -> 1756944.4 | J34: =I34*E34 -> 1.1137371e+10 | K34: =+F34*I34 -> 1.1137371e+10
A35: =$A$32&"."&ROW()-ROW($A$32) -> 1A.C3.3 | B35: Bê tông đá 1x2 B30 cho cột từ tầng 1 đến tầng mái 從一層到屋頂的柱子採用石1x2 B30混凝土 | D35: cum M3 | E35: 89.422 | F35: 89.422 | G35: =_xlfn.XLOOKUP(B35, Rate_Master!$A:$A, Rate_Master!$C:$C, "") -> 1520555.6 | H35: =_xlfn.XLOOKUP(B35, Rate_Master!$A:$A, Rate_Master!$D:$D, "") -> 253000 | I35: =+H35+G35 -> 1773555.6 | J35: =I35*E35 -> 1.5859488e+08 | K35: =+F35*I35 -> 1.5859488e+08
A36: =$A$32&"."&ROW()-ROW($A$32) -> 1A.C3.4 | B36: Bê tông đá 1x2 B30 cho dầm sàn từ tầng 2 đến tầng mái 二樓至屋頂地板樑的石1x2 B30混凝土 | D36: cum M3 | E36: 135.26 | F36: 135.26 | G36: =_xlfn.XLOOKUP(B36, Rate_Master!$A:$A, Rate_Master!$C:$C, "") -> 1520555.6 | H36: =_xlfn.XLOOKUP(B36, Rate_Master!$A:$A, Rate_Master!$D:$D, "") -> 149500 | I36: =+H36+G36 -> 1670055.6 | J36: =I36*E36 -> 2.2589171e+08 | K36: =+F36*I36 -> 2.2589171e+08
A37: =$A$32&"."&ROW()-ROW($A$32) -> 1A.C3.5 | B37: Bê tông đá mi M250 bảo vệ lớp chống thấm mái 保護屋頂防水層的石M250混凝土 | D37: cum M3 | E37: 20.93136 | F37: 20.93136 | G37: =_xlfn.XLOOKUP(B37, Rate_Master!$A:$A, Rate_Master!$C:$C, "") -> 1390222.2 | H37: =_xlfn.XLOOKUP(B37, Rate_Master!$A:$A, Rate_Master!$D:$D, "") -> 149500 | I37: =+H37+G37 -> 1539722.2 | J37: =I37*E37 -> 32228480 | K37: =+F37*I37 -> 32228480
A38: =$A$32&"."&ROW()-ROW($A$32) -> 1A.C3.6 | B38: Bê tông đá mi M250 bảo vệ chân cột kết cấu thép thép 保護鋼結構柱腳之M250細石混凝土 | D38: cum M3 | E38: 50.263 | F38: 50.263 | G38: =_xlfn.XLOOKUP(B38, Rate_Master!$A:$A, Rate_Master!$C:$C, "") -> 1390222.2 | H38: =_xlfn.XLOOKUP(B38, Rate_Master!$A:$A, Rate_Master!$D:$D, "") -> 149500 | I38: =+H38+G38 -> 1539722.2 | J38: =I38*E38 -> 77391058 | K38: =+F38*I38 -> 77391058
A39: =$A$32&"."&ROW()-ROW($A$32) -> 1A.C3.7 | B39: Vữa tự chảy không co ngót cường độ cao cho chân cột kết cấu thép ‌鋼結構柱腳的高強度無收縮自流砂漿 | D39: cum M3 | E39: 2.51315 | F39: 2.51315 | G39: =_xlfn.XLOOKUP(B39, Rate_Master!$A:$A, Rate_Master!$C:$C, "") -> 22425000 | H39: =_xlfn.XLOOKUP(B39, Rate_Master!$A:$A, Rate_Master!$D:$D, "") -> 8004000 | I39: =+H39+G39 -> 30429000 | J39: =I39*E39 -> 76472641 | K39: =+F39*I39 -> 76472641
A40: =$A$10&4 -> 1A.C4 | B40: Công tác ván khuôn 模板工項 | G40: =_xlfn.XLOOKUP(B40, Rate_Master!$A:$A, Rate_Master!$C:$C, "") -> 0 | H40: =_xlfn.XLOOKUP(B40, Rate_Master!$A:$A, Rate_Master!$D:$D, "") -> 0 | J40: =SUBTOTAL(9,J41:J45) -> 2859732485 | K40: =SUBTOTAL(9,K41:K45) -> 2859732485
A41: =$A$40&"."&ROW()-ROW($A$40) -> 1A.C4.1 | B41: Ván khuôn bê tông lót cho móng, dầm móng, nền 基礎、基礎樑和地面的混凝土墊層模板 | D41: sqm M2 | E41: 1078.603 | F41: 1078.603 | G41: =_xlfn.XLOOKUP(B41, Rate_Master!$A:$A, Rate_Master!$C:$C, "") -> 80500 | H41: =_xlfn.XLOOKUP(B41, Rate_Master!$A:$A, Rate_Master!$D:$D, "") -> 92000 | I41: =+H41+G41 -> 172500 | J41: =I41*E41 -> 1.8605902e+08 | K41: =+F41*I41 -> 1.8605902e+08
A42: =$A$40&"."&ROW()-ROW($A$40) -> 1A.C4.2 | B42: Ván khuôn cho đài móng, dầm móng, cổ cột, vách hố pit thang máy,nền sàn tầng 1 承台、基礎樑、柱頸、電梯坑、一層地面的模板 | D42: sqm M2 | E42: 8972.119 | F42: 8972.119 | G42: =_xlfn.XLOOKUP(B42, Rate_Master!$A:$A, Rate_Master!$C:$C, "") -> 126500 | H42: =_xlfn.XLOOKUP(B42, Rate_Master!$A:$A, Rate_Master!$D:$D, "") -> 103500 | I42: =+H42+G42 -> 230000 | J42: =I42*E42 -> 2.0635874e+09 | K42: =+F42*I42 -> 2.0635874e+09
A43: =$A$40&"."&ROW()-ROW($A$40) -> 1A.C4.3 | B43: Ván khuôn cho cột từ tầng 1 đến tầng mái 從一樓到屋頂的柱子模板 | D43: sqm M2 | E43: 1160.744 | F43: 1160.744 | G43: =_xlfn.XLOOKUP(B43, Rate_Master!$A:$A, Rate_Master!$C:$C, "") -> 126500 | H43: =_xlfn.XLOOKUP(B43, Rate_Master!$A:$A, Rate_Master!$D:$D, "") -> 149500 | I43: =+H43+G43 -> 276000 | J43: =I43*E43 -> 320365344 | K43: =+F43*I43 -> 320365344
A44: =$A$40&"."&ROW()-ROW($A$40) -> 1A.C4.4 | B44: Ván khuôn cho dầm sàn từ tầng 2 đến tầng mái 二樓至屋頂地板樑的模板 | D44: sqm M2 | E44: 914.944 | F44: 914.944 | G44: =_xlfn.XLOOKUP(B44, Rate_Master!$A:$A, Rate_Master!$C:$C, "") -> 126500 | H44: =_xlfn.XLOOKUP(B44, Rate_Master!$A:$A, Rate_Master!$D:$D, "") -> 115000 | I44: =+H44+G44 -> 241500 | J44: =I44*E44 -> 2.2095898e+08 | K44: =+F44*I44 -> 2.2095898e+08
A45: =$A$40&"."&ROW()-ROW($A$40) -> 1A.C4.5 | B45: Ván khuôn cho bê tông bảo vệ chân cột kết cấu thép ‌鋼結構柱腳保護混凝土之模板 | D45: sqm M2 | E45: 306.63 | F45: 306.63 | G45: =_xlfn.XLOOKUP(B45, Rate_Master!$A:$A, Rate_Master!$C:$C, "") -> 126500 | H45: =_xlfn.XLOOKUP(B45, Rate_Master!$A:$A, Rate_Master!$D:$D, "") -> 97750 | I45: =+H45+G45 -> 224250 | J45: =I45*E45 -> 68761777 | K45: =+F45*I45 -> 68761777
A46: =$A$10&5 -> 1A.C5 | B46: Công tác cốt thép 鋼筋工項 | G46: =_xlfn.XLOOKUP(B46, Rate_Master!$A:$A, Rate_Master!$C:$C, "") -> 0 | H46: =_xlfn.XLOOKUP(B46, Rate_Master!$A:$A, Rate_Master!$D:$D, "") -> 0 | J46: =SUBTOTAL(9,J47:J51) -> 1.7440366e+10 | K46: =SUBTOTAL(9,K47:K51) -> 1.7440366e+10
A47: =$A$46&"."&ROW()-ROW($A$46) -> 1A.C5.1 | B47: Cốt thép cho đài móng, dầm móng, cổ cột, tường vách ,nền sàn tầng 1 承台、基礎樑、柱頸、隔間牆、一層地面的鋼筋 | C47: d<10 CB240T; d>=10 CB500V | D47: Kg | E47: 803573.03 | F47: 803573.03 | G47: =_xlfn.XLOOKUP(B47, Rate_Master!$A:$A, Rate_Master!$C:$C, "") -> 16770.565 | H47: =_xlfn.XLOOKUP(B47, Rate_Master!$A:$A, Rate_Master!$D:$D, "") -> 2875 | I47: =+H47+G47 -> 19645.565 | J47: =I47*E47 -> 1.5786646e+10 | K47: =+F47*I47 -> 1.5786646e+10
A48: =$A$46&"."&ROW()-ROW($A$46) -> 1A.C5.2 | B48: Cốt thép cho cột, vách từ tầng 1 đến tầng mái 從一層到屋頂的柱子、隔間鋼筋 | C48: d<10 CB240T; d>=10 CB500V | D48: Kg | E48: 26019.186 | F48: 26019.186 | G48: =_xlfn.XLOOKUP(B48, Rate_Master!$A:$A, Rate_Master!$C:$C, "") -> 16770.565 | H48: =_xlfn.XLOOKUP(B48, Rate_Master!$A:$A, Rate_Master!$D:$D, "") -> 3680 | I48: =+H48+G48 -> 20450.565 | J48: =I48*E48 -> 5.3210705e+08 | K48: =+F48*I48 -> 5.3210705e+08
A49: =$A$46&"."&ROW()-ROW($A$46) -> 1A.C5.3 | B49: Cốt thép cho dầm sàn từ tầng 2 đến tầng mái 二樓至屋頂地板樑的鋼筋 | C49: d<10 CB240T; d>=10 CB500V | D49: Kg | E49: 18698.719 | F49: 18698.719 | G49: =_xlfn.XLOOKUP(B49, Rate_Master!$A:$A, Rate_Master!$C:$C, "") -> 16770.565 | H49: =_xlfn.XLOOKUP(B49, Rate_Master!$A:$A, Rate_Master!$D:$D, "") -> 3450 | I49: =+H49+G49 -> 20220.565 | J49: =I49*E49 -> 3.7809866e+08 | K49: =+F49*I49 -> 3.7809866e+08
A50: =$A$46&"."&ROW()-ROW($A$46) -> 1A.C5.4 | B50: Cốt thép cho giằng tường, bổ trụ từ tầng 1 đến tầng mái 從一層到屋頂的加強柱、加強樑 | C50: d<10 CB240T; d>=10 CB500V | D50: Kg | E50: 35877.388 | F50: 35877.388 | G50: =_xlfn.XLOOKUP(B50, Rate_Master!$A:$A, Rate_Master!$C:$C, "") -> 16770.565 | H50: =_xlfn.XLOOKUP(B50, Rate_Master!$A:$A, Rate_Master!$D:$D, "") -> 3680 | I50: =+H50+G50 -> 20450.565 | J50: =I50*E50 -> 7.3371286e+08 | K50: =+F50*I50 -> 7.3371286e+08
A51: =$A$46&"."&ROW()-ROW($A$46) -> 1A.C5.5 | B51: Lưới thép hàn 電焊鋼絲網 | C51: fy=485Mpa | D51: Kg | E51: 460.48992 | F51: 460.48992 | G51: =_xlfn.XLOOKUP(B51, Rate_Master!$A:$A, Rate_Master!$C:$C, "") -> 17834.66 | H51: =_xlfn.XLOOKUP(B51, Rate_Master!$A:$A, Rate_Master!$D:$D, "") -> 3450 | I51: =+H51+G51 -> 21284.66 | J51: =I51*E51 -> 9801371.4 | K51: =+F51*I51 -> 9801371.4
A52: =$A$10&6 -> 1A.C6 | B52: Công tác kết cấu khác 其他結構工項 | G52: =_xlfn.XLOOKUP(B52, Rate_Master!$A:$A, Rate_Master!$C:$C, "") -> 0 | H52: =_xlfn.XLOOKUP(B52, Rate_Master!$A:$A, Rate_Master!$D:$D, "") -> 0 | I52: =G52+H52 -> 0 | J52: =SUBTOTAL(9,J53:J55) -> 8.645889e+08 | K52: =SUBTOTAL(9,K53:K55) -> 8.645889e+08
A53: =$A$52&"."&ROW()-ROW($A$52) -> 1A.C6.1 | B53: Hoàn thiện đánh bóng bề mặt bê tông bằng máy 使用機器打磨混凝土表面 | D53: sqm M2 | E53: 16240.203 | F53: 16240.203 | G53: =_xlfn.XLOOKUP(B53, Rate_Master!$A:$A, Rate_Master!$C:$C, "") -> 14950 | H53: =_xlfn.XLOOKUP(B53, Rate_Master!$A:$A, Rate_Master!$D:$D, "") -> 17250 | I53: =+H53+G53 -> 32200 | J53: =I53*E53 -> 5.2293454e+08 | K53: =+F53*I53 -> 5.2293454e+08
A54: =$A$52&"."&ROW()-ROW($A$52) -> 1A.C6.2 | B54: Cắt mạch bê tông khe co rộng 5mm, sâu 10mm khoảng cách @3*3m. Chèn khe bằng flexiseal. 切割混凝土伸縮縫，寬5mm，深10mm，間距@3×3m。使用彈性密封劑的聚氨酯填縫 | D54: M | E54: 11883.63 | F54: 11883.63 | G54: =_xlfn.XLOOKUP(B54, Rate_Master!$A:$A, Rate_Master!$C:$C, "") -> 5750 | H54: =_xlfn.XLOOKUP(B54, Rate_Master!$A:$A, Rate_Master!$D:$D, "") -> 23000 | I54: =+H54+G54 -> 28750 | J54: =I54*E54 -> 3.4165436e+08 | K54: =+F54*I54 -> 3.4165436e+08
A55: =$A$52&"."&ROW()-ROW($A$52) -> 1A.C6.3 | B55: Cung cấp lắp đặt băng cản nước V20 cho hố pít thang máy 電梯底坑V20止水帶供應與安裝 | D55: M | E55: 0 | F55: 0 | G55: =_xlfn.XLOOKUP(B55, Rate_Master!$A:$A, Rate_Master!$C:$C, "") -> 172500 | H55: =_xlfn.XLOOKUP(B55, Rate_Master!$A:$A, Rate_Master!$D:$D, "") -> 57500 | I55: =+H55+G55 -> 230000 | J55: =I55*E55 -> 0 | K55: =+F55*I55 -> 0
A56: =$A$9&".S" -> 1A.S | B56: KẾT CẤU THÉP 鋼結構 | G56: =_xlfn.XLOOKUP(B56, Rate_Master!$A:$A, Rate_Master!$C:$C, "") -> 0 | H56: =_xlfn.XLOOKUP(B56, Rate_Master!$A:$A, Rate_Master!$D:$D, "") -> 0
A57: =$A$56&1 -> 1A.S1 | B57: Kết cấu khung thép 鋼架結構 | G57: =_xlfn.XLOOKUP(B57, Rate_Master!$A:$A, Rate_Master!$C:$C, "") -> 0 | H57: =_xlfn.XLOOKUP(B57, Rate_Master!$A:$A, Rate_Master!$D:$D, "") -> 0 | J57: =SUBTOTAL(9,J58:J72) -> 1.5950677e+10 | K57: =SUBTOTAL(9,K58:K72) -> 1.6972069e+10
A58: =$A$57&"."&ROW()-ROW($A$57) -> 1A.S1.1 | B58: Sản xuất hoàn thiện kết cấu thép tấm tổ hợp : Cột thép, dầm thép, kèo thép, giằng thép tổ hợp 製造完整鋼板組合結構：鋼柱、鋼樑、桁架、支撐鋼 | C58: Thép Q355B. Phun bi làm sạch SA2.0. Sơn 1 lớp chống gỉ dày 30µm Q355B鋼材。噴丸清理SA2.0。塗一層30µm厚的防鏽塗料 | D58: Kg | E58: 387946.04 | F58: 393832.96 | G58: =_xlfn.XLOOKUP(B58, Rate_Master!$A:$A, Rate_Master!$C:$C, "") -> 20475 | H58: =_xlfn.XLOOKUP(B58, Rate_Master!$A:$A, Rate_Master!$D:$D, "") -> 0 | I58: =+G58+H58 -> 20475 | J58: =I58*E58 -> 7.9431951e+09 | K58: =+F58*I58 -> 8.0637299e+09
A59: =$A$57&"."&ROW()-ROW($A$57) -> 1A.S1.2 | B59: Sản xuất hoàn thiện kết cấu thép phụ : Giằng thép hình 製造完整次要鋼結構：有型支撐鋼 | C59: Thép SS400 hoặc tương đương.Phun bi làm sạch SA2.0. Sơn 1 lớp chống gỉ, 2 lớp sơn phủ màu tổng độ dày 80µm SS400鋼材或同等材質。噴丸清理SA2.0。塗一層防鏽塗料，塗兩層面漆，總厚度80µm 。 | D59: Kg | E59: 64978.07 | F59: 69739.932 | G59: =_xlfn.XLOOKUP(B59, Rate_Master!$A:$A, Rate_Master!$C:$C, "") -> 26775 | H59: =_xlfn.XLOOKUP(B59, Rate_Master!$A:$A, Rate_Master!$D:$D, "") -> 0 | I59: =+G59+H59 -> 26775 | J59: =I59*E59 -> 1.7397878e+09 | K59: =+F59*I59 -> 1.8672867e+09
A60: =$A$57&"."&ROW()-ROW($A$57) -> 1A.S1.3 | B60: Sản xuất hoàn thiện kết cấu thép phụ : Giằng thép tròn 製造完整次要鋼結構：圓支撐鋼 | C60: Thép SS400 hoặc tương đương.Phun bi làm sạch SA2.0. Sơn 1 lớp chống gỉ, 2 lớp sơn phủ màu tổng độ dày 80µm SS400鋼材或同等材質。噴丸清理SA2.0。塗一層防鏽塗料，塗兩層面漆，總厚度80微米。 | D60: Kg | E60: 3760.4352 | F60: 4399.86 | G60: =_xlfn.XLOOKUP(B60, Rate_Master!$A:$A, Rate_Master!$C:$C, "") -> 36750 | H60: =_xlfn.XLOOKUP(B60, Rate_Master!$A:$A, Rate_Master!$D:$D, "") -> 0 | I60: =+G60+H60 -> 36750 | J60: =I60*E60 -> 1.3819599e+08 | K60: =+F60*I60 -> 1.6169486e+08
A61: =$A$57&"."&ROW()-ROW($A$57) -> 1A.S1.4 | B61: Sản xuất hoàn thiện xà gồ thép hộp 製造完整方鋼檁條 | C61: Thép SS400 hoặc tương đương.Phun bi làm sạch SA2.0. Sơn 1 lớp chống gỉ, 2 lớp sơn phủ màu tổng độ dày 80µm SS400鋼材或同等材質。噴丸清理SA2.0。塗一層防鏽塗料，塗兩層面漆，總厚度80微米。 | D61: Kg | E61: 9241.02 | F61: 9552.1421 | G61: =_xlfn.XLOOKUP(B61, Rate_Master!$A:$A, Rate_Master!$C:$C, "") -> 26775 | H61: =_xlfn.XLOOKUP(B61, Rate_Master!$A:$A, Rate_Master!$D:$D, "") -> 0 | I61: =+G61+H61 -> 26775 | J61: =I61*E61 -> 2.4742831e+08 | K61: =+F61*I61 -> 2.557586e+08
A62: =$A$57&"."&ROW()-ROW($A$57) -> 1A.S1.5 | B62: Sản xuất hoàn thiện xà gồ mạ kẽm 製造鍍鋅檁條 | C62: Thép G450. mạ kẽm, độ mạ Z275 G450鋼材。鍍鋅，鍍層厚度Z275 | D62: Kg | E62: 87669.66 | F62: 108172.86 | G62: =_xlfn.XLOOKUP(B62, Rate_Master!$A:$A, Rate_Master!$C:$C, "") -> 22365 | H62: =_xlfn.XLOOKUP(B62, Rate_Master!$A:$A, Rate_Master!$D:$D, "") -> 0 | I62: =+G62+H62 -> 22365 | J62: =I62*E62 -> 1.960732e+09 | K62: =+F62*I62 -> 2.419286e+09
A63: =$A$57&"."&ROW()-ROW($A$57) -> 1A.S1.6 | B63: Sản xuất hoàn thiện ty giằng xà gồ 製造完整檁條拉桿 | C63: Thép SS400 hoặc tương đương. Mạ kẽm điện phân SS400鋼材或同等材質。電鍍鋅 | D63: Kg | E63: 9037.4376 | F63: 8497.7778 | G63: =_xlfn.XLOOKUP(B63, Rate_Master!$A:$A, Rate_Master!$C:$C, "") -> 36750 | H63: =_xlfn.XLOOKUP(B63, Rate_Master!$A:$A, Rate_Master!$D:$D, "") -> 0 | I63: =+G63+H63 -> 36750 | J63: =I63*E63 -> 3.3212583e+08 | K63: =+F63*I63 -> 3.1229333e+08
A64: =$A$57&"."&ROW()-ROW($A$57) -> 1A.S1.7 | B64: Sản xuất hoàn thiện chống lật xà gồ 製造完整檩条防翻 | C64: Thép SS400 hoặc tương đương. Mạ kẽm SS400鋼材或同等材質。鍍鋅 | D64: Kg | E64: 6723.6192 | F64: 8799.2474 | G64: =_xlfn.XLOOKUP(B64, Rate_Master!$A:$A, Rate_Master!$C:$C, "") -> 27930 | H64: =_xlfn.XLOOKUP(B64, Rate_Master!$A:$A, Rate_Master!$D:$D, "") -> 0 | I64: =+G64+H64 -> 27930 | J64: =I64*E64 -> 1.8779068e+08 | K64: =+F64*I64 -> 2.4576298e+08
A65: =$A$57&"."&ROW()-ROW($A$57) -> 1A.S1.8 | B65: Bu lông móng 基礎螺栓 | C65: Cấp bền 5.6 mạ kẽm đầu ren 5.6耐久等級鍍鋅螺紋頭 | D65: Kg | E65: 10507.8 | F65: 10490.4 | G65: =_xlfn.XLOOKUP(B65, Rate_Master!$A:$A, Rate_Master!$C:$C, "") -> 52500 | H65: =_xlfn.XLOOKUP(B65, Rate_Master!$A:$A, Rate_Master!$D:$D, "") -> 0 | I65: =+G65+H65 -> 52500 | J65: =I65*E65 -> 551659500 | K65: =+F65*I65 -> 550746000
A66: =$A$57&"."&ROW()-ROW($A$57) -> 1A.S1.9 | B66: Bu lông liên kết cường độ cao 高強度連接螺栓 | C66: Cấp bền 8.8, mạ điện phân 8.8耐久等級，電鍍 | D66: Kg | E66: 4229.51 | F66: 4755.02 | G66: =_xlfn.XLOOKUP(B66, Rate_Master!$A:$A, Rate_Master!$C:$C, "") -> 60900 | H66: =_xlfn.XLOOKUP(B66, Rate_Master!$A:$A, Rate_Master!$D:$D, "") -> 0 | I66: =+G66+H66 -> 60900 | J66: =I66*E66 -> 257577159 | K66: =+F66*I66 -> 2.8958072e+08
A67: =$A$57&"."&ROW()-ROW($A$57) -> 1A.S1.10 | B67: Bu lông liên kết xà gồ 檩条連接螺栓 | C67: Cấp bền 4.6 mạ điện phân 4.6 耐久等级，电镀 | D67: Kg | E67: 1451.03 | F67: 1161.582 | G67: =_xlfn.XLOOKUP(B67, Rate_Master!$A:$A, Rate_Master!$C:$C, "") -> 60900 | H67: =_xlfn.XLOOKUP(B67, Rate_Master!$A:$A, Rate_Master!$D:$D, "") -> 0 | I67: =+G67+H67 -> 60900 | J67: =I67*E67 -> 88367727 | K67: =+F67*I67 -> 70740344
A68: =$A$57&"."&ROW()-ROW($A$57) -> 1A.S1.11 | B68: Đinh chống cắt D16*150 防剪釘 D16*150 | C68: Cấp bền 4.6 4.6 耐久等级 | D68: Pcs | E68: 6178 | F68: 6580 | G68: =_xlfn.XLOOKUP(B68, Rate_Master!$A:$A, Rate_Master!$C:$C, "") -> 21000 | H68: =_xlfn.XLOOKUP(B68, Rate_Master!$A:$A, Rate_Master!$D:$D, "") -> 0 | I68: =+G68+H68 -> 21000 | J68: =I68*E68 -> 129738000 | K68: =+F68*I68 -> 138180000
A69: =$A$57&"."&ROW()-ROW($A$57) -> 1A.S1.12 | B69: Vận chuyển bu lông móng đến công trình 將基礎螺栓運輸至工地 | D69: Kg | E69: 10507.8 | F69: 10490.4 | G69: =_xlfn.XLOOKUP(B69, Rate_Master!$A:$A, Rate_Master!$C:$C, "") -> 630 | H69: =_xlfn.XLOOKUP(B69, Rate_Master!$A:$A, Rate_Master!$D:$D, "") -> 0 | I69: =+G69+H69 -> 630 | J69: =I69*E69 -> 6619914 | K69: =+F69*I69 -> 6608952
A70: =$A$57&"."&ROW()-ROW($A$57) -> 1A.S1.13 | B70: Vận chuyển kết cấu thép đến công trình 將鋼結構運輸至工地 | D70: Kg | E70: 569356.28 | F70: 608911.38 | G70: =_xlfn.XLOOKUP(B70, Rate_Master!$A:$A, Rate_Master!$C:$C, "") -> 630 | H70: =_xlfn.XLOOKUP(B70, Rate_Master!$A:$A, Rate_Master!$D:$D, "") -> 0 | I70: =+G70+H70 -> 630 | J70: =I70*E70 -> 3.5869446e+08 | K70: =+F70*I70 -> 3.8361417e+08
A71: =$A$57&"."&ROW()-ROW($A$57) -> 1A.S1.14 | B71: Định vị, lắp đặt bu lông móng tại công trình 在工地定位並安裝基礎螺栓 | D71: Pcs | E71: 1266 | F71: 1575 | G71: =_xlfn.XLOOKUP(B71, Rate_Master!$A:$A, Rate_Master!$C:$C, "") -> 0 | H71: =_xlfn.XLOOKUP(B71, Rate_Master!$A:$A, Rate_Master!$D:$D, "") -> 264500 | I71: =+G71+H71 -> 264500 | J71: =I71*E71 -> 334857000 | K71: =+F71*I71 -> 416587500
A72: =$A$57&"."&ROW()-ROW($A$57) -> 1A.S1.15 | B72: Lắp đặt kết cấu thép tại công trình 在工地安裝鋼結構 | D72: Kg | E72: 569356.28 | F72: 608911.38 | G72: =_xlfn.XLOOKUP(B72, Rate_Master!$A:$A, Rate_Master!$C:$C, "") -> 2940 | H72: =_xlfn.XLOOKUP(B72, Rate_Master!$A:$A, Rate_Master!$D:$D, "") -> 0 | I72: =+G72+H72 -> 2940 | J72: =I72*E72 -> 1.6739075e+09 | K72: =+F72*I72 -> 1.7901995e+09
A73: =$A$56&2 -> 1A.S2 | B73: Sàn deck 樓承板工項 | G73: =_xlfn.XLOOKUP(B73, Rate_Master!$A:$A, Rate_Master!$C:$C, "") -> 0 | H73: =_xlfn.XLOOKUP(B73, Rate_Master!$A:$A, Rate_Master!$D:$D, "") -> 0 | J73: =SUBTOTAL(9,J74:J78) -> 0
A74: =$A$73&"."&ROW()-ROW($A$73) -> 1A.S2.1 | B74: Tấm sàn decking mạ kẽm thk=0.95mm WxH 50*1000mm 鍍鋅樓承板，厚度0.95毫米，寬50毫米，長1000毫米 | C74: Thép G350, mạ kẽm, độ mạ Z60 G350鋼材，鍍鋅，鍍層厚度Z60 | D74: sqm M2 | E74: 0 | G74: =_xlfn.XLOOKUP(B74, Rate_Master!$A:$A, Rate_Master!$C:$C, "") -> 0 | H74: =_xlfn.XLOOKUP(B74, Rate_Master!$A:$A, Rate_Master!$D:$D, "") -> 0 | I74: =G74+H74 -> 0 | J74: =I74*E74 -> 0
A75: =$A$73&"."&ROW()-ROW($A$73) -> 1A.S2.2 | B75: Đinh chống cắt D19*90 防剪釘D19*90 | C75: Cấp bền 4.6 4.6耐久等級 | D75: Pcs | E75: 0 | G75: =_xlfn.XLOOKUP(B75, Rate_Master!$A:$A, Rate_Master!$C:$C, "") -> 0 | H75: =_xlfn.XLOOKUP(B75, Rate_Master!$A:$A, Rate_Master!$D:$D, "") -> 0 | I75: =G75+H75 -> 0 | J75: =I75*E75 -> 0
A76: =$A$73&"."&ROW()-ROW($A$73) -> 1A.S2.3 | B76: Phụ kiện tôn sàn deck: Ke bo sàn, thanh chống, vít … 樓承板配件：樓承板角鋼、支撐桿、螺絲 | D76: sqm M2 | E76: 0 | G76: =_xlfn.XLOOKUP(B76, Rate_Master!$A:$A, Rate_Master!$C:$C, "") -> 0 | H76: =_xlfn.XLOOKUP(B76, Rate_Master!$A:$A, Rate_Master!$D:$D, "") -> 0 | I76: =G76+H76 -> 0 | J76: =I76*E76 -> 0
A77: =$A$73&"."&ROW()-ROW($A$73) -> 1A.S2.4 | B77: Vận chuyển tôn sàn deck đến công trình 將樓承板鐵皮運至工地 | D77: Lot | E77: 0 | G77: =_xlfn.XLOOKUP(B77, Rate_Master!$A:$A, Rate_Master!$C:$C, "") -> 0 | H77: =_xlfn.XLOOKUP(B77, Rate_Master!$A:$A, Rate_Master!$D:$D, "") -> 0 | I77: =G77+H77 -> 0 | J77: =I77*E77 -> 0
A78: =$A$73&"."&ROW()-ROW($A$73) -> 1A.S2.5 | B78: Lắp dựng tôn sàn deck 樓承板鐵皮安裝 | D78: sqm M2 | E78: 0 | G78: =_xlfn.XLOOKUP(B78, Rate_Master!$A:$A, Rate_Master!$C:$C, "") -> 0 | H78: =_xlfn.XLOOKUP(B78, Rate_Master!$A:$A, Rate_Master!$D:$D, "") -> 0 | I78: =G78+H78 -> 0 | J78: =I78*E78 -> 0
A79: =$A$56&3 -> 1A.S3 | B79: Tôn bao che và phụ kiện 覆蓋鐵皮及配件 | G79: =_xlfn.XLOOKUP(B79, Rate_Master!$A:$A, Rate_Master!$C:$C, "") -> 0 | H79: =_xlfn.XLOOKUP(B79, Rate_Master!$A:$A, Rate_Master!$D:$D, "") -> 0 | J79: =SUBTOTAL(9,J80:J93) -> 8.0638513e+09 | K79: =SUBTOTAL(9,K80:K93) -> 8.0158638e+09
A80: =$A$79&"."&ROW()-ROW($A$79) -> 1A.S3.1 | B80: Mái chính: Tôn Seamlock K485, mạ nhôm kẽm thk=0.5mm. Sơn PVDF 170g/m2 và phụ kiện đi kèm 主屋頂：Seamlock K485 鋼板，鍍鋅鋁 厚度0.5mm，PVDF塗料170g/m²，及配件 | C80: Tôn liên doanh Việt hàn, AZ170 | D80: sqm M2 | E80: 16343.46 | F80: 16259.094 | G80: =_xlfn.XLOOKUP(B80, Rate_Master!$A:$A, Rate_Master!$C:$C, "") -> 248400 | H80: =_xlfn.XLOOKUP(B80, Rate_Master!$A:$A, Rate_Master!$D:$D, "") -> 34500 | I80: =+G80+H80 -> 282900 | J80: =I80*E80 -> 4623564834 | K80: =+F80*I80 -> 4.5996977e+09
A81: =$A$79&"."&ROW()-ROW($A$79) -> 1A.S3.2 | B81: Mái đua: Tôn cán cong, 5 sóng công nghiệp, mạ nhôm kẽm thk=0.5mm. Sơn PVDF 170g/m2 và phụ kiện đi kèm 延伸屋頂：彎曲鋼板，5波工業型，鍍鋁鋅厚度0.5mm，PVDF塗料 170g/m²，及配件 | C81: Tôn liên doanh Việt hàn, AZ170 | D81: sqm M2 | E81: 806.382 | F81: 629.802 | G81: =_xlfn.XLOOKUP(B81, Rate_Master!$A:$A, Rate_Master!$C:$C, "") -> 207000 | H81: =_xlfn.XLOOKUP(B81, Rate_Master!$A:$A, Rate_Master!$D:$D, "") -> 34500 | I81: =+G81+H81 -> 241500 | J81: =I81*E81 -> 1.9474125e+08 | K81: =+F81*I81 -> 152097183
A82: =$A$79&"."&ROW()-ROW($A$79) -> 1A.S3.3 | B82: Mái phụ trợ, vách thưng tôn: Tôn 5 sóng công nghiệp, mạ nhôm kẽm thk=0.5mm. Sơn PVDF 170g/m2 và phụ kiện đi kèm 輔助屋頂、鐵皮圍牆：5波工業型，鍍鋁鋅厚度0.5mm，PVDF塗料 170g/m²，及配件 | C82: =+C80 -> Tôn liên doanh Việt hàn, AZ170 | D82: sqm M2 | E82: 409.588 | F82: 361.056 | G82: =_xlfn.XLOOKUP(B82, Rate_Master!$A:$A, Rate_Master!$C:$C, "") -> 195500 | H82: =_xlfn.XLOOKUP(B82, Rate_Master!$A:$A, Rate_Master!$D:$D, "") -> 34500 | I82: =+G82+H82 -> 230000 | J82: =I82*E82 -> 94205240 | K82: =+F82*I82 -> 83042880
A83: =$A$79&"."&ROW()-ROW($A$79) -> 1A.S3.4 | B83: Túi khí cách nhiệt 2 mặt nhôm A2 雙面鋁箔汽包膜 A2 | D83: sqm M2 | E83: 16343.46 | F83: 16259.094 | G83: =_xlfn.XLOOKUP(B83, Rate_Master!$A:$A, Rate_Master!$C:$C, "") -> 23000 | H83: =_xlfn.XLOOKUP(B83, Rate_Master!$A:$A, Rate_Master!$D:$D, "") -> 11500 | I83: =+G83+H83 -> 34500 | J83: =I83*E83 -> 563849370 | K83: =+F83*I83 -> 560938743
A84: =$A$79&"."&ROW()-ROW($A$79) -> 1A.S3.5 | B84: Ke diềm và phụ kiện, tôn phẳng mạ màu thk=0.5mm 收邊條及配件，鍍色鋼平板厚度=0.5mm | C84: Khổ 600-1200mm | D84: M | E84: 921.8 | F84: 1264.83 | G84: =_xlfn.XLOOKUP(B84, Rate_Master!$A:$A, Rate_Master!$C:$C, "") -> 110400 | H84: =_xlfn.XLOOKUP(B84, Rate_Master!$A:$A, Rate_Master!$D:$D, "") -> 17250 | I84: =+G84+H84 -> 127650 | J84: =I84*E84 -> 1.1766777e+08 | K84: =+F84*I84 -> 1.6145555e+08
A85: =$A$79&"."&ROW()-ROW($A$79) -> 1A.S3.6 | B85: Ke diềm và phụ kiện, tôn phẳng mạ màu thk=0.5mm 收邊條及配件，鍍色鋼平板厚度=0.5mm | C85: Khổ 200-600mm | D85: M | E85: 2592 | F85: 2564.4 | G85: =_xlfn.XLOOKUP(B85, Rate_Master!$A:$A, Rate_Master!$C:$C, "") -> 110400 | H85: =_xlfn.XLOOKUP(B85, Rate_Master!$A:$A, Rate_Master!$D:$D, "") -> 17250 | I85: =+G85+H85 -> 127650 | J85: =I85*E85 -> 3.308688e+08 | K85: =+F85*I85 -> 327345660
A86: =$A$79&"."&ROW()-ROW($A$79) -> 1A.S3.7 | B86: Máng nước inox 304 thk=1.2mm, loại 1 不鏽鋼水槽 304 厚度1.2mm | C86: Inox 304, khổ máng 2.2m 304不鏽鋼,槽尺寸2.2m | D86: M | E86: 392.4 | F86: 392.4 | G86: =_xlfn.XLOOKUP(B86, Rate_Master!$A:$A, Rate_Master!$C:$C, "") -> 1976115.4 | H86: =_xlfn.XLOOKUP(B86, Rate_Master!$A:$A, Rate_Master!$D:$D, "") -> 28750 | I86: =+G86+H86 -> 2004865.4 | J86: =I86*E86 -> 7.8670918e+08 | K86: =+F86*I86 -> 7.8670918e+08
A87: =$A$79&"."&ROW()-ROW($A$79) -> 1A.S3.8 | B87: Máng nước inox 304 thk=1.2mm, loại 2 不鏽鋼水槽 304 厚度1.2mm | C87: Inox 304, khổ máng 1.2m 304不鏽鋼,槽尺寸1.2m | D87: M | E87: 196.2 | F87: 196.2 | G87: =_xlfn.XLOOKUP(B87, Rate_Master!$A:$A, Rate_Master!$C:$C, "") -> 1077881.1 | H87: =_xlfn.XLOOKUP(B87, Rate_Master!$A:$A, Rate_Master!$D:$D, "") -> 23000 | I87: =+G87+H87 -> 1100881.1 | J87: =I87*E87 -> 2.1599288e+08 | K87: =+F87*I87 -> 2.1599288e+08
A88: =$A$79&"."&ROW()-ROW($A$79) -> 1A.S3.9 | B88: Cầu chắn rác inox 304 D200mm 不鏽鋼防堵塞過濾網罩 304 D200mm | D88: Pcs | E88: 24 | F88: 38 | G88: =_xlfn.XLOOKUP(B88, Rate_Master!$A:$A, Rate_Master!$C:$C, "") -> 92000 | H88: =_xlfn.XLOOKUP(B88, Rate_Master!$A:$A, Rate_Master!$D:$D, "") -> 11500 | I88: =+G88+H88 -> 103500 | J88: =I88*E88 -> 2484000 | K88: =+F88*I88 -> 3933000
A89: =$A$79&"."&ROW()-ROW($A$79) -> 1A.S3.10 | B89: Ống thoát nước PVC D200 và phụ kiện đi kèm 排水管 PVC D200及配件 | C89: PVC class 2 Sơn dầu bề mặt cùng màu kết cấu (hoặc tường gạch) PVC class 2 油漆表面與結構顏色相同 (或磚牆) | D89: M | E89: 376.2 | F89: 364.8 | G89: =_xlfn.XLOOKUP(B89, Rate_Master!$A:$A, Rate_Master!$C:$C, "") -> 297443.47 | H89: =_xlfn.XLOOKUP(B89, Rate_Master!$A:$A, Rate_Master!$D:$D, "") -> 23000 | I89: =+G89+H89 -> 320443.47 | J89: =I89*E89 -> 1.2055084e+08 | K89: =+F89*I89 -> 1.1689778e+08
A90: =$A$79&"."&ROW()-ROW($A$79) -> 1A.S3.11 | B90: Vận chuyển tôn mái và phụ kiện đến công trình 將屋頂鐵皮及配件運輸至工地 | D90: Lot | E90: 1 | F90: 1 | G90: =_xlfn.XLOOKUP(B90, Rate_Master!$A:$A, Rate_Master!$C:$C, "") -> 0 | H90: =_xlfn.XLOOKUP(B90, Rate_Master!$A:$A, Rate_Master!$D:$D, "") -> 57500000 | I90: =+G90+H90 -> 57500000 | J90: =I90*E90 -> 57500000 | K90: =+F90*I90 -> 57500000
A91: =$A$79&"."&ROW()-ROW($A$79) -> 1A.S3.12 | B91: Nhân công lợp tôn mái và cách nhiệt tại công trình 人工安裝屋頂鐵皮及進行隔熱施工 | D91: sqm M2 | E91: 17559.43 | F91: 17249.952 | G91: =_xlfn.XLOOKUP(B91, Rate_Master!$A:$A, Rate_Master!$C:$C, "") -> 0 | H91: =_xlfn.XLOOKUP(B91, Rate_Master!$A:$A, Rate_Master!$D:$D, "") -> 40250 | I91: =+G91+H91 -> 40250 | J91: =I91*E91 -> 7.0676706e+08 | K91: =+F91*I91 -> 694310568
A92: =$A$79&"."&ROW()-ROW($A$79) -> 1A.S3.13 | B92: Nhân công lắp đặt ke diềm, máng nước, ống xối và phụ kiện tôn tại công trình 人工安裝收邊條、水槽、排水管、鐵板配件 | D92: M | E92: 4478.6 | F92: 4782.63 | G92: =_xlfn.XLOOKUP(B92, Rate_Master!$A:$A, Rate_Master!$C:$C, "") -> 0 | H92: =_xlfn.XLOOKUP(B92, Rate_Master!$A:$A, Rate_Master!$D:$D, "") -> 23000 | I92: =+G92+H92 -> 23000 | J92: =I92*E92 -> 1.030078e+08 | K92: =+F92*I92 -> 1.1000049e+08
A93: =$A$79&"."&ROW()-ROW($A$79) -> 1A.S3.14 | B93: Vật tư phụ khác 其他輔材 | C93: Vít, keo sealant … 螺絲、密封膠等 | D93: Lot | E93: 1 | F93: 1 | G93: =_xlfn.XLOOKUP(B93, Rate_Master!$A:$A, Rate_Master!$C:$C, "") -> 1.4594224e+08 | H93: =_xlfn.XLOOKUP(B93, Rate_Master!$A:$A, Rate_Master!$D:$D, "") -> 0 | I93: =+G93+H93 -> 1.4594224e+08 | J93: =I93*E93 -> 1.4594224e+08 | K93: =+F93*I93 -> 1.4594224e+08
A94: =$A$56&4 -> 1A.S4 | B94: Các công việc khác 其他工項 | G94: =_xlfn.XLOOKUP(B94, Rate_Master!$A:$A, Rate_Master!$C:$C, "") -> 0 | H94: =_xlfn.XLOOKUP(B94, Rate_Master!$A:$A, Rate_Master!$D:$D, "") -> 0 | J94: =SUBTOTAL(9,J95:J102) -> 6.2407074e+08 | K94: =SUBTOTAL(9,K95:K102) -> 420851700
A95: =$A$94&"."&ROW()-ROW($A$94) -> 1A.S4.1 | B95: Cung cấp, vận chuyển và lắp đặt thang leo mái và phụ kiện ( Thang lồng) 提供、運輸及安裝屋頂爬梯及配件（護籠爬梯） | C95: SS400, mạ kẽm nhúng nóng SS400，熱浸鍍鋅 | D95: M | E95: 17.995 | F95: 12 | G95: =_xlfn.XLOOKUP(B95, Rate_Master!$A:$A, Rate_Master!$C:$C, "") -> 5175000 | H95: =_xlfn.XLOOKUP(B95, Rate_Master!$A:$A, Rate_Master!$D:$D, "") -> 0 | I95: =+G95+H95 -> 5175000 | J95: =I95*E95 -> 93124125 | K95: =+F95*I95 -> 62100000
A96: =$A$94&"."&ROW()-ROW($A$94) -> 1A.S4.2 | B96: Cung cấp, vận chuyển và lắp đặt thang leo mái và phụ kiện ( Thang không có lồng) 提供、運輸及安裝屋頂爬梯及配件（無護籠爬梯） | C96: Inox 304 304不鏽鋼 | D96: M | E96: 0 | G96: =_xlfn.XLOOKUP(B96, Rate_Master!$A:$A, Rate_Master!$C:$C, "") -> 0 | H96: =_xlfn.XLOOKUP(B96, Rate_Master!$A:$A, Rate_Master!$D:$D, "") -> 0 | I96: =+G96+H96 -> 0 | J96: =I96*E96 -> 0
A97: =$A$94&"."&ROW()-ROW($A$94) -> 1A.S4.3 | B97: Cung cấp, vận chuyển và lắp đặt lan can cầu thang bộ và phụ kiện 提供、運輸及安裝樓梯扶手及配件 | C97: Thép hộp 方鋼 | D97: M | E97: 0 | G97: =_xlfn.XLOOKUP(B97, Rate_Master!$A:$A, Rate_Master!$C:$C, "") -> 0 | H97: =_xlfn.XLOOKUP(B97, Rate_Master!$A:$A, Rate_Master!$D:$D, "") -> 0 | I97: =+G97+H97 -> 0 | J97: =I97*E97 -> 0
A98: =$A$94&"."&ROW()-ROW($A$94) -> 1A.S4.4 | B98: Cung cấp, vận chuyển và lắp đặt lan can sàn và phụ kiện 提供、運輸及安裝地板欄杆及配件 | C98: Thép hộp 方鋼 | D98: M | E98: 0 | G98: =_xlfn.XLOOKUP(B98, Rate_Master!$A:$A, Rate_Master!$C:$C, "") -> 0 | H98: =_xlfn.XLOOKUP(B98, Rate_Master!$A:$A, Rate_Master!$D:$D, "") -> 0 | I98: =+G98+H98 -> 0 | J98: =I98*E98 -> 0
A99: =$A$94&"."&ROW()-ROW($A$94) -> 1A.S4.5 | B99: Chi phí biện pháp an toàn trong lắp dựng 安全施工措施採取費用 | C99: Bao gồm nhưng không giới hạn lưới an toàn, cảnh báo, cáp neo … 包括但不限於安全網、警告標誌、鋼絲繩等 | D99: sqm M2 | E99: 15597.9 | F99: 15597.9 | G99: =_xlfn.XLOOKUP(B99, Rate_Master!$A:$A, Rate_Master!$C:$C, "") -> 17250 | H99: =_xlfn.XLOOKUP(B99, Rate_Master!$A:$A, Rate_Master!$D:$D, "") -> 5750 | I99: =+G99+H99 -> 23000 | J99: =I99*E99 -> 358751700 | K99: =+F99*I99 -> 358751700
A100: =$A$94&"."&ROW()-ROW($A$94) -> 1A.S4.6 | B100: Sơn chống cháy cho kết cấu chính ( Cột thép, dầm thép, kèo thép) 主結構防火塗料（鋼柱、鋼樑、桁架） | C100: R45 | D100: sqm M2 | E100: 8807.924 | G100: =_xlfn.XLOOKUP(B100, Rate_Master!$A:$A, Rate_Master!$C:$C, "") -> 0 | H100: =_xlfn.XLOOKUP(B100, Rate_Master!$A:$A, Rate_Master!$D:$D, "") -> 0 | I100: =+G100+H100 -> 0 | J100: =I100*E100 -> 0 | L100: Nhà thầu không báo giá
A101: =$A$94&"."&ROW()-ROW($A$94) -> 1A.S4.7 | B101: Chi phí kiểm định sơn chống cháy 防火塗料檢測費用 | D101: Lot | E101: 1 | G101: =_xlfn.XLOOKUP(B101, Rate_Master!$A:$A, Rate_Master!$C:$C, "") -> 0 | H101: =_xlfn.XLOOKUP(B101, Rate_Master!$A:$A, Rate_Master!$D:$D, "") -> 0 | I101: =+G101+H101 -> 0 | J101: =I101*E101 -> 0 | L101: Nhà thầu không báo giá
...

Sheet 2A
A2: 工程標單 (II) 詳細價目表 (Detail sheet)
B3: Chủ đầu tư 業主
B4: Dự án 工程名稱
B5: Địa điểm 工程名稱
B6: Hạng mục công trình | C6: =INDEX(總表!$B$9:$B$47,MATCH('2A'!A9,總表!$A$9:$A$48,0)) -> Nhà xưởng sản xuất 1 一號生產廠房
B7: Nhà thầu thi công | C7: Công ty TNHH Công trình L&K Việt Nam
A8: TT 專案 | B8: Tên hạng mục 專案名稱 | C8: Thông số kỹ thuật , mô tả 規格及說明 | D8: Đơn vị 单位 | E8: Khối lượng 專案數量 | F8: Khối lượng Nhà thầu | G8: Vật tư chính 主要材料 | H8: Nhân công + vật tư phụ+ máy thi công 人工+輔助材料+施工機械 | I8: Đơn giá 專案單價 (VND) | J8: Thành Tiền 專案複價 (VND) | K8: Thành tiền Nhà thầu | L8: Ghi chú
A9: 2A | B9: =C6 -> Nhà xưởng sản xuất 1 一號生產廠房 | G9: =_xlfn.XLOOKUP(B9, Rate_Master!$A:$A, Rate_Master!$C:$C, "") -> 0 | H9: =_xlfn.XLOOKUP(B9, Rate_Master!$A:$A, Rate_Master!$D:$D, "") -> 0 | J9: =SUBTOTAL(9,J10:J172) -> 8.6908269e+10 | K9: =SUBTOTAL(9,K10:K172) -> 8.7899232e+10
A10: =$A$9&".C" -> 2A.C | B10: KẾT CẤU BÊ TÔNG 混凝土結構 | G10: =_xlfn.XLOOKUP(B10, Rate_Master!$A:$A, Rate_Master!$C:$C, "") -> 0 | H10: =_xlfn.XLOOKUP(B10, Rate_Master!$A:$A, Rate_Master!$D:$D, "") -> 0
A11: =$A$10&1 -> 2A.C1 | B11: Công tác cọc 基樁工項 | G11: =_xlfn.XLOOKUP(B11, Rate_Master!$A:$A, Rate_Master!$C:$C, "") -> 0 | H11: =_xlfn.XLOOKUP(B11, Rate_Master!$A:$A, Rate_Master!$D:$D, "") -> 0 | J11: =SUBTOTAL(9,J12:J22) -> 1.4994592e+10 | K11: =SUBTOTAL(9,K12:K22) -> 1.4994592e+10
A12: =$A$11&"."&ROW()-ROW($A$11) -> 2A.C1.1 | B12: Huy động và giải thể thiết bị ép cọc 調動和拆除壓樁設備 | D12: Set | E12: 1 | F12: 1 | G12: =_xlfn.XLOOKUP(B12, Rate_Master!$A:$A, Rate_Master!$C:$C, "") -> 0 | H12: =_xlfn.XLOOKUP(B12, Rate_Master!$A:$A, Rate_Master!$D:$D, "") -> 1.15e+08 | I12: =G12+H12 -> 1.15e+08 | J12: =I12*E12 -> 1.15e+08 | K12: =I12*F12 -> 1.15e+08
A13: =$A$11&"."&ROW()-ROW($A$11) -> 2A.C1.2 | B13: Cung cấp cọc thí nghiệm PHC D400A 提供PHC D400A試驗樁 | D13: M | E13: 288 | F13: 288 | G13: =_xlfn.XLOOKUP(B13, Rate_Master!$A:$A, Rate_Master!$C:$C, "") -> 425500 | H13: =_xlfn.XLOOKUP(B13, Rate_Master!$A:$A, Rate_Master!$D:$D, "") -> 0 | I13: =G13+H13 -> 425500 | J13: =I13*E13 -> 1.22544e+08 | K13: =I13*F13 -> 1.22544e+08
A14: =$A$11&"."&ROW()-ROW($A$11) -> 2A.C1.3 | B14: Thi công khoan dẫn cho cọc thí nghiệm PHC D400A PHC D400A試驗樁導孔施工 | D14: M | E14: 264 | F14: 264 | G14: =_xlfn.XLOOKUP(B14, Rate_Master!$A:$A, Rate_Master!$C:$C, "") -> 0 | H14: =_xlfn.XLOOKUP(B14, Rate_Master!$A:$A, Rate_Master!$D:$D, "") -> 69000 | I14: =G14+H14 -> 69000 | J14: =I14*E14 -> 18216000 | K14: =I14*F14 -> 18216000
A15: =$A$11&"."&ROW()-ROW($A$11) -> 2A.C1.4 | B15: Thi công ép cọc thí nghiệm PHC D400A PHC D400A試驗樁壓樁施工 | D15: M | E15: 276 | F15: 276 | G15: =_xlfn.XLOOKUP(B15, Rate_Master!$A:$A, Rate_Master!$C:$C, "") -> 0 | H15: =_xlfn.XLOOKUP(B15, Rate_Master!$A:$A, Rate_Master!$D:$D, "") -> 57500 | I15: =G15+H15 -> 57500 | J15: =I15*E15 -> 15870000 | K15: =I15*F15 -> 15870000
A16: =$A$11&"."&ROW()-ROW($A$11) -> 2A.C1.5 | B16: Thí nghiệm nén tĩnh cọc (khả năng chịu nén, bao gồm ép cọc thí nghiệm và thí nghiệm nghiệm thu khả năng chịu lực của cọc, cao độ đỉnh cọc là cao độ mặt đất sau khi san lấp mặt bằng, Sức chịu tải của cọc đơn là 1100kN, và Tải trọng thí nghiệm là 2200kN) 基樁靜載試驗(抗壓,含先行試打樁及承載力驗收樁檢測、樁頂標高為整地後地面標高，單樁抗壓承載力特徵值1100kN，試驗值為2200kN) | D16: Pcs | E16: 12 | F16: 12 | G16: =_xlfn.XLOOKUP(B16, Rate_Master!$A:$A, Rate_Master!$C:$C, "") -> 0 | H16: =_xlfn.XLOOKUP(B16, Rate_Master!$A:$A, Rate_Master!$D:$D, "") -> 13800000 | I16: =G16+H16 -> 13800000 | J16: =I16*E16 -> 1.656e+08 | K16: =I16*F16 -> 1.656e+08
A17: =$A$11&"."&ROW()-ROW($A$11) -> 2A.C1.6 | B17: Thí nghiệm biến dạng nhỏ PIT cho cọc 基樁小應變試驗 | D17: Pcs | E17: 238 | F17: 238 | G17: =_xlfn.XLOOKUP(B17, Rate_Master!$A:$A, Rate_Master!$C:$C, "") -> 0 | H17: =_xlfn.XLOOKUP(B17, Rate_Master!$A:$A, Rate_Master!$D:$D, "") -> 253000 | I17: =G17+H17 -> 253000 | J17: =I17*E17 -> 60214000 | K17: =I17*F17 -> 60214000
A18: =$A$11&"."&ROW()-ROW($A$11) -> 2A.C1.7 | B18: Cung cấp cọc đại trà PHC D400A 提供PHC D400A工程樁 | D18: M | E18: 25850 | F18: 25850 | G18: =_xlfn.XLOOKUP(B18, Rate_Master!$A:$A, Rate_Master!$C:$C, "") -> 402500 | H18: =_xlfn.XLOOKUP(B18, Rate_Master!$A:$A, Rate_Master!$D:$D, "") -> 0 | I18: =G18+H18 -> 402500 | J18: =I18*E18 -> 1.0404625e+10 | K18: =I18*F18 -> 1.0404625e+10
A19: =$A$11&"."&ROW()-ROW($A$11) -> 2A.C1.8 | B19: Cung cấp mũi cọc D400 提供D400樁尖 | D19: Pcs | E19: 1187 | F19: 1187 | G19: =_xlfn.XLOOKUP(B19, Rate_Master!$A:$A, Rate_Master!$C:$C, "") -> 80500 | H19: =_xlfn.XLOOKUP(B19, Rate_Master!$A:$A, Rate_Master!$D:$D, "") -> 0 | I19: =G19+H19 -> 80500 | J19: =I19*E19 -> 95553500 | K19: =I19*F19 -> 95553500
A20: =$A$11&"."&ROW()-ROW($A$11) -> 2A.C1.9 | B20: Thi công khoan dẫn cho cọc đại trà PHC D400A PHC D400A工程樁導孔施工 | D20: M | E20: 25019.6 | F20: 25019.6 | G20: =_xlfn.XLOOKUP(B20, Rate_Master!$A:$A, Rate_Master!$C:$C, "") -> 0 | H20: =_xlfn.XLOOKUP(B20, Rate_Master!$A:$A, Rate_Master!$D:$D, "") -> 69000 | I20: =G20+H20 -> 69000 | J20: =I20*E20 -> 1726352400 | K20: =I20*F20 -> 1726352400
A21: =$A$11&"."&ROW()-ROW($A$11) -> 2A.C1.10 | B21: Thi công ép cọc đại trà PHC D400A PHC D400A工程樁壓樁施工 | D21: M | E21: 26194.6 | F21: 26194.6 | G21: =_xlfn.XLOOKUP(B21, Rate_Master!$A:$A, Rate_Master!$C:$C, "") -> 0 | H21: =_xlfn.XLOOKUP(B21, Rate_Master!$A:$A, Rate_Master!$D:$D, "") -> 57500 | I21: =G21+H21 -> 57500 | J21: =I21*E21 -> 1.5061895e+09 | K21: =I21*F21 -> 1.5061895e+09
A22: =$A$11&"."&ROW()-ROW($A$11) -> 2A.C1.11 | B22: Xử lý đầu cọc D400 ( Bao gồm cắt , cốt thép, bê tông đầu cọc và vận chuyển đầu cọc thừa ra ngoài công trường nếu có) 樁頭處理D400mm(包括切割、鋼筋、樁頭混凝土以及將多餘的樁頭移運到工地外面) | D22: Pcs | E22: 1187 | F22: 1187 | G22: =_xlfn.XLOOKUP(B22, Rate_Master!$A:$A, Rate_Master!$C:$C, "") -> 483000 | H22: =_xlfn.XLOOKUP(B22, Rate_Master!$A:$A, Rate_Master!$D:$D, "") -> 161000 | I22: =G22+H22 -> 644000 | J22: =I22*E22 -> 764428000 | K22: =I22*F22 -> 764428000
A23: =$A$10&2 -> 2A.C2 | B23: Công tác đất 土方工項 | G23: =_xlfn.XLOOKUP(B23, Rate_Master!$A:$A, Rate_Master!$C:$C, "") -> 0 | H23: =_xlfn.XLOOKUP(B23, Rate_Master!$A:$A, Rate_Master!$D:$D, "") -> 0 | J23: =SUBTOTAL(9,J24:J31) -> 3.8083103e+09 | K23: =SUBTOTAL(9,K24:K31) -> 3.8083103e+09
A24: =$A$23&"."&ROW()-ROW($A$23) -> 2A.C2.1 | B24: Đào đất móng, dầm móng 地基、基礎梁開挖 | D24: cum M3 | E24: 3749.482 | F24: 3749.482 | G24: =_xlfn.XLOOKUP(B24, Rate_Master!$A:$A, Rate_Master!$C:$C, "") -> 0 | H24: =_xlfn.XLOOKUP(B24, Rate_Master!$A:$A, Rate_Master!$D:$D, "") -> 32200 | I24: =G24+H24 -> 32200 | J24: =I24*E24 -> 1.2073332e+08 | K24: =I24*F24 -> 1.2073332e+08
A25: =$A$23&"."&ROW()-ROW($A$23) -> 2A.C2.2 | B25: Đầm chặt đất đáy móng, dầm móng 將基礎底部土壤、基礎梁壓實 | D25: sqm M2 | E25: 4055.43 | F25: 4055.43 | G25: =_xlfn.XLOOKUP(B25, Rate_Master!$A:$A, Rate_Master!$C:$C, "") -> 0 | H25: =_xlfn.XLOOKUP(B25, Rate_Master!$A:$A, Rate_Master!$D:$D, "") -> 17250 | I25: =G25+H25 -> 17250 | J25: =I25*E25 -> 69956168 | K25: =I25*F25 -> 69956168
A26: =$A$23&"."&ROW()-ROW($A$23) -> 2A.C2.3 | B26: Lấp đất móng và đầm chặt 將基礎回填並壓實 | D26: cum M3 | E26: 2420.016 | F26: 2420.016 | G26: =_xlfn.XLOOKUP(B26, Rate_Master!$A:$A, Rate_Master!$C:$C, "") -> 0 | H26: =_xlfn.XLOOKUP(B26, Rate_Master!$A:$A, Rate_Master!$D:$D, "") -> 37950 | I26: =G26+H26 -> 37950 | J26: =I26*E26 -> 91839607 | K26: =I26*F26 -> 91839607
A27: =$A$23&"."&ROW()-ROW($A$23) -> 2A.C2.4 | B27: Vận chuyển xử lý đất thừa ( Trong phạm vi công trường) 多餘土壤運輸和處理（施工現場內） | C27: Tận dụng đắp nền nhà xưởng 回填利用廠房地坪 | D27: cum M3 | E27: 1329.466 | F27: 1329.466 | G27: =_xlfn.XLOOKUP(B27, Rate_Master!$A:$A, Rate_Master!$C:$C, "") -> 0 | H27: =_xlfn.XLOOKUP(B27, Rate_Master!$A:$A, Rate_Master!$D:$D, "") -> 32200 | I27: =G27+H27 -> 32200 | J27: =I27*E27 -> 42808805 | K27: =I27*F27 -> 42808805
A28: =$A$23&"."&ROW()-ROW($A$23) -> 2A.C2.5 | B28: Lớp nylon lót cho bê tông lót đài móng dầm móng 用於混凝土承台和基礎樑的尼龍墊層 | D28: sqm M2 | E28: 4055.43 | F28: 4055.43 | G28: =_xlfn.XLOOKUP(B28, Rate_Master!$A:$A, Rate_Master!$C:$C, "") -> 6900 | H28: =_xlfn.XLOOKUP(B28, Rate_Master!$A:$A, Rate_Master!$D:$D, "") -> 1725 | I28: =G28+H28 -> 8625 | J28: =I28*E28 -> 34978084 | K28: =I28*F28 -> 34978084
A29: =$A$23&"."&ROW()-ROW($A$23) -> 2A.C2.6 | B29: Lớp màng HDPE chống ẩm, chống thấm dày 0.3mm ( hàn nhiệt) cho sàn nền tầng 1 一樓地板防潮防水HDPE膜層0.3mm厚（熱焊接） | D29: sqm M2 | E29: 12742.656 | F29: 12742.656 | G29: =_xlfn.XLOOKUP(B29, Rate_Master!$A:$A, Rate_Master!$C:$C, "") -> 34500 | H29: =_xlfn.XLOOKUP(B29, Rate_Master!$A:$A, Rate_Master!$D:$D, "") -> 5750 | I29: =G29+H29 -> 40250 | J29: =I29*E29 -> 5.128919e+08 | K29: =I29*F29 -> 5.128919e+08
A30: =$A$23&"."&ROW()-ROW($A$23) -> 2A.C2.7 | B30: San gạt, lu nền hiện trạng nhà xưởng, độ chặt k>=0.90 整平並碾壓廠房現況地基，壓實系數k≥0.90 | D30: sqm M2 | E30: 12742.656 | F30: 12742.656 | G30: =_xlfn.XLOOKUP(B30, Rate_Master!$A:$A, Rate_Master!$C:$C, "") -> 0 | H30: =_xlfn.XLOOKUP(B30, Rate_Master!$A:$A, Rate_Master!$D:$D, "") -> 13800 | I30: =G30+H30 -> 13800 | J30: =I30*E30 -> 1.7584865e+08 | K30: =I30*F30 -> 1.7584865e+08
A31: =$A$23&"."&ROW()-ROW($A$23) -> 2A.C2.8 | B31: Cấp phối đá dăm loại II đầm chặt,dày 35cm, k>=0.92 二型碎石級配層35cm厚，壓實k>=0.92 | D31: cum M3 | E31: 4480.581 | F31: 4480.581 | G31: =_xlfn.XLOOKUP(B31, Rate_Master!$A:$A, Rate_Master!$C:$C, "") -> 512325 | H31: =_xlfn.XLOOKUP(B31, Rate_Master!$A:$A, Rate_Master!$D:$D, "") -> 103500 | I31: =G31+H31 -> 615825 | J31: =I31*E31 -> 2.7592538e+09 | K31: =I31*F31 -> 2.7592538e+09
A32: =$A$10&3 -> 2A.C3 | B32: Công tác bê tông 混凝土工項 | G32: =_xlfn.XLOOKUP(B32, Rate_Master!$A:$A, Rate_Master!$C:$C, "") -> 0 | H32: =_xlfn.XLOOKUP(B32, Rate_Master!$A:$A, Rate_Master!$D:$D, "") -> 0 | J32: =SUBTOTAL(9,J33:J39) -> 1.1916675e+10 | K32: =SUBTOTAL(9,K33:K39) -> 1.1916675e+10
A33: =$A$32&"."&ROW()-ROW($A$32) -> 2A.C3.1 | B33: Bê tông lót đá 1x2 B7.5 cho móng, dầm móng, nền 基礎、基礎樑、底層的石1x2 B7.5混凝土墊層 | D33: cum M3 | E33: 408.693 | F33: 408.693 | G33: =_xlfn.XLOOKUP(B33, Rate_Master!$A:$A, Rate_Master!$C:$C, "") -> 1249762.5 | H33: =_xlfn.XLOOKUP(B33, Rate_Master!$A:$A, Rate_Master!$D:$D, "") -> 207000 | I33: =+H33+G33 -> 1456762.5 | J33: =I33*E33 -> 5.9536864e+08 | K33: =I33*F33 -> 5.9536864e+08
A34: =$A$32&"."&ROW()-ROW($A$32) -> 2A.C3.2 | B34: Bê tông đá 1x2 B30 cho đài móng, dầm móng, cổ cột, vách hố pit thang máy,nền sàn tầng 1 承台、基礎樑、柱頸、電梯坑、一層地面的石1x2 B30混凝土 | D34: cum M3 | E34: 6225.379 | F34: 6225.379 | G34: =_xlfn.XLOOKUP(B34, Rate_Master!$A:$A, Rate_Master!$C:$C, "") -> 1607444.4 | H34: =_xlfn.XLOOKUP(B34, Rate_Master!$A:$A, Rate_Master!$D:$D, "") -> 149500 | I34: =+H34+G34 -> 1756944.4 | J34: =I34*E34 -> 1.0937645e+10 | K34: =I34*F34 -> 1.0937645e+10
A35: =$A$32&"."&ROW()-ROW($A$32) -> 2A.C3.3 | B35: Bê tông đá 1x2 B30 cho cột từ tầng 1 đến tầng mái 從一層到屋頂的柱子採用石1x2 B30混凝土 | D35: cum M3 | E35: 83.051 | F35: 83.051 | G35: =_xlfn.XLOOKUP(B35, Rate_Master!$A:$A, Rate_Master!$C:$C, "") -> 1520555.6 | H35: =_xlfn.XLOOKUP(B35, Rate_Master!$A:$A, Rate_Master!$D:$D, "") -> 253000 | I35: =+H35+G35 -> 1773555.6 | J35: =I35*E35 -> 1.4729556e+08 | K35: =I35*F35 -> 1.4729556e+08
A36: =$A$32&"."&ROW()-ROW($A$32) -> 2A.C3.4 | B36: Bê tông đá 1x2 B30 cho dầm sàn từ tầng 2 đến tầng mái 二樓至屋頂地板樑的石1x2 B30混凝土 | D36: cum M3 | E36: 49.571 | F36: 49.571 | G36: =_xlfn.XLOOKUP(B36, Rate_Master!$A:$A, Rate_Master!$C:$C, "") -> 1520555.6 | H36: =_xlfn.XLOOKUP(B36, Rate_Master!$A:$A, Rate_Master!$D:$D, "") -> 149500 | I36: =+H36+G36 -> 1670055.6 | J36: =I36*E36 -> 82786324 | K36: =I36*F36 -> 82786324
A37: =$A$32&"."&ROW()-ROW($A$32) -> 2A.C3.5 | B37: Bê tông đá mi M250 bảo vệ lớp chống thấm mái 保護屋頂防水層的石M250混凝土 | D37: cum M3 | E37: 3.22914 | F37: 3.22914 | G37: =_xlfn.XLOOKUP(B37, Rate_Master!$A:$A, Rate_Master!$C:$C, "") -> 1390222.2 | H37: =_xlfn.XLOOKUP(B37, Rate_Master!$A:$A, Rate_Master!$D:$D, "") -> 149500 | I37: =+H37+G37 -> 1539722.2 | J37: =I37*E37 -> 4971978.6 | K37: =I37*F37 -> 4971978.6
A38: =$A$32&"."&ROW()-ROW($A$32) -> 2A.C3.6 | B38: Bê tông đá mi M250 bảo vệ chân cột kết cấu thép thép 保護鋼結構柱腳之M250細石混凝土 | D38: cum M3 | E38: 48.546 | F38: 48.546 | G38: =_xlfn.XLOOKUP(B38, Rate_Master!$A:$A, Rate_Master!$C:$C, "") -> 1390222.2 | H38: =_xlfn.XLOOKUP(B38, Rate_Master!$A:$A, Rate_Master!$D:$D, "") -> 149500 | I38: =+H38+G38 -> 1539722.2 | J38: =I38*E38 -> 74747355 | K38: =I38*F38 -> 74747355
A39: =$A$32&"."&ROW()-ROW($A$32) -> 2A.C3.7 | B39: Vữa tự chảy không co ngót cường độ cao cho chân cột kết cấu thép ‌鋼結構柱腳的高強度無收縮自流砂漿 | D39: cum M3 | E39: 2.4273 | F39: 2.4273 | G39: =_xlfn.XLOOKUP(B39, Rate_Master!$A:$A, Rate_Master!$C:$C, "") -> 22425000 | H39: =_xlfn.XLOOKUP(B39, Rate_Master!$A:$A, Rate_Master!$D:$D, "") -> 8004000 | I39: =+H39+G39 -> 30429000 | J39: =I39*E39 -> 73860312 | K39: =I39*F39 -> 73860312
A40: =$A$10&4 -> 2A.C4 | B40: Công tác ván khuôn 模板工項 | G40: =_xlfn.XLOOKUP(B40, Rate_Master!$A:$A, Rate_Master!$C:$C, "") -> 0 | H40: =_xlfn.XLOOKUP(B40, Rate_Master!$A:$A, Rate_Master!$D:$D, "") -> 0 | J40: =SUBTOTAL(9,J41:J45) -> 2.511177e+09 | K40: =SUBTOTAL(9,K41:K45) -> 2.511177e+09
A41: =$A$40&"."&ROW()-ROW($A$40) -> 2A.C4.1 | B41: Ván khuôn bê tông lót cho móng, dầm móng, nền 基礎、基礎樑和地面的混凝土墊層模板 | D41: sqm M2 | E41: 1091.083 | F41: 1091.083 | G41: =_xlfn.XLOOKUP(B41, Rate_Master!$A:$A, Rate_Master!$C:$C, "") -> 80500 | H41: =_xlfn.XLOOKUP(B41, Rate_Master!$A:$A, Rate_Master!$D:$D, "") -> 92000 | I41: =+H41+G41 -> 172500 | J41: =I41*E41 -> 1.8821182e+08 | K41: =I41*F41 -> 1.8821182e+08
A42: =$A$40&"."&ROW()-ROW($A$40) -> 2A.C4.2 | B42: Ván khuôn cho đài móng, dầm móng, cổ cột, vách hố pit thang máy,nền sàn tầng 1 承台、基礎樑、柱頸、電梯坑、一層地面的模板 | D42: sqm M2 | E42: 8088.594 | F42: 8088.594 | G42: =_xlfn.XLOOKUP(B42, Rate_Master!$A:$A, Rate_Master!$C:$C, "") -> 126500 | H42: =_xlfn.XLOOKUP(B42, Rate_Master!$A:$A, Rate_Master!$D:$D, "") -> 103500 | I42: =+H42+G42 -> 230000 | J42: =I42*E42 -> 1.8603766e+09 | K42: =I42*F42 -> 1.8603766e+09
A43: =$A$40&"."&ROW()-ROW($A$40) -> 2A.C4.3 | B43: Ván khuôn cho cột từ tầng 1 đến tầng mái 從一樓到屋頂的柱子模板 | D43: sqm M2 | E43: 1082.816 | F43: 1082.816 | G43: =_xlfn.XLOOKUP(B43, Rate_Master!$A:$A, Rate_Master!$C:$C, "") -> 126500 | H43: =_xlfn.XLOOKUP(B43, Rate_Master!$A:$A, Rate_Master!$D:$D, "") -> 149500 | I43: =+H43+G43 -> 276000 | J43: =I43*E43 -> 298857216 | K43: =I43*F43 -> 298857216
A44: =$A$40&"."&ROW()-ROW($A$40) -> 2A.C4.4 | B44: Ván khuôn cho dầm sàn từ tầng 2 đến tầng mái 二樓至屋頂地板樑的模板 | D44: sqm M2 | E44: 396.795 | F44: 396.795 | G44: =_xlfn.XLOOKUP(B44, Rate_Master!$A:$A, Rate_Master!$C:$C, "") -> 126500 | H44: =_xlfn.XLOOKUP(B44, Rate_Master!$A:$A, Rate_Master!$D:$D, "") -> 115000 | I44: =+H44+G44 -> 241500 | J44: =I44*E44 -> 95825992 | K44: =I44*F44 -> 95825992
A45: =$A$40&"."&ROW()-ROW($A$40) -> 2A.C4.5 | B45: Ván khuôn cho bê tông bảo vệ chân cột kết cấu thép ‌鋼結構柱腳保護混凝土之模板 | D45: sqm M2 | E45: 302.811 | F45: 302.811 | G45: =_xlfn.XLOOKUP(B45, Rate_Master!$A:$A, Rate_Master!$C:$C, "") -> 126500 | H45: =_xlfn.XLOOKUP(B45, Rate_Master!$A:$A, Rate_Master!$D:$D, "") -> 97750 | I45: =+H45+G45 -> 224250 | J45: =I45*E45 -> 67905367 | K45: =I45*F45 -> 67905367
A46: =$A$10&5 -> 2A.C5 | B46: Công tác cốt thép 鋼筋工項 | G46: =_xlfn.XLOOKUP(B46, Rate_Master!$A:$A, Rate_Master!$C:$C, "") -> 0 | H46: =_xlfn.XLOOKUP(B46, Rate_Master!$A:$A, Rate_Master!$D:$D, "") -> 0 | J46: =SUBTOTAL(9,J47:J51) -> 1.6516587e+10 | K46: =SUBTOTAL(9,K47:K51) -> 1.6516587e+10
A47: =$A$46&"."&ROW()-ROW($A$46) -> 2A.C5.1 | B47: Cốt thép cho đài móng, dầm móng, cổ cột, tường vách ,nền sàn tầng 1 承台、基礎樑、柱頸、隔間牆、一層地面的鋼筋 | C47: d<10 CB240T; d>=10 CB500V | D47: Kg | E47: 769087.84 | F47: 769087.84 | G47: =_xlfn.XLOOKUP(B47, Rate_Master!$A:$A, Rate_Master!$C:$C, "") -> 16770.565 | H47: =_xlfn.XLOOKUP(B47, Rate_Master!$A:$A, Rate_Master!$D:$D, "") -> 2875 | I47: =+H47+G47 -> 19645.565 | J47: =I47*E47 -> 1.5109165e+10 | K47: =I47*F47 -> 1.5109165e+10
A48: =$A$46&"."&ROW()-ROW($A$46) -> 2A.C5.2 | B48: Cốt thép cho cột, vách từ tầng 1 đến tầng mái 從一層到屋頂的柱子、隔間鋼筋 | C48: d<10 CB240T; d>=10 CB500V | D48: Kg | E48: 21853.402 | F48: 21853.402 | G48: =_xlfn.XLOOKUP(B48, Rate_Master!$A:$A, Rate_Master!$C:$C, "") -> 16770.565 | H48: =_xlfn.XLOOKUP(B48, Rate_Master!$A:$A, Rate_Master!$D:$D, "") -> 3680 | I48: =+H48+G48 -> 20450.565 | J48: =I48*E48 -> 4.4691442e+08 | K48: =I48*F48 -> 4.4691442e+08
A49: =$A$46&"."&ROW()-ROW($A$46) -> 2A.C5.3 | B49: Cốt thép cho dầm sàn từ tầng 2 đến tầng mái 二樓至屋頂地板樑的鋼筋 | C49: d<10 CB240T; d>=10 CB500V | D49: Kg | E49: 8742.005 | F49: 8742.005 | G49: =_xlfn.XLOOKUP(B49, Rate_Master!$A:$A, Rate_Master!$C:$C, "") -> 16770.565 | H49: =_xlfn.XLOOKUP(B49, Rate_Master!$A:$A, Rate_Master!$D:$D, "") -> 3450 | I49: =+H49+G49 -> 20220.565 | J49: =I49*E49 -> 1.7676828e+08 | K49: =I49*F49 -> 1.7676828e+08
A50: =$A$46&"."&ROW()-ROW($A$46) -> 2A.C5.4 | B50: Cốt thép cho giằng tường, bổ trụ từ tầng 1 đến tầng mái 從一層到屋頂的加強柱、加強樑 | C50: d<10 CB240T; d>=10 CB500V | D50: Kg | E50: 38249.648 | F50: 38249.648 | G50: =_xlfn.XLOOKUP(B50, Rate_Master!$A:$A, Rate_Master!$C:$C, "") -> 16770.565 | H50: =_xlfn.XLOOKUP(B50, Rate_Master!$A:$A, Rate_Master!$D:$D, "") -> 3680 | I50: =+H50+G50 -> 20450.565 | J50: =I50*E50 -> 7.8222691e+08 | K50: =I50*F50 -> 7.8222691e+08
A51: =$A$46&"."&ROW()-ROW($A$46) -> 2A.C5.5 | B51: Lưới thép hàn 電焊鋼絲網 | C51: fy=485Mpa | D51: Kg | E51: 71.04108 | F51: 71.04108 | G51: =_xlfn.XLOOKUP(B51, Rate_Master!$A:$A, Rate_Master!$C:$C, "") -> 17834.66 | H51: =_xlfn.XLOOKUP(B51, Rate_Master!$A:$A, Rate_Master!$D:$D, "") -> 3450 | I51: =+H51+G51 -> 21284.66 | J51: =I51*E51 -> 1512085.2 | K51: =I51*F51 -> 1512085.2
A52: =$A$10&6 -> 2A.C6 | B52: Công tác kết cấu khác 其他結構工項 | G52: =_xlfn.XLOOKUP(B52, Rate_Master!$A:$A, Rate_Master!$C:$C, "") -> 0 | H52: =_xlfn.XLOOKUP(B52, Rate_Master!$A:$A, Rate_Master!$D:$D, "") -> 0 | I52: =G52+H52 -> 0 | J52: =SUBTOTAL(9,J53:J55) -> 8.3977349e+08 | K52: =SUBTOTAL(9,K53:K55) -> 8.3977349e+08
A53: =$A$52&"."&ROW()-ROW($A$52) -> 2A.C6.1 | B53: Hoàn thiện đánh bóng bề mặt bê tông bằng máy 使用機器打磨混凝土表面 | D53: sqm M2 | E53: 15469.538 | F53: 15469.538 | G53: =_xlfn.XLOOKUP(B53, Rate_Master!$A:$A, Rate_Master!$C:$C, "") -> 14950 | H53: =_xlfn.XLOOKUP(B53, Rate_Master!$A:$A, Rate_Master!$D:$D, "") -> 17250 | I53: =+H53+G53 -> 32200 | J53: =I53*E53 -> 4.9811912e+08 | K53: =I53*F53 -> 4.9811912e+08
A54: =$A$52&"."&ROW()-ROW($A$52) -> 2A.C6.2 | B54: Cắt mạch bê tông khe co rộng 5mm, sâu 10mm khoảng cách @3*3m. Chèn khe bằng flexiseal. 切割混凝土伸縮縫，寬5mm，深10mm，間距@3×3m。使用彈性密封劑的聚氨酯填縫 | D54: M | E54: 11883.63 | F54: 11883.63 | G54: =_xlfn.XLOOKUP(B54, Rate_Master!$A:$A, Rate_Master!$C:$C, "") -> 5750 | H54: =_xlfn.XLOOKUP(B54, Rate_Master!$A:$A, Rate_Master!$D:$D, "") -> 23000 | I54: =+H54+G54 -> 28750 | J54: =I54*E54 -> 3.4165436e+08 | K54: =I54*F54 -> 3.4165436e+08
A55: =$A$52&"."&ROW()-ROW($A$52) -> 2A.C6.3 | B55: Cung cấp lắp đặt băng cản nước V20 cho hố pít thang máy 電梯底坑V20止水帶供應與安裝 | D55: M | E55: 0 | F55: 0 | G55: =_xlfn.XLOOKUP(B55, Rate_Master!$A:$A, Rate_Master!$C:$C, "") -> 172500 | H55: =_xlfn.XLOOKUP(B55, Rate_Master!$A:$A, Rate_Master!$D:$D, "") -> 57500 | I55: =+H55+G55 -> 230000 | J55: =I55*E55 -> 0 | K55: =I55*F55 -> 0
A56: =$A$9&".S" -> 2A.S | B56: KẾT CẤU THÉP 鋼結構 | G56: =_xlfn.XLOOKUP(B56, Rate_Master!$A:$A, Rate_Master!$C:$C, "") -> 0 | H56: =_xlfn.XLOOKUP(B56, Rate_Master!$A:$A, Rate_Master!$D:$D, "") -> 0
A57: =$A$56&1 -> 2A.S1 | B57: Kết cấu khung thép 鋼架結構 | G57: =_xlfn.XLOOKUP(B57, Rate_Master!$A:$A, Rate_Master!$C:$C, "") -> 0 | H57: =_xlfn.XLOOKUP(B57, Rate_Master!$A:$A, Rate_Master!$D:$D, "") -> 0 | J57: =SUBTOTAL(9,J58:J72) -> 1.5950677e+10 | K57: =SUBTOTAL(9,K58:K72) -> 1.7045625e+10
A58: =$A$57&"."&ROW()-ROW($A$57) -> 2A.S1.1 | B58: Sản xuất hoàn thiện kết cấu thép tấm tổ hợp : Cột thép, dầm thép, kèo thép, giằng thép tổ hợp 製造完整鋼板組合結構：鋼柱、鋼樑、桁架、支撐鋼 | C58: Thép Q355B. Phun bi làm sạch SA2.0. Sơn 1 lớp chống gỉ dày 30µm Q355B鋼材。噴丸清理SA2.0。塗一層30µm厚的防鏽塗料 | D58: Kg | E58: 387946.04 | F58: 399988.62 | G58: =_xlfn.XLOOKUP(B58, Rate_Master!$A:$A, Rate_Master!$C:$C, "") -> 20475 | H58: =_xlfn.XLOOKUP(B58, Rate_Master!$A:$A, Rate_Master!$D:$D, "") -> 0 | I58: =+SUM(G58:H58) -> 20475 | J58: =I58*E58 -> 7.9431951e+09 | K58: =+F58*I58 -> 8.1897671e+09
A59: =$A$57&"."&ROW()-ROW($A$57) -> 2A.S1.2 | B59: Sản xuất hoàn thiện kết cấu thép phụ : Giằng thép hình 製造完整次要鋼結構：有型支撐鋼 | C59: Thép SS400 hoặc tương đương.Phun bi làm sạch SA2.0. Sơn 1 lớp chống gỉ, 2 lớp sơn phủ màu tổng độ dày 80µm SS400鋼材或同等材質。噴丸清理SA2.0。塗一層防鏽塗料，塗兩層面漆，總厚度80µm 。 | D59: Kg | E59: 64978.07 | F59: 69289.222 | G59: =_xlfn.XLOOKUP(B59, Rate_Master!$A:$A, Rate_Master!$C:$C, "") -> 26775 | H59: =_xlfn.XLOOKUP(B59, Rate_Master!$A:$A, Rate_Master!$D:$D, "") -> 0 | I59: =+SUM(G59:H59) -> 26775 | J59: =I59*E59 -> 1.7397878e+09 | K59: =+F59*I59 -> 1.8552189e+09
A60: =$A$57&"."&ROW()-ROW($A$57) -> 2A.S1.3 | B60: Sản xuất hoàn thiện kết cấu thép phụ : Giằng thép tròn 製造完整次要鋼結構：圓支撐鋼 | C60: Thép SS400 hoặc tương đương.Phun bi làm sạch SA2.0. Sơn 1 lớp chống gỉ, 2 lớp sơn phủ màu tổng độ dày 80µm SS400鋼材或同等材質。噴丸清理SA2.0。塗一層防鏽塗料，塗兩層面漆，總厚度80微米。 | D60: Kg | E60: 3760.4352 | F60: 4234.58 | G60: =_xlfn.XLOOKUP(B60, Rate_Master!$A:$A, Rate_Master!$C:$C, "") -> 36750 | H60: =_xlfn.XLOOKUP(B60, Rate_Master!$A:$A, Rate_Master!$D:$D, "") -> 0 | I60: =+SUM(G60:H60) -> 36750 | J60: =I60*E60 -> 1.3819599e+08 | K60: =+F60*I60 -> 1.5562082e+08
A61: =$A$57&"."&ROW()-ROW($A$57) -> 2A.S1.4 | B61: Sản xuất hoàn thiện xà gồ thép hộp 製造完整方鋼檁條 | C61: Thép SS400 hoặc tương đương.Phun bi làm sạch SA2.0. Sơn 1 lớp chống gỉ, 2 lớp sơn phủ màu tổng độ dày 80µm SS400鋼材或同等材質。噴丸清理SA2.0。塗一層防鏽塗料，塗兩層面漆，總厚度80微米。 | D61: Kg | E61: 9241.02 | F61: 9552.1421 | G61: =_xlfn.XLOOKUP(B61, Rate_Master!$A:$A, Rate_Master!$C:$C, "") -> 26775 | H61: =_xlfn.XLOOKUP(B61, Rate_Master!$A:$A, Rate_Master!$D:$D, "") -> 0 | I61: =+SUM(G61:H61) -> 26775 | J61: =I61*E61 -> 2.4742831e+08 | K61: =+F61*I61 -> 2.557586e+08
A62: =$A$57&"."&ROW()-ROW($A$57) -> 2A.S1.5 | B62: Sản xuất hoàn thiện xà gồ mạ kẽm 製造鍍鋅檁條 | C62: Thép G450. mạ kẽm, độ mạ Z275 G450鋼材。鍍鋅，鍍層厚度Z275 | D62: Kg | E62: 87669.66 | F62: 107870.82 | G62: =_xlfn.XLOOKUP(B62, Rate_Master!$A:$A, Rate_Master!$C:$C, "") -> 22365 | H62: =_xlfn.XLOOKUP(B62, Rate_Master!$A:$A, Rate_Master!$D:$D, "") -> 0 | I62: =+SUM(G62:H62) -> 22365 | J62: =I62*E62 -> 1.960732e+09 | K62: =+F62*I62 -> 2.4125308e+09
A63: =$A$57&"."&ROW()-ROW($A$57) -> 2A.S1.6 | B63: Sản xuất hoàn thiện ty giằng xà gồ 製造完整檁條拉桿 | C63: Thép SS400 hoặc tương đương. Mạ kẽm điện phân SS400鋼材或同等材質。電鍍鋅 | D63: Kg | E63: 9037.4376 | F63: 8523.2 | G63: =_xlfn.XLOOKUP(B63, Rate_Master!$A:$A, Rate_Master!$C:$C, "") -> 36750 | H63: =_xlfn.XLOOKUP(B63, Rate_Master!$A:$A, Rate_Master!$D:$D, "") -> 0 | I63: =+SUM(G63:H63) -> 36750 | J63: =I63*E63 -> 3.3212583e+08 | K63: =+F63*I63 -> 3.132276e+08
A64: =$A$57&"."&ROW()-ROW($A$57) -> 2A.S1.7 | B64: Sản xuất hoàn thiện chống lật xà gồ 製造完整檩条防翻 | C64: Thép SS400 hoặc tương đương. Mạ kẽm SS400鋼材或同等材質。鍍鋅 | D64: Kg | E64: 6723.6192 | F64: 8799.2474 | G64: =_xlfn.XLOOKUP(B64, Rate_Master!$A:$A, Rate_Master!$C:$C, "") -> 27930 | H64: =_xlfn.XLOOKUP(B64, Rate_Master!$A:$A, Rate_Master!$D:$D, "") -> 0 | I64: =+SUM(G64:H64) -> 27930 | J64: =I64*E64 -> 1.8779068e+08 | K64: =+F64*I64 -> 2.4576298e+08
A65: =$A$57&"."&ROW()-ROW($A$57) -> 2A.S1.8 | B65: Bu lông móng 基礎螺栓 | C65: Cấp bền 5.6 mạ kẽm đầu ren 5.6耐久等級鍍鋅螺紋頭 | D65: Kg | E65: 10507.8 | F65: 10304.72 | G65: =_xlfn.XLOOKUP(B65, Rate_Master!$A:$A, Rate_Master!$C:$C, "") -> 52500 | H65: =_xlfn.XLOOKUP(B65, Rate_Master!$A:$A, Rate_Master!$D:$D, "") -> 0 | I65: =+SUM(G65:H65) -> 52500 | J65: =I65*E65 -> 551659500 | K65: =+F65*I65 -> 540997800
A66: =$A$57&"."&ROW()-ROW($A$57) -> 2A.S1.9 | B66: Bu lông liên kết cường độ cao 高強度連接螺栓 | C66: Cấp bền 8.8, mạ điện phân 8.8耐久等級，電鍍 | D66: Kg | E66: 4229.51 | F66: 4684.994 | G66: =_xlfn.XLOOKUP(B66, Rate_Master!$A:$A, Rate_Master!$C:$C, "") -> 60900 | H66: =_xlfn.XLOOKUP(B66, Rate_Master!$A:$A, Rate_Master!$D:$D, "") -> 0 | I66: =+SUM(G66:H66) -> 60900 | J66: =I66*E66 -> 257577159 | K66: =+F66*I66 -> 2.8531613e+08
A67: =$A$57&"."&ROW()-ROW($A$57) -> 2A.S1.10 | B67: Bu lông liên kết xà gồ 檩条連接螺栓 | C67: Cấp bền 4.6 mạ điện phân 4.6 耐久等级，电镀 | D67: Kg | E67: 1451.03 | F67: 1065.198 | G67: =_xlfn.XLOOKUP(B67, Rate_Master!$A:$A, Rate_Master!$C:$C, "") -> 60900 | H67: =_xlfn.XLOOKUP(B67, Rate_Master!$A:$A, Rate_Master!$D:$D, "") -> 0 | I67: =+SUM(G67:H67) -> 60900 | J67: =I67*E67 -> 88367727 | K67: =+F67*I67 -> 64870558
A68: =$A$57&"."&ROW()-ROW($A$57) -> 2A.S1.11 | B68: Đinh chống cắt D16*150 防剪釘 D16*150 | C68: Cấp bền 4.6 4.6 耐久等级 | D68: Pcs | E68: 6178 | F68: 6580 | G68: =_xlfn.XLOOKUP(B68, Rate_Master!$A:$A, Rate_Master!$C:$C, "") -> 21000 | H68: =_xlfn.XLOOKUP(B68, Rate_Master!$A:$A, Rate_Master!$D:$D, "") -> 0 | I68: =+SUM(G68:H68) -> 21000 | J68: =I68*E68 -> 129738000 | K68: =+F68*I68 -> 138180000
A69: =$A$57&"."&ROW()-ROW($A$57) -> 2A.S1.12 | B69: Vận chuyển bu lông móng đến công trình 將基礎螺栓運輸至工地 | D69: Kg | E69: 10507.8 | F69: 10304.72 | G69: =_xlfn.XLOOKUP(B69, Rate_Master!$A:$A, Rate_Master!$C:$C, "") -> 630 | H69: =_xlfn.XLOOKUP(B69, Rate_Master!$A:$A, Rate_Master!$D:$D, "") -> 0 | I69: =+SUM(G69:H69) -> 630 | J69: =I69*E69 -> 6619914 | K69: =+F69*I69 -> 6491973.6
A70: =$A$57&"."&ROW()-ROW($A$57) -> 2A.S1.13 | B70: Vận chuyển kết cấu thép đến công trình 將鋼結構運輸至工地 | D70: Kg | E70: 569356.28 | F70: 614008.02 | G70: =_xlfn.XLOOKUP(B70, Rate_Master!$A:$A, Rate_Master!$C:$C, "") -> 630 | H70: =_xlfn.XLOOKUP(B70, Rate_Master!$A:$A, Rate_Master!$D:$D, "") -> 0 | I70: =+SUM(G70:H70) -> 630 | J70: =I70*E70 -> 3.5869446e+08 | K70: =+F70*I70 -> 3.8682505e+08
A71: =$A$57&"."&ROW()-ROW($A$57) -> 2A.S1.14 | B71: Định vị, lắp đặt bu lông móng tại công trình 在工地定位並安裝基礎螺栓 | D71: Pcs | E71: 1266 | F71: 1474 | G71: =_xlfn.XLOOKUP(B71, Rate_Master!$A:$A, Rate_Master!$C:$C, "") -> 0 | H71: =_xlfn.XLOOKUP(B71, Rate_Master!$A:$A, Rate_Master!$D:$D, "") -> 264500 | I71: =+SUM(G71:H71) -> 264500 | J71: =I71*E71 -> 334857000 | K71: =+F71*I71 -> 389873000
A72: =$A$57&"."&ROW()-ROW($A$57) -> 2A.S1.15 | B72: Lắp đặt kết cấu thép tại công trình 在工地安裝鋼結構 | D72: Kg | E72: 569356.28 | F72: 614008.02 | G72: =_xlfn.XLOOKUP(B72, Rate_Master!$A:$A, Rate_Master!$C:$C, "") -> 2940 | H72: =_xlfn.XLOOKUP(B72, Rate_Master!$A:$A, Rate_Master!$D:$D, "") -> 0 | I72: =+SUM(G72:H72) -> 2940 | J72: =I72*E72 -> 1.6739075e+09 | K72: =+F72*I72 -> 1.8051836e+09
A73: =$A$56&2 -> 2A.S2 | B73: Sàn deck 樓承板工項 | G73: =_xlfn.XLOOKUP(B73, Rate_Master!$A:$A, Rate_Master!$C:$C, "") -> 0 | H73: =_xlfn.XLOOKUP(B73, Rate_Master!$A:$A, Rate_Master!$D:$D, "") -> 0 | J73: =SUBTOTAL(9,J74:J78) -> 0 | K73: =SUBTOTAL(9,K74:K78) -> 0
A74: =$A$73&"."&ROW()-ROW($A$73) -> 2A.S2.1 | B74: Tấm sàn decking mạ kẽm thk=0.95mm WxH 50*1000mm 鍍鋅樓承板，厚度0.95毫米，寬50毫米，長1000毫米 | C74: Thép G350, mạ kẽm, độ mạ Z60 G350鋼材，鍍鋅，鍍層厚度Z60 | D74: sqm M2 | E74: 0 | F74: 61.5 | G74: =_xlfn.XLOOKUP(B74, Rate_Master!$A:$A, Rate_Master!$C:$C, "") -> 0 | H74: =_xlfn.XLOOKUP(B74, Rate_Master!$A:$A, Rate_Master!$D:$D, "") -> 0 | I74: =+SUM(G74:H74) -> 0 | J74: =I74*E74 -> 0 | K74: =+F74*I74 -> 0
A75: =$A$73&"."&ROW()-ROW($A$73) -> 2A.S2.2 | B75: Đinh chống cắt D19*90 防剪釘D19*90 | C75: Cấp bền 4.6 4.6耐久等級 | D75: Pcs | E75: 0 | F75: 238 | G75: =_xlfn.XLOOKUP(B75, Rate_Master!$A:$A, Rate_Master!$C:$C, "") -> 0 | H75: =_xlfn.XLOOKUP(B75, Rate_Master!$A:$A, Rate_Master!$D:$D, "") -> 0 | I75: =+SUM(G75:H75) -> 0 | J75: =I75*E75 -> 0 | K75: =+F75*I75 -> 0
A76: =$A$73&"."&ROW()-ROW($A$73) -> 2A.S2.3 | B76: Phụ kiện tôn sàn deck: Ke bo sàn, thanh chống, vít … 樓承板配件：樓承板角鋼、支撐桿、螺絲 | D76: sqm M2 | E76: 0 | F76: 39.3 | G76: =_xlfn.XLOOKUP(B76, Rate_Master!$A:$A, Rate_Master!$C:$C, "") -> 0 | H76: =_xlfn.XLOOKUP(B76, Rate_Master!$A:$A, Rate_Master!$D:$D, "") -> 0 | I76: =+SUM(G76:H76) -> 0 | J76: =I76*E76 -> 0 | K76: =+F76*I76 -> 0
A77: =$A$73&"."&ROW()-ROW($A$73) -> 2A.S2.4 | B77: Vận chuyển tôn sàn deck đến công trình 將樓承板鐵皮運至工地 | D77: Lot | E77: 0 | F77: 1 | G77: =_xlfn.XLOOKUP(B77, Rate_Master!$A:$A, Rate_Master!$C:$C, "") -> 0 | H77: =_xlfn.XLOOKUP(B77, Rate_Master!$A:$A, Rate_Master!$D:$D, "") -> 0 | I77: =+SUM(G77:H77) -> 0 | J77: =I77*E77 -> 0 | K77: =+F77*I77 -> 0
A78: =$A$73&"."&ROW()-ROW($A$73) -> 2A.S2.5 | B78: Lắp dựng tôn sàn deck 樓承板鐵皮安裝 | D78: sqm M2 | E78: 0 | F78: 61.5 | G78: =_xlfn.XLOOKUP(B78, Rate_Master!$A:$A, Rate_Master!$C:$C, "") -> 0 | H78: =_xlfn.XLOOKUP(B78, Rate_Master!$A:$A, Rate_Master!$D:$D, "") -> 0 | I78: =+SUM(G78:H78) -> 0 | J78: =I78*E78 -> 0 | K78: =+F78*I78 -> 0
A79: =$A$56&3 -> 2A.S3 | B79: Tôn bao che và phụ kiện 覆蓋鐵皮及配件 | G79: =_xlfn.XLOOKUP(B79, Rate_Master!$A:$A, Rate_Master!$C:$C, "") -> 0 | H79: =_xlfn.XLOOKUP(B79, Rate_Master!$A:$A, Rate_Master!$D:$D, "") -> 0 | J79: =SUBTOTAL(9,J80:J93) -> 8.1037132e+09 | K79: =SUBTOTAL(9,K80:K93) -> 8.0967296e+09
A80: =$A$79&"."&ROW()-ROW($A$79) -> 2A.S3.1 | B80: Mái chính: Tôn Seamlock K485, mạ nhôm kẽm thk=0.5mm. Sơn PVDF 170g/m2 và phụ kiện đi kèm 主屋頂：Seamlock K485 鋼板，鍍鋅鋁 厚度0.5mm，PVDF塗料170g/m²，及配件 | C80: =+'1A'!C80 -> Tôn liên doanh Việt hàn, AZ170 | D80: sqm M2 | E80: 16343.46 | F80: 16384.248 | G80: =_xlfn.XLOOKUP(B80, Rate_Master!$A:$A, Rate_Master!$C:$C, "") -> 248400 | H80: =_xlfn.XLOOKUP(B80, Rate_Master!$A:$A, Rate_Master!$D:$D, "") -> 34500 | I80: =+SUM(G80:H80) -> 282900 | J80: =I80*E80 -> 4623564834 | K80: =+F80*I80 -> 4.6351036e+09
A81: =$A$79&"."&ROW()-ROW($A$79) -> 2A.S3.2 | B81: Mái đua: Tôn cán cong, 5 sóng công nghiệp, mạ nhôm kẽm thk=0.5mm. Sơn PVDF 170g/m2 và phụ kiện đi kèm 延伸屋頂：彎曲鋼板，5波工業型，鍍鋁鋅厚度0.5mm，PVDF塗料 170g/m²，及配件 | C81: =+'1A'!C81 -> Tôn liên doanh Việt hàn, AZ170 | D81: sqm M2 | E81: 806.382 | F81: 629.802 | G81: =_xlfn.XLOOKUP(B81, Rate_Master!$A:$A, Rate_Master!$C:$C, "") -> 207000 | H81: =_xlfn.XLOOKUP(B81, Rate_Master!$A:$A, Rate_Master!$D:$D, "") -> 34500 | I81: =+SUM(G81:H81) -> 241500 | J81: =I81*E81 -> 1.9474125e+08 | K81: =+F81*I81 -> 152097183
A82: =$A$79&"."&ROW()-ROW($A$79) -> 2A.S3.3 | B82: Mái phụ trợ, vách thưng tôn: Tôn 5 sóng công nghiệp, mạ nhôm kẽm thk=0.5mm. Sơn PVDF 170g/m2 và phụ kiện đi kèm 輔助屋頂、鐵皮圍牆：5波工業型，鍍鋁鋅厚度0.5mm，PVDF塗料 170g/m²，及配件 | C82: =+'1A'!C82 -> Tôn liên doanh Việt hàn, AZ170 | D82: sqm M2 | E82: 409.588 | F82: 337.536 | G82: =_xlfn.XLOOKUP(B82, Rate_Master!$A:$A, Rate_Master!$C:$C, "") -> 195500 | H82: =_xlfn.XLOOKUP(B82, Rate_Master!$A:$A, Rate_Master!$D:$D, "") -> 34500 | I82: =+SUM(G82:H82) -> 230000 | J82: =I82*E82 -> 94205240 | K82: =+F82*I82 -> 77633280
A83: =$A$79&"."&ROW()-ROW($A$79) -> 2A.S3.4 | B83: Túi khí cách nhiệt 2 mặt nhôm A2 雙面鋁箔汽包膜 A2 | D83: sqm M2 | E83: 16343.46 | F83: 16384.248 | G83: =_xlfn.XLOOKUP(B83, Rate_Master!$A:$A, Rate_Master!$C:$C, "") -> 23000 | H83: =_xlfn.XLOOKUP(B83, Rate_Master!$A:$A, Rate_Master!$D:$D, "") -> 11500 | I83: =+SUM(G83:H83) -> 34500 | J83: =I83*E83 -> 563849370 | K83: =+F83*I83 -> 5.6525654e+08
A84: =$A$79&"."&ROW()-ROW($A$79) -> 2A.S3.5 | B84: Ke diềm và phụ kiện, tôn phẳng mạ màu thk=0.5mm 收邊條及配件，鍍色鋼平板厚度=0.5mm | C84: Khổ 600-1200mm | D84: M | E84: 921.8 | F84: 1032.21 | G84: =_xlfn.XLOOKUP(B84, Rate_Master!$A:$A, Rate_Master!$C:$C, "") -> 110400 | H84: =_xlfn.XLOOKUP(B84, Rate_Master!$A:$A, Rate_Master!$D:$D, "") -> 17250 | I84: =+SUM(G84:H84) -> 127650 | J84: =I84*E84 -> 1.1766777e+08 | K84: =+F84*I84 -> 1.3176161e+08
A85: =$A$79&"."&ROW()-ROW($A$79) -> 2A.S3.6 | B85: Ke diềm và phụ kiện, tôn phẳng mạ màu thk=0.5mm 收邊條及配件，鍍色鋼平板厚度=0.5mm | C85: Khổ 200-600mm | D85: M | E85: 2856.6 | F85: 2808 | G85: =_xlfn.XLOOKUP(B85, Rate_Master!$A:$A, Rate_Master!$C:$C, "") -> 110400 | H85: =_xlfn.XLOOKUP(B85, Rate_Master!$A:$A, Rate_Master!$D:$D, "") -> 17250 | I85: =+SUM(G85:H85) -> 127650 | J85: =I85*E85 -> 3.6464499e+08 | K85: =+F85*I85 -> 3.584412e+08
A86: =$A$79&"."&ROW()-ROW($A$79) -> 2A.S3.7 | B86: Máng nước inox 304 thk=1.2mm, loại 1 不鏽鋼水槽 304 厚度1.2mm | C86: Inox 304, khổ máng 2.2m 304不鏽鋼,槽尺寸2.2m | D86: M | E86: 392.4 | F86: 392.4 | G86: =_xlfn.XLOOKUP(B86, Rate_Master!$A:$A, Rate_Master!$C:$C, "") -> 1976115.4 | H86: =_xlfn.XLOOKUP(B86, Rate_Master!$A:$A, Rate_Master!$D:$D, "") -> 28750 | I86: =+SUM(G86:H86) -> 2004865.4 | J86: =I86*E86 -> 7.8670918e+08 | K86: =+F86*I86 -> 7.8670918e+08
A87: =$A$79&"."&ROW()-ROW($A$79) -> 2A.S3.8 | B87: Máng nước inox 304 thk=1.2mm, loại 2 不鏽鋼水槽 304 厚度1.2mm | C87: Inox 304, khổ máng 1.2m 304不鏽鋼,槽尺寸1.2m | D87: M | E87: 196.2 | F87: 196.2 | G87: =_xlfn.XLOOKUP(B87, Rate_Master!$A:$A, Rate_Master!$C:$C, "") -> 1077881.1 | H87: =_xlfn.XLOOKUP(B87, Rate_Master!$A:$A, Rate_Master!$D:$D, "") -> 23000 | I87: =+SUM(G87:H87) -> 1100881.1 | J87: =I87*E87 -> 2.1599288e+08 | K87: =+F87*I87 -> 2.1599288e+08
A88: =$A$79&"."&ROW()-ROW($A$79) -> 2A.S3.9 | B88: Cầu chắn rác inox 304 D200mm 不鏽鋼防堵塞過濾網罩 304 D200mm | D88: Pcs | E88: 24 | F88: 50 | G88: =_xlfn.XLOOKUP(B88, Rate_Master!$A:$A, Rate_Master!$C:$C, "") -> 92000 | H88: =_xlfn.XLOOKUP(B88, Rate_Master!$A:$A, Rate_Master!$D:$D, "") -> 11500 | I88: =+SUM(G88:H88) -> 103500 | J88: =I88*E88 -> 2484000 | K88: =+F88*I88 -> 5175000
A89: =$A$79&"."&ROW()-ROW($A$79) -> 2A.S3.10 | B89: Ống thoát nước PVC D200 và phụ kiện đi kèm 排水管 PVC D200及配件 | C89: PVC class 2 Sơn dầu bề mặt cùng màu kết cấu (hoặc tường gạch) PVC class 2 油漆表面與結構顏色相同 (或磚牆) | D89: M | E89: 376.2 | F89: 480 | G89: =_xlfn.XLOOKUP(B89, Rate_Master!$A:$A, Rate_Master!$C:$C, "") -> 297443.47 | H89: =_xlfn.XLOOKUP(B89, Rate_Master!$A:$A, Rate_Master!$D:$D, "") -> 23000 | I89: =+SUM(G89:H89) -> 320443.47 | J89: =I89*E89 -> 1.2055084e+08 | K89: =+F89*I89 -> 153812868
A90: =$A$79&"."&ROW()-ROW($A$79) -> 2A.S3.11 | B90: Vận chuyển tôn mái và phụ kiện đến công trình 將屋頂鐵皮及配件運輸至工地 | D90: Lot | E90: 1 | F90: 1 | G90: =_xlfn.XLOOKUP(B90, Rate_Master!$A:$A, Rate_Master!$C:$C, "") -> 0 | H90: =_xlfn.XLOOKUP(B90, Rate_Master!$A:$A, Rate_Master!$D:$D, "") -> 57500000 | I90: =+SUM(G90:H90) -> 57500000 | J90: =I90*E90 -> 57500000 | K90: =+F90*I90 -> 57500000
A91: =$A$79&"."&ROW()-ROW($A$79) -> 2A.S3.12 | B91: Nhân công lợp tôn mái và cách nhiệt tại công trình 人工安裝屋頂鐵皮及進行隔熱施工 | D91: sqm M2 | E91: 17559.43 | F91: 17351.586 | G91: =_xlfn.XLOOKUP(B91, Rate_Master!$A:$A, Rate_Master!$C:$C, "") -> 0 | H91: =_xlfn.XLOOKUP(B91, Rate_Master!$A:$A, Rate_Master!$D:$D, "") -> 40250 | I91: =+SUM(G91:H91) -> 40250 | J91: =I91*E91 -> 7.0676706e+08 | K91: =+F91*I91 -> 6.9840132e+08
A92: =$A$79&"."&ROW()-ROW($A$79) -> 2A.S3.13 | B92: Nhân công lắp đặt ke diềm, máng nước, ống xối và phụ kiện tôn tại công trình 人工安裝收邊條、水槽、排水管、鐵板配件 | D92: M | E92: 4743.2 | F92: 4908.81 | G92: =_xlfn.XLOOKUP(B92, Rate_Master!$A:$A, Rate_Master!$C:$C, "") -> 0 | H92: =_xlfn.XLOOKUP(B92, Rate_Master!$A:$A, Rate_Master!$D:$D, "") -> 23000 | I92: =+SUM(G92:H92) -> 23000 | J92: =I92*E92 -> 109093600 | K92: =+F92*I92 -> 1.1290263e+08
A93: =$A$79&"."&ROW()-ROW($A$79) -> 2A.S3.14 | B93: Vật tư phụ khác 其他輔材 | C93: Vít, keo sealant … 螺絲、密封膠等 | D93: Lot | E93: 1 | F93: 1 | G93: =_xlfn.XLOOKUP(B93, Rate_Master!$A:$A, Rate_Master!$C:$C, "") -> 1.4594224e+08 | H93: =_xlfn.XLOOKUP(B93, Rate_Master!$A:$A, Rate_Master!$D:$D, "") -> 0 | I93: =+SUM(G93:H93) -> 1.4594224e+08 | J93: =I93*E93 -> 1.4594224e+08 | K93: =+F93*I93 -> 1.4594224e+08
A94: =$A$56&4 -> 2A.S4 | B94: Các công việc khác 其他工項 | G94: =_xlfn.XLOOKUP(B94, Rate_Master!$A:$A, Rate_Master!$C:$C, "") -> 0 | H94: =_xlfn.XLOOKUP(B94, Rate_Master!$A:$A, Rate_Master!$D:$D, "") -> 0 | J94: =SUBTOTAL(9,J95:J102) -> 6.2407074e+08 | K94: =SUBTOTAL(9,K95:K102) -> 420851700
A95: =$A$94&"."&ROW()-ROW($A$94) -> 2A.S4.1 | B95: Cung cấp, vận chuyển và lắp đặt thang leo mái và phụ kiện ( Thang lồng) 提供、運輸及安裝屋頂爬梯及配件（護籠爬梯） | C95: SS400, mạ kẽm nhúng nóng SS400，熱浸鍍鋅 | D95: M | E95: 17.995 | F95: 12 | G95: =_xlfn.XLOOKUP(B95, Rate_Master!$A:$A, Rate_Master!$C:$C, "") -> 5175000 | H95: =_xlfn.XLOOKUP(B95, Rate_Master!$A:$A, Rate_Master!$D:$D, "") -> 0 | I95: =+SUM(G95:H95) -> 5175000 | J95: =I95*E95 -> 93124125 | K95: =+F95*I95 -> 62100000
A96: =$A$94&"."&ROW()-ROW($A$94) -> 2A.S4.2 | B96: Cung cấp, vận chuyển và lắp đặt thang leo mái và phụ kiện ( Thang không có lồng) 提供、運輸及安裝屋頂爬梯及配件（無護籠爬梯） | C96: Inox 304 304不鏽鋼 | D96: M | E96: 0 | G96: =_xlfn.XLOOKUP(B96, Rate_Master!$A:$A, Rate_Master!$C:$C, "") -> 0 | H96: =_xlfn.XLOOKUP(B96, Rate_Master!$A:$A, Rate_Master!$D:$D, "") -> 0 | I96: =+SUM(G96:H96) -> 0 | J96: =I96*E96 -> 0 | K96: =+F96*I96 -> 0
A97: =$A$94&"."&ROW()-ROW($A$94) -> 2A.S4.3 | B97: Cung cấp, vận chuyển và lắp đặt lan can cầu thang bộ và phụ kiện 提供、運輸及安裝樓梯扶手及配件 | C97: Thép hộp 方鋼 | D97: M | E97: 0 | G97: =_xlfn.XLOOKUP(B97, Rate_Master!$A:$A, Rate_Master!$C:$C, "") -> 0 | H97: =_xlfn.XLOOKUP(B97, Rate_Master!$A:$A, Rate_Master!$D:$D, "") -> 0 | I97: =+SUM(G97:H97) -> 0 | J97: =I97*E97 -> 0 | K97: =+F97*I97 -> 0
A98: =$A$94&"."&ROW()-ROW($A$94) -> 2A.S4.4 | B98: Cung cấp, vận chuyển và lắp đặt lan can sàn và phụ kiện 提供、運輸及安裝地板欄杆及配件 | C98: Thép hộp 方鋼 | D98: M | E98: 0 | G98: =_xlfn.XLOOKUP(B98, Rate_Master!$A:$A, Rate_Master!$C:$C, "") -> 0 | H98: =_xlfn.XLOOKUP(B98, Rate_Master!$A:$A, Rate_Master!$D:$D, "") -> 0 | I98: =+SUM(G98:H98) -> 0 | J98: =I98*E98 -> 0 | K98: =+F98*I98 -> 0
A99: =$A$94&"."&ROW()-ROW($A$94) -> 2A.S4.5 | B99: Chi phí biện pháp an toàn trong lắp dựng 安全施工措施採取費用 | C99: Bao gồm nhưng không giới hạn lưới an toàn, cảnh báo, cáp neo … 包括但不限於安全網、警告標誌、鋼絲繩等 | D99: sqm M2 | E99: 15597.9 | F99: 15597.9 | G99: =_xlfn.XLOOKUP(B99, Rate_Master!$A:$A, Rate_Master!$C:$C, "") -> 17250 | H99: =_xlfn.XLOOKUP(B99, Rate_Master!$A:$A, Rate_Master!$D:$D, "") -> 5750 | I99: =+SUM(G99:H99) -> 23000 | J99: =I99*E99 -> 358751700 | K99: =+F99*I99 -> 358751700
A100: =$A$94&"."&ROW()-ROW($A$94) -> 2A.S4.6 | B100: Sơn chống cháy cho kết cấu chính ( Cột thép, dầm thép, kèo thép) 主結構防火塗料（鋼柱、鋼樑、桁架） | C100: R45 | D100: sqm M2 | E100: 8807.924 | G100: =_xlfn.XLOOKUP(B100, Rate_Master!$A:$A, Rate_Master!$C:$C, "") -> 0 | H100: =_xlfn.XLOOKUP(B100, Rate_Master!$A:$A, Rate_Master!$D:$D, "") -> 0 | I100: =+SUM(G100:H100) -> 0 | J100: =I100*E100 -> 0 | K100: =+F100*I100 -> 0 | L100: =+'1A'!L100 -> Nhà thầu không báo giá
A101: =$A$94&"."&ROW()-ROW($A$94) -> 2A.S4.7 | B101: Chi phí kiểm định sơn chống cháy 防火塗料檢測費用 | D101: Lot | E101: 1 | G101: =_xlfn.XLOOKUP(B101, Rate_Master!$A:$A, Rate_Master!$C:$C, "") -> 0 | H101: =_xlfn.XLOOKUP(B101, Rate_Master!$A:$A, Rate_Master!$D:$D, "") -> 0 | I101: =+SUM(G101:H101) -> 0 | J101: =I101*E101 -> 0 | K101: =+F101*I101 -> 0 | L101: =+'1A'!L101 -> Nhà thầu không báo giá
...

Sheet 3A
A2: 工程標單 (II) 詳細價目表 (Detail sheet)
B3: Chủ đầu tư 業主
B4: Dự án 工程名稱
B5: Địa điểm 工程名稱
B6: Hạng mục công trình | C6: =INDEX(總表!$B$9:$B$47,MATCH('3A'!A9,總表!$A$9:$A$48,0)) -> Nhà xưởng sản xuất 2 二號生產廠房
B7: Nhà thầu thi công | C7: Công ty TNHH Công trình L&K Việt Nam
A8: TT 專案 | B8: Tên hạng mục 專案名稱 | C8: Thông số kỹ thuật , mô tả 規格及說明 | D8: Đơn vị 单位 | E8: Khối lượng 專案數量 | F8: Khối lượng Nhà thầu | G8: Vật tư chính 主要材料 | H8: Nhân công + vật tư phụ+ máy thi công 人工+輔助材料+施工機械 | I8: Đơn giá 專案單價 (VND) | J8: Thành Tiền 專案複價 (VND) | K8: Thành tiền Nhà thầu | L8: Ghi chú
A9: 3A | B9: =C6 -> Nhà xưởng sản xuất 2 二號生產廠房 | G9: =_xlfn.XLOOKUP(B9, Rate_Master!$A:$A, Rate_Master!$C:$C, "") -> 0 | H9: =_xlfn.XLOOKUP(B9, Rate_Master!$A:$A, Rate_Master!$D:$D, "") -> 0 | J9: =SUBTOTAL(9,J10:J184) -> 9.2953723e+10 | K9: =SUBTOTAL(9,K10:K184) -> 9.3648496e+10
A10: =$A$9&".C" -> 3A.C | B10: KẾT CẤU BÊ TÔNG 混凝土結構 | G10: =_xlfn.XLOOKUP(B10, Rate_Master!$A:$A, Rate_Master!$C:$C, "") -> 0 | H10: =_xlfn.XLOOKUP(B10, Rate_Master!$A:$A, Rate_Master!$D:$D, "") -> 0
A11: =$A$10&1 -> 3A.C1 | B11: Công tác cọc 基樁工項 | G11: =_xlfn.XLOOKUP(B11, Rate_Master!$A:$A, Rate_Master!$C:$C, "") -> 0 | H11: =_xlfn.XLOOKUP(B11, Rate_Master!$A:$A, Rate_Master!$D:$D, "") -> 0 | J11: =SUBTOTAL(9,J12:J22) -> 1.5131364e+10 | K11: =SUBTOTAL(9,K12:K22) -> 1.5131364e+10
A12: =$A$11&"."&ROW()-ROW($A$11) -> 3A.C1.1 | B12: Huy động và giải thể thiết bị ép cọc 調動和拆除壓樁設備 | D12: Set | E12: 1 | F12: 1 | G12: =_xlfn.XLOOKUP(B12, Rate_Master!$A:$A, Rate_Master!$C:$C, "") -> 0 | H12: =_xlfn.XLOOKUP(B12, Rate_Master!$A:$A, Rate_Master!$D:$D, "") -> 1.15e+08 | I12: =G12+H12 -> 1.15e+08 | J12: =I12*E12 -> 1.15e+08 | K12: =I12*F12 -> 1.15e+08
A13: =$A$11&"."&ROW()-ROW($A$11) -> 3A.C1.2 | B13: Cung cấp cọc thí nghiệm PHC D400A 提供PHC D400A試驗樁 | D13: M | E13: 288 | F13: 288 | G13: =_xlfn.XLOOKUP(B13, Rate_Master!$A:$A, Rate_Master!$C:$C, "") -> 425500 | H13: =_xlfn.XLOOKUP(B13, Rate_Master!$A:$A, Rate_Master!$D:$D, "") -> 0 | I13: =G13+H13 -> 425500 | J13: =I13*E13 -> 1.22544e+08 | K13: =I13*F13 -> 1.22544e+08
A14: =$A$11&"."&ROW()-ROW($A$11) -> 3A.C1.3 | B14: Thi công khoan dẫn cho cọc thí nghiệm PHC D400A PHC D400A試驗樁導孔施工 | D14: M | E14: 264 | F14: 264 | G14: =_xlfn.XLOOKUP(B14, Rate_Master!$A:$A, Rate_Master!$C:$C, "") -> 0 | H14: =_xlfn.XLOOKUP(B14, Rate_Master!$A:$A, Rate_Master!$D:$D, "") -> 69000 | I14: =G14+H14 -> 69000 | J14: =I14*E14 -> 18216000 | K14: =I14*F14 -> 18216000
A15: =$A$11&"."&ROW()-ROW($A$11) -> 3A.C1.4 | B15: Thi công ép cọc thí nghiệm PHC D400A PHC D400A試驗樁壓樁施工 | D15: M | E15: 276 | F15: 276 | G15: =_xlfn.XLOOKUP(B15, Rate_Master!$A:$A, Rate_Master!$C:$C, "") -> 0 | H15: =_xlfn.XLOOKUP(B15, Rate_Master!$A:$A, Rate_Master!$D:$D, "") -> 57500 | I15: =G15+H15 -> 57500 | J15: =I15*E15 -> 15870000 | K15: =I15*F15 -> 15870000
A16: =$A$11&"."&ROW()-ROW($A$11) -> 3A.C1.5 | B16: Thí nghiệm nén tĩnh cọc (khả năng chịu nén, bao gồm ép cọc thí nghiệm và thí nghiệm nghiệm thu khả năng chịu lực của cọc, cao độ đỉnh cọc là cao độ mặt đất sau khi san lấp mặt bằng, Sức chịu tải của cọc đơn là 1100kN, và Tải trọng thí nghiệm là 2200kN) 基樁靜載試驗(抗壓,含先行試打樁及承載力驗收樁檢測、樁頂標高為整地後地面標高，單樁抗壓承載力特徵值1100kN，試驗值為2200kN) | D16: Pcs | E16: 12 | F16: 12 | G16: =_xlfn.XLOOKUP(B16, Rate_Master!$A:$A, Rate_Master!$C:$C, "") -> 0 | H16: =_xlfn.XLOOKUP(B16, Rate_Master!$A:$A, Rate_Master!$D:$D, "") -> 13800000 | I16: =G16+H16 -> 13800000 | J16: =I16*E16 -> 1.656e+08 | K16: =I16*F16 -> 1.656e+08
A17: =$A$11&"."&ROW()-ROW($A$11) -> 3A.C1.6 | B17: Thí nghiệm biến dạng nhỏ PIT cho cọc 基樁小應變試驗 | D17: Pcs | E17: 240 | F17: 240 | G17: =_xlfn.XLOOKUP(B17, Rate_Master!$A:$A, Rate_Master!$C:$C, "") -> 0 | H17: =_xlfn.XLOOKUP(B17, Rate_Master!$A:$A, Rate_Master!$D:$D, "") -> 253000 | I17: =G17+H17 -> 253000 | J17: =I17*E17 -> 60720000 | K17: =I17*F17 -> 60720000
A18: =$A$11&"."&ROW()-ROW($A$11) -> 3A.C1.7 | B18: Cung cấp cọc đại trà PHC D400A 提供PHC D400A工程樁 | D18: M | E18: 26092 | F18: 26092 | G18: =_xlfn.XLOOKUP(B18, Rate_Master!$A:$A, Rate_Master!$C:$C, "") -> 402500 | H18: =_xlfn.XLOOKUP(B18, Rate_Master!$A:$A, Rate_Master!$D:$D, "") -> 0 | I18: =G18+H18 -> 402500 | J18: =I18*E18 -> 1.050203e+10 | K18: =I18*F18 -> 1.050203e+10
A19: =$A$11&"."&ROW()-ROW($A$11) -> 3A.C1.8 | B19: Cung cấp mũi cọc D400 提供D400樁尖 | D19: Pcs | E19: 1198 | F19: 1198 | G19: =_xlfn.XLOOKUP(B19, Rate_Master!$A:$A, Rate_Master!$C:$C, "") -> 80500 | H19: =_xlfn.XLOOKUP(B19, Rate_Master!$A:$A, Rate_Master!$D:$D, "") -> 0 | I19: =G19+H19 -> 80500 | J19: =I19*E19 -> 96439000 | K19: =I19*F19 -> 96439000
A20: =$A$11&"."&ROW()-ROW($A$11) -> 3A.C1.9 | B20: Thi công khoan dẫn cho cọc đại trà PHC D400A PHC D400A工程樁導孔施工 | D20: M | E20: 25258.8 | F20: 25258.8 | G20: =_xlfn.XLOOKUP(B20, Rate_Master!$A:$A, Rate_Master!$C:$C, "") -> 0 | H20: =_xlfn.XLOOKUP(B20, Rate_Master!$A:$A, Rate_Master!$D:$D, "") -> 69000 | I20: =G20+H20 -> 69000 | J20: =I20*E20 -> 1742857200 | K20: =I20*F20 -> 1742857200
A21: =$A$11&"."&ROW()-ROW($A$11) -> 3A.C1.10 | B21: Thi công ép cọc đại trà PHC D400A PHC D400A工程樁壓樁施工 | D21: M | E21: 26444.8 | F21: 26444.8 | G21: =_xlfn.XLOOKUP(B21, Rate_Master!$A:$A, Rate_Master!$C:$C, "") -> 0 | H21: =_xlfn.XLOOKUP(B21, Rate_Master!$A:$A, Rate_Master!$D:$D, "") -> 57500 | I21: =G21+H21 -> 57500 | J21: =I21*E21 -> 1.520576e+09 | K21: =I21*F21 -> 1.520576e+09
A22: =$A$11&"."&ROW()-ROW($A$11) -> 3A.C1.11 | B22: Xử lý đầu cọc D400 ( Bao gồm cắt , cốt thép, bê tông đầu cọc và vận chuyển đầu cọc thừa ra ngoài công trường nếu có) 樁頭處理D400mm(包括切割、鋼筋、樁頭混凝土以及將多餘的樁頭移運到工地外面) | D22: Pcs | E22: 1198 | F22: 1198 | G22: =_xlfn.XLOOKUP(B22, Rate_Master!$A:$A, Rate_Master!$C:$C, "") -> 483000 | H22: =_xlfn.XLOOKUP(B22, Rate_Master!$A:$A, Rate_Master!$D:$D, "") -> 161000 | I22: =G22+H22 -> 644000 | J22: =I22*E22 -> 771512000 | K22: =I22*F22 -> 771512000
A23: =$A$10&2 -> 3A.C2 | B23: Công tác đất 土方工項 | G23: =_xlfn.XLOOKUP(B23, Rate_Master!$A:$A, Rate_Master!$C:$C, "") -> 0 | H23: =_xlfn.XLOOKUP(B23, Rate_Master!$A:$A, Rate_Master!$D:$D, "") -> 0 | J23: =SUBTOTAL(9,J24:J31) -> 3.8413103e+09 | K23: =SUBTOTAL(9,K24:K31) -> 3.8413103e+09
A24: =$A$23&"."&ROW()-ROW($A$23) -> 3A.C2.1 | B24: Đào đất móng, dầm móng 地基、基礎梁開挖 | D24: cum M3 | E24: 3861.199 | F24: 3861.199 | G24: =_xlfn.XLOOKUP(B24, Rate_Master!$A:$A, Rate_Master!$C:$C, "") -> 0 | H24: =_xlfn.XLOOKUP(B24, Rate_Master!$A:$A, Rate_Master!$D:$D, "") -> 32200 | I24: =G24+H24 -> 32200 | J24: =I24*E24 -> 1.2433061e+08 | K24: =I24*F24 -> 1.2433061e+08
A25: =$A$23&"."&ROW()-ROW($A$23) -> 3A.C2.2 | B25: Đầm chặt đất đáy móng, dầm móng 將基礎底部土壤、基礎梁壓實 | D25: sqm M2 | E25: 4108.178 | F25: 4108.178 | G25: =_xlfn.XLOOKUP(B25, Rate_Master!$A:$A, Rate_Master!$C:$C, "") -> 0 | H25: =_xlfn.XLOOKUP(B25, Rate_Master!$A:$A, Rate_Master!$D:$D, "") -> 17250 | I25: =G25+H25 -> 17250 | J25: =I25*E25 -> 70866070 | K25: =I25*F25 -> 70866070
A26: =$A$23&"."&ROW()-ROW($A$23) -> 3A.C2.3 | B26: Lấp đất móng và đầm chặt 將基礎回填並壓實 | D26: cum M3 | E26: 2528.894 | F26: 2528.894 | G26: =_xlfn.XLOOKUP(B26, Rate_Master!$A:$A, Rate_Master!$C:$C, "") -> 0 | H26: =_xlfn.XLOOKUP(B26, Rate_Master!$A:$A, Rate_Master!$D:$D, "") -> 37950 | I26: =G26+H26 -> 37950 | J26: =I26*E26 -> 95971527 | K26: =I26*F26 -> 95971527
A27: =$A$23&"."&ROW()-ROW($A$23) -> 3A.C2.4 | B27: Vận chuyển xử lý đất thừa ( Trong phạm vi công trường) 多餘土壤運輸和處理（施工現場內） | C27: Tận dụng đắp nền nhà xưởng 回填利用廠房地坪 | D27: cum M3 | E27: 1332.307 | F27: 1332.307 | G27: =_xlfn.XLOOKUP(B27, Rate_Master!$A:$A, Rate_Master!$C:$C, "") -> 0 | H27: =_xlfn.XLOOKUP(B27, Rate_Master!$A:$A, Rate_Master!$D:$D, "") -> 32200 | I27: =G27+H27 -> 32200 | J27: =I27*E27 -> 42900285 | K27: =I27*F27 -> 42900285
A28: =$A$23&"."&ROW()-ROW($A$23) -> 3A.C2.5 | B28: Lớp nylon lót cho bê tông lót đài móng dầm móng 用於混凝土承台和基礎樑的尼龍墊層 | D28: sqm M2 | E28: 4108.178 | F28: 4108.178 | G28: =_xlfn.XLOOKUP(B28, Rate_Master!$A:$A, Rate_Master!$C:$C, "") -> 6900 | H28: =_xlfn.XLOOKUP(B28, Rate_Master!$A:$A, Rate_Master!$D:$D, "") -> 1725 | I28: =G28+H28 -> 8625 | J28: =I28*E28 -> 35433035 | K28: =I28*F28 -> 35433035
A29: =$A$23&"."&ROW()-ROW($A$23) -> 3A.C2.6 | B29: Lớp màng HDPE chống ẩm, chống thấm dày 0.3mm ( hàn nhiệt) cho sàn nền tầng 1 一樓地板防潮防水HDPE膜層0.3mm厚（熱焊接） | D29: sqm M2 | E29: 12832.367 | F29: 12832.367 | G29: =_xlfn.XLOOKUP(B29, Rate_Master!$A:$A, Rate_Master!$C:$C, "") -> 34500 | H29: =_xlfn.XLOOKUP(B29, Rate_Master!$A:$A, Rate_Master!$D:$D, "") -> 5750 | I29: =G29+H29 -> 40250 | J29: =I29*E29 -> 5.1650277e+08 | K29: =I29*F29 -> 5.1650277e+08
A30: =$A$23&"."&ROW()-ROW($A$23) -> 3A.C2.7 | B30: San gạt, lu nền hiện trạng nhà xưởng, độ chặt k>=0.90 整平並碾壓廠房現況地基，壓實系數k≥0.90 | D30: sqm M2 | E30: 12832.367 | F30: 12832.367 | G30: =_xlfn.XLOOKUP(B30, Rate_Master!$A:$A, Rate_Master!$C:$C, "") -> 0 | H30: =_xlfn.XLOOKUP(B30, Rate_Master!$A:$A, Rate_Master!$D:$D, "") -> 13800 | I30: =G30+H30 -> 13800 | J30: =I30*E30 -> 1.7708666e+08 | K30: =I30*F30 -> 1.7708666e+08
A31: =$A$23&"."&ROW()-ROW($A$23) -> 3A.C2.8 | B31: Cấp phối đá dăm loại II đầm chặt,dày 35cm, k>=0.92 二型碎石級配層35cm厚，壓實k>=0.92 | D31: cum M3 | E31: 4511.378 | F31: 4511.378 | G31: =_xlfn.XLOOKUP(B31, Rate_Master!$A:$A, Rate_Master!$C:$C, "") -> 512325 | H31: =_xlfn.XLOOKUP(B31, Rate_Master!$A:$A, Rate_Master!$D:$D, "") -> 103500 | I31: =G31+H31 -> 615825 | J31: =I31*E31 -> 2.7782194e+09 | K31: =I31*F31 -> 2.7782194e+09
A32: =$A$10&3 -> 3A.C3 | B32: Công tác bê tông 混凝土工項 | G32: =_xlfn.XLOOKUP(B32, Rate_Master!$A:$A, Rate_Master!$C:$C, "") -> 0 | H32: =_xlfn.XLOOKUP(B32, Rate_Master!$A:$A, Rate_Master!$D:$D, "") -> 0 | J32: =SUBTOTAL(9,J33:J39) -> 1.2062033e+10 | K32: =SUBTOTAL(9,K33:K39) -> 1.2062033e+10
A33: =$A$32&"."&ROW()-ROW($A$32) -> 3A.C3.1 | B33: Bê tông lót đá 1x2 B7.5 cho móng, dầm móng, nền 基礎、基礎樑、底層的石1x2 B7.5混凝土墊層 | D33: cum M3 | E33: 413.654 | F33: 413.654 | G33: =_xlfn.XLOOKUP(B33, Rate_Master!$A:$A, Rate_Master!$C:$C, "") -> 1249762.5 | H33: =_xlfn.XLOOKUP(B33, Rate_Master!$A:$A, Rate_Master!$D:$D, "") -> 207000 | I33: =+H33+G33 -> 1456762.5 | J33: =I33*E33 -> 6.0259564e+08 | K33: =I33*F33 -> 6.0259564e+08
A34: =$A$32&"."&ROW()-ROW($A$32) -> 3A.C3.2 | B34: Bê tông đá 1x2 B30 cho đài móng, dầm móng, cổ cột, vách hố pit thang máy,nền sàn tầng 1 承台、基礎樑、柱頸、電梯坑、一層地面的石1x2 B30混凝土 | D34: cum M3 | E34: 6255.218 | F34: 6255.218 | G34: =_xlfn.XLOOKUP(B34, Rate_Master!$A:$A, Rate_Master!$C:$C, "") -> 1607444.4 | H34: =_xlfn.XLOOKUP(B34, Rate_Master!$A:$A, Rate_Master!$D:$D, "") -> 149500 | I34: =+H34+G34 -> 1756944.4 | J34: =I34*E34 -> 1.0990071e+10 | K34: =I34*F34 -> 1.0990071e+10
A35: =$A$32&"."&ROW()-ROW($A$32) -> 3A.C3.3 | B35: Bê tông đá 1x2 B30 cho cột từ tầng 1 đến tầng mái 從一層到屋頂的柱子採用石1x2 B30混凝土 | D35: cum M3 | E35: 85.486 | F35: 85.486 | G35: =_xlfn.XLOOKUP(B35, Rate_Master!$A:$A, Rate_Master!$C:$C, "") -> 1520555.6 | H35: =_xlfn.XLOOKUP(B35, Rate_Master!$A:$A, Rate_Master!$D:$D, "") -> 253000 | I35: =+H35+G35 -> 1773555.6 | J35: =I35*E35 -> 1.5161417e+08 | K35: =I35*F35 -> 1.5161417e+08
A36: =$A$32&"."&ROW()-ROW($A$32) -> 3A.C3.4 | B36: Bê tông đá 1x2 B30 cho dầm sàn từ tầng 2 đến tầng mái 二樓至屋頂地板樑的石1x2 B30混凝土 | D36: cum M3 | E36: 88.968 | F36: 88.968 | G36: =_xlfn.XLOOKUP(B36, Rate_Master!$A:$A, Rate_Master!$C:$C, "") -> 1520555.6 | H36: =_xlfn.XLOOKUP(B36, Rate_Master!$A:$A, Rate_Master!$D:$D, "") -> 149500 | I36: =+H36+G36 -> 1670055.6 | J36: =I36*E36 -> 1.485815e+08 | K36: =I36*F36 -> 1.485815e+08
A37: =$A$32&"."&ROW()-ROW($A$32) -> 3A.C3.5 | B37: Bê tông đá mi M250 bảo vệ lớp chống thấm mái 保護屋頂防水層的石M250混凝土 | D37: cum M3 | E37: 13.0233 | F37: 13.0233 | G37: =_xlfn.XLOOKUP(B37, Rate_Master!$A:$A, Rate_Master!$C:$C, "") -> 1390222.2 | H37: =_xlfn.XLOOKUP(B37, Rate_Master!$A:$A, Rate_Master!$D:$D, "") -> 149500 | I37: =+H37+G37 -> 1539722.2 | J37: =I37*E37 -> 20052264 | K37: =I37*F37 -> 20052264
A38: =$A$32&"."&ROW()-ROW($A$32) -> 3A.C3.6 | B38: Bê tông đá mi M250 bảo vệ chân cột kết cấu thép thép 保護鋼結構柱腳之M250細石混凝土 | D38: cum M3 | E38: 48.713 | F38: 48.713 | G38: =_xlfn.XLOOKUP(B38, Rate_Master!$A:$A, Rate_Master!$C:$C, "") -> 1390222.2 | H38: =_xlfn.XLOOKUP(B38, Rate_Master!$A:$A, Rate_Master!$D:$D, "") -> 149500 | I38: =+H38+G38 -> 1539722.2 | J38: =I38*E38 -> 75004489 | K38: =I38*F38 -> 75004489
A39: =$A$32&"."&ROW()-ROW($A$32) -> 3A.C3.7 | B39: Vữa tự chảy không co ngót cường độ cao cho chân cột kết cấu thép ‌鋼結構柱腳的高強度無收縮自流砂漿 | D39: cum M3 | E39: 2.43565 | F39: 2.43565 | G39: =_xlfn.XLOOKUP(B39, Rate_Master!$A:$A, Rate_Master!$C:$C, "") -> 22425000 | H39: =_xlfn.XLOOKUP(B39, Rate_Master!$A:$A, Rate_Master!$D:$D, "") -> 8004000 | I39: =+H39+G39 -> 30429000 | J39: =I39*E39 -> 74114394 | K39: =I39*F39 -> 74114394
A40: =$A$10&4 -> 3A.C4 | B40: Công tác ván khuôn 模板工項 | G40: =_xlfn.XLOOKUP(B40, Rate_Master!$A:$A, Rate_Master!$C:$C, "") -> 0 | H40: =_xlfn.XLOOKUP(B40, Rate_Master!$A:$A, Rate_Master!$D:$D, "") -> 0 | J40: =SUBTOTAL(9,J41:J45) -> 2639384435 | K40: =SUBTOTAL(9,K41:K45) -> 2639384435
A41: =$A$40&"."&ROW()-ROW($A$40) -> 3A.C4.1 | B41: Ván khuôn bê tông lót cho móng, dầm móng, nền 基礎、基礎樑和地面的混凝土墊層模板 | D41: sqm M2 | E41: 1106.517 | F41: 1106.517 | G41: =_xlfn.XLOOKUP(B41, Rate_Master!$A:$A, Rate_Master!$C:$C, "") -> 80500 | H41: =_xlfn.XLOOKUP(B41, Rate_Master!$A:$A, Rate_Master!$D:$D, "") -> 92000 | I41: =+H41+G41 -> 172500 | J41: =I41*E41 -> 1.9087418e+08 | K41: =I41*F41 -> 1.9087418e+08
A42: =$A$40&"."&ROW()-ROW($A$40) -> 3A.C4.2 | B42: Ván khuôn cho đài móng, dầm móng, cổ cột, vách hố pit thang máy,nền sàn tầng 1 承台、基礎樑、柱頸、電梯坑、一層地面的模板 | D42: sqm M2 | E42: 8219.629 | F42: 8219.629 | G42: =_xlfn.XLOOKUP(B42, Rate_Master!$A:$A, Rate_Master!$C:$C, "") -> 126500 | H42: =_xlfn.XLOOKUP(B42, Rate_Master!$A:$A, Rate_Master!$D:$D, "") -> 103500 | I42: =+H42+G42 -> 230000 | J42: =I42*E42 -> 1890514670 | K42: =I42*F42 -> 1890514670
A43: =$A$40&"."&ROW()-ROW($A$40) -> 3A.C4.3 | B43: Ván khuôn cho cột từ tầng 1 đến tầng mái 從一樓到屋頂的柱子模板 | D43: sqm M2 | E43: 1136.43 | F43: 1136.43 | G43: =_xlfn.XLOOKUP(B43, Rate_Master!$A:$A, Rate_Master!$C:$C, "") -> 126500 | H43: =_xlfn.XLOOKUP(B43, Rate_Master!$A:$A, Rate_Master!$D:$D, "") -> 149500 | I43: =+H43+G43 -> 276000 | J43: =I43*E43 -> 313654680 | K43: =I43*F43 -> 313654680
A44: =$A$40&"."&ROW()-ROW($A$40) -> 3A.C4.4 | B44: Ván khuôn cho dầm sàn từ tầng 2 đến tầng mái 二樓至屋頂地板樑的模板 | D44: sqm M2 | E44: 727.643 | F44: 727.643 | G44: =_xlfn.XLOOKUP(B44, Rate_Master!$A:$A, Rate_Master!$C:$C, "") -> 126500 | H44: =_xlfn.XLOOKUP(B44, Rate_Master!$A:$A, Rate_Master!$D:$D, "") -> 115000 | I44: =+H44+G44 -> 241500 | J44: =I44*E44 -> 1.7572578e+08 | K44: =I44*F44 -> 1.7572578e+08
A45: =$A$40&"."&ROW()-ROW($A$40) -> 3A.C4.5 | B45: Ván khuôn cho bê tông bảo vệ chân cột kết cấu thép ‌鋼結構柱腳保護混凝土之模板 | D45: sqm M2 | E45: 305.976 | F45: 305.976 | G45: =_xlfn.XLOOKUP(B45, Rate_Master!$A:$A, Rate_Master!$C:$C, "") -> 126500 | H45: =_xlfn.XLOOKUP(B45, Rate_Master!$A:$A, Rate_Master!$D:$D, "") -> 97750 | I45: =+H45+G45 -> 224250 | J45: =I45*E45 -> 68615118 | K45: =I45*F45 -> 68615118
A46: =$A$10&5 -> 3A.C5 | B46: Công tác cốt thép 鋼筋工項 | G46: =_xlfn.XLOOKUP(B46, Rate_Master!$A:$A, Rate_Master!$C:$C, "") -> 0 | H46: =_xlfn.XLOOKUP(B46, Rate_Master!$A:$A, Rate_Master!$D:$D, "") -> 0 | J46: =SUBTOTAL(9,J47:J51) -> 1.6978173e+10 | K46: =SUBTOTAL(9,K47:K51) -> 1.6978173e+10
A47: =$A$46&"."&ROW()-ROW($A$46) -> 3A.C5.1 | B47: Cốt thép cho đài móng, dầm móng, cổ cột, tường vách ,nền sàn tầng 1 承台、基礎樑、柱頸、隔間牆、一層地面的鋼筋 | C47: d<10 CB240T; d>=10 CB500V | D47: Kg | E47: 782950.91 | F47: 782950.91 | G47: =_xlfn.XLOOKUP(B47, Rate_Master!$A:$A, Rate_Master!$C:$C, "") -> 16770.565 | H47: =_xlfn.XLOOKUP(B47, Rate_Master!$A:$A, Rate_Master!$D:$D, "") -> 2875 | I47: =+H47+G47 -> 19645.565 | J47: =I47*E47 -> 1.5381513e+10 | K47: =I47*F47 -> 1.5381513e+10
A48: =$A$46&"."&ROW()-ROW($A$46) -> 3A.C5.2 | B48: Cốt thép cho cột, vách từ tầng 1 đến tầng mái 從一層到屋頂的柱子、隔間鋼筋 | C48: d<10 CB240T; d>=10 CB500V | D48: Kg | E48: 23727.981 | F48: 23727.981 | G48: =_xlfn.XLOOKUP(B48, Rate_Master!$A:$A, Rate_Master!$C:$C, "") -> 16770.565 | H48: =_xlfn.XLOOKUP(B48, Rate_Master!$A:$A, Rate_Master!$D:$D, "") -> 3680 | I48: =+H48+G48 -> 20450.565 | J48: =I48*E48 -> 4.8525062e+08 | K48: =I48*F48 -> 4.8525062e+08
A49: =$A$46&"."&ROW()-ROW($A$46) -> 3A.C5.3 | B49: Cốt thép cho dầm sàn từ tầng 2 đến tầng mái 二樓至屋頂地板樑的鋼筋 | C49: d<10 CB240T; d>=10 CB500V | D49: Kg | E49: 13208.533 | F49: 13208.533 | G49: =_xlfn.XLOOKUP(B49, Rate_Master!$A:$A, Rate_Master!$C:$C, "") -> 16770.565 | H49: =_xlfn.XLOOKUP(B49, Rate_Master!$A:$A, Rate_Master!$D:$D, "") -> 3450 | I49: =+H49+G49 -> 20220.565 | J49: =I49*E49 -> 2.67084e+08 | K49: =I49*F49 -> 2.67084e+08
A50: =$A$46&"."&ROW()-ROW($A$46) -> 3A.C5.4 | B50: Cốt thép cho giằng tường, bổ trụ từ tầng 1 đến tầng mái 從一層到屋頂的加強柱、加強樑 | C50: d<10 CB240T; d>=10 CB500V | D50: Kg | E50: 40987.976 | F50: 40987.976 | G50: =_xlfn.XLOOKUP(B50, Rate_Master!$A:$A, Rate_Master!$C:$C, "") -> 16770.565 | H50: =_xlfn.XLOOKUP(B50, Rate_Master!$A:$A, Rate_Master!$D:$D, "") -> 3680 | I50: =+H50+G50 -> 20450.565 | J50: =I50*E50 -> 8.3822727e+08 | K50: =I50*F50 -> 8.3822727e+08
A51: =$A$46&"."&ROW()-ROW($A$46) -> 3A.C5.5 | B51: Lưới thép hàn 電焊鋼絲網 | C51: fy=485Mpa | D51: Kg | E51: 286.5126 | F51: 286.5126 | G51: =_xlfn.XLOOKUP(B51, Rate_Master!$A:$A, Rate_Master!$C:$C, "") -> 17834.66 | H51: =_xlfn.XLOOKUP(B51, Rate_Master!$A:$A, Rate_Master!$D:$D, "") -> 3450 | I51: =+H51+G51 -> 21284.66 | J51: =I51*E51 -> 6098323.3 | K51: =I51*F51 -> 6098323.3
A52: =$A$10&6 -> 3A.C6 | B52: Công tác kết cấu khác 其他結構工項 | G52: =_xlfn.XLOOKUP(B52, Rate_Master!$A:$A, Rate_Master!$C:$C, "") -> 0 | H52: =_xlfn.XLOOKUP(B52, Rate_Master!$A:$A, Rate_Master!$D:$D, "") -> 0 | J52: =SUBTOTAL(9,J53:J55) -> 8.4341907e+08 | K52: =SUBTOTAL(9,K53:K55) -> 8.4341907e+08
A53: =$A$52&"."&ROW()-ROW($A$52) -> 3A.C6.1 | B53: Hoàn thiện đánh bóng bề mặt bê tông bằng máy 使用機器打磨混凝土表面 | D53: sqm M2 | E53: 15582.755 | F53: 15582.755 | G53: =_xlfn.XLOOKUP(B53, Rate_Master!$A:$A, Rate_Master!$C:$C, "") -> 14950 | H53: =_xlfn.XLOOKUP(B53, Rate_Master!$A:$A, Rate_Master!$D:$D, "") -> 17250 | I53: =+H53+G53 -> 32200 | J53: =I53*E53 -> 501764711 | K53: =I53*F53 -> 501764711
A54: =$A$52&"."&ROW()-ROW($A$52) -> 3A.C6.2 | B54: Cắt mạch bê tông khe co rộng 5mm, sâu 10mm khoảng cách @3*3m. Chèn khe bằng flexiseal. 切割混凝土伸縮縫，寬5mm，深10mm，間距@3×3m。使用彈性密封劑的聚氨酯填縫 | D54: M | E54: 11883.63 | F54: 11883.63 | G54: =_xlfn.XLOOKUP(B54, Rate_Master!$A:$A, Rate_Master!$C:$C, "") -> 5750 | H54: =_xlfn.XLOOKUP(B54, Rate_Master!$A:$A, Rate_Master!$D:$D, "") -> 23000 | I54: =+H54+G54 -> 28750 | J54: =I54*E54 -> 3.4165436e+08 | K54: =I54*F54 -> 3.4165436e+08
A55: =$A$52&"."&ROW()-ROW($A$52) -> 3A.C6.3 | B55: Cung cấp lắp đặt băng cản nước V20 cho hố pít thang máy 電梯底坑V20止水帶供應與安裝 | D55: M | E55: 0 | F55: 0 | G55: =_xlfn.XLOOKUP(B55, Rate_Master!$A:$A, Rate_Master!$C:$C, "") -> 172500 | H55: =_xlfn.XLOOKUP(B55, Rate_Master!$A:$A, Rate_Master!$D:$D, "") -> 57500 | I55: =+H55+G55 -> 230000 | J55: =I55*E55 -> 0 | K55: =I55*F55 -> 0
A56: =$A$9&".S" -> 3A.S | B56: KẾT CẤU THÉP 鋼結構 | G56: =_xlfn.XLOOKUP(B56, Rate_Master!$A:$A, Rate_Master!$C:$C, "") -> 0 | H56: =_xlfn.XLOOKUP(B56, Rate_Master!$A:$A, Rate_Master!$D:$D, "") -> 0
A57: =$A$56&1 -> 3A.S1 | B57: Kết cấu khung thép 鋼架結構 | G57: =_xlfn.XLOOKUP(B57, Rate_Master!$A:$A, Rate_Master!$C:$C, "") -> 0 | H57: =_xlfn.XLOOKUP(B57, Rate_Master!$A:$A, Rate_Master!$D:$D, "") -> 0 | J57: =SUBTOTAL(9,J58:J72) -> 1.5950677e+10 | K57: =SUBTOTAL(9,K58:K72) -> 1.6875775e+10
A58: =$A$57&"."&ROW()-ROW($A$57) -> 3A.S1.1 | B58: Sản xuất hoàn thiện kết cấu thép tấm tổ hợp : Cột thép, dầm thép, kèo thép, giằng thép tổ hợp 製造完整鋼板組合結構：鋼柱、鋼樑、桁架、支撐鋼 | C58: Thép Q355B. Phun bi làm sạch SA2.0. Sơn 1 lớp chống gỉ dày 30µm Q355B鋼材。噴丸清理SA2.0。塗一層30µm厚的防鏽塗料 | D58: Kg | E58: 387946.04 | F58: 396043.84 | G58: =_xlfn.XLOOKUP(B58, Rate_Master!$A:$A, Rate_Master!$C:$C, "") -> 20475 | H58: =_xlfn.XLOOKUP(B58, Rate_Master!$A:$A, Rate_Master!$D:$D, "") -> 0 | I58: =+SUM(G58:H58) -> 20475 | J58: =I58*E58 -> 7.9431951e+09 | K58: =+F58*I58 -> 8.1089975e+09
A59: =$A$57&"."&ROW()-ROW($A$57) -> 3A.S1.2 | B59: Sản xuất hoàn thiện kết cấu thép phụ : Giằng thép hình 製造完整次要鋼結構：有型支撐鋼 | C59: Thép SS400 hoặc tương đương.Phun bi làm sạch SA2.0. Sơn 1 lớp chống gỉ, 2 lớp sơn phủ màu tổng độ dày 80µm SS400鋼材或同等材質。噴丸清理SA2.0。塗一層防鏽塗料，塗兩層面漆，總厚度80µm 。 | D59: Kg | E59: 64978.07 | F59: 68889.89 | G59: =_xlfn.XLOOKUP(B59, Rate_Master!$A:$A, Rate_Master!$C:$C, "") -> 26775 | H59: =_xlfn.XLOOKUP(B59, Rate_Master!$A:$A, Rate_Master!$D:$D, "") -> 0 | I59: =+SUM(G59:H59) -> 26775 | J59: =I59*E59 -> 1.7397878e+09 | K59: =+F59*I59 -> 1.8445268e+09
A60: =$A$57&"."&ROW()-ROW($A$57) -> 3A.S1.3 | B60: Sản xuất hoàn thiện kết cấu thép phụ : Giằng thép tròn 製造完整次要鋼結構：圓支撐鋼 | C60: Thép SS400 hoặc tương đương.Phun bi làm sạch SA2.0. Sơn 1 lớp chống gỉ, 2 lớp sơn phủ màu tổng độ dày 80µm SS400鋼材或同等材質。噴丸清理SA2.0。塗一層防鏽塗料，塗兩層面漆，總厚度80微米。 | D60: Kg | E60: 3760.4352 | F60: 4182.2948 | G60: =_xlfn.XLOOKUP(B60, Rate_Master!$A:$A, Rate_Master!$C:$C, "") -> 36750 | H60: =_xlfn.XLOOKUP(B60, Rate_Master!$A:$A, Rate_Master!$D:$D, "") -> 0 | I60: =+SUM(G60:H60) -> 36750 | J60: =I60*E60 -> 1.3819599e+08 | K60: =+F60*I60 -> 1.5369933e+08
A61: =$A$57&"."&ROW()-ROW($A$57) -> 3A.S1.4 | B61: Sản xuất hoàn thiện xà gồ thép hộp 製造完整方鋼檁條 | C61: Thép SS400 hoặc tương đương.Phun bi làm sạch SA2.0. Sơn 1 lớp chống gỉ, 2 lớp sơn phủ màu tổng độ dày 80µm SS400鋼材或同等材質。噴丸清理SA2.0。塗一層防鏽塗料，塗兩層面漆，總厚度80微米。 | D61: Kg | E61: 9241.02 | F61: 9552.1421 | G61: =_xlfn.XLOOKUP(B61, Rate_Master!$A:$A, Rate_Master!$C:$C, "") -> 26775 | H61: =_xlfn.XLOOKUP(B61, Rate_Master!$A:$A, Rate_Master!$D:$D, "") -> 0 | I61: =+SUM(G61:H61) -> 26775 | J61: =I61*E61 -> 2.4742831e+08 | K61: =+F61*I61 -> 2.557586e+08
A62: =$A$57&"."&ROW()-ROW($A$57) -> 3A.S1.5 | B62: Sản xuất hoàn thiện xà gồ mạ kẽm 製造鍍鋅檁條 | C62: Thép G450. mạ kẽm, độ mạ Z275 G450鋼材。鍍鋅，鍍層厚度Z275 | D62: Kg | E62: 87669.66 | F62: 107670.36 | G62: =_xlfn.XLOOKUP(B62, Rate_Master!$A:$A, Rate_Master!$C:$C, "") -> 22365 | H62: =_xlfn.XLOOKUP(B62, Rate_Master!$A:$A, Rate_Master!$D:$D, "") -> 0 | I62: =+SUM(G62:H62) -> 22365 | J62: =I62*E62 -> 1.960732e+09 | K62: =+F62*I62 -> 2.4080476e+09
A63: =$A$57&"."&ROW()-ROW($A$57) -> 3A.S1.6 | B63: Sản xuất hoàn thiện ty giằng xà gồ 製造完整檁條拉桿 | C63: Thép SS400 hoặc tương đương. Mạ kẽm điện phân SS400鋼材或同等材質。電鍍鋅 | D63: Kg | E63: 9037.4376 | F63: 8509.3333 | G63: =_xlfn.XLOOKUP(B63, Rate_Master!$A:$A, Rate_Master!$C:$C, "") -> 36750 | H63: =_xlfn.XLOOKUP(B63, Rate_Master!$A:$A, Rate_Master!$D:$D, "") -> 0 | I63: =+SUM(G63:H63) -> 36750 | J63: =I63*E63 -> 3.3212583e+08 | K63: =+F63*I63 -> 3.12718e+08
A64: =$A$57&"."&ROW()-ROW($A$57) -> 3A.S1.7 | B64: Sản xuất hoàn thiện chống lật xà gồ 製造完整檩条防翻 | C64: Thép SS400 hoặc tương đương. Mạ kẽm SS400鋼材或同等材質。鍍鋅 | D64: Kg | E64: 6723.6192 | F64: 8799.2474 | G64: =_xlfn.XLOOKUP(B64, Rate_Master!$A:$A, Rate_Master!$C:$C, "") -> 27930 | H64: =_xlfn.XLOOKUP(B64, Rate_Master!$A:$A, Rate_Master!$D:$D, "") -> 0 | I64: =+SUM(G64:H64) -> 27930 | J64: =I64*E64 -> 1.8779068e+08 | K64: =+F64*I64 -> 2.4576298e+08
A65: =$A$57&"."&ROW()-ROW($A$57) -> 3A.S1.8 | B65: Bu lông móng 基礎螺栓 | C65: Cấp bền 5.6 mạ kẽm đầu ren 5.6耐久等級鍍鋅螺紋頭 | D65: Kg | E65: 10507.8 | F65: 9977.68 | G65: =_xlfn.XLOOKUP(B65, Rate_Master!$A:$A, Rate_Master!$C:$C, "") -> 52500 | H65: =_xlfn.XLOOKUP(B65, Rate_Master!$A:$A, Rate_Master!$D:$D, "") -> 0 | I65: =+SUM(G65:H65) -> 52500 | J65: =I65*E65 -> 551659500 | K65: =+F65*I65 -> 523828200
A66: =$A$57&"."&ROW()-ROW($A$57) -> 3A.S1.9 | B66: Bu lông liên kết cường độ cao 高強度連接螺栓 | C66: Cấp bền 8.8, mạ điện phân 8.8耐久等級，電鍍 | D66: Kg | E66: 4229.51 | F66: 4600.044 | G66: =_xlfn.XLOOKUP(B66, Rate_Master!$A:$A, Rate_Master!$C:$C, "") -> 60900 | H66: =_xlfn.XLOOKUP(B66, Rate_Master!$A:$A, Rate_Master!$D:$D, "") -> 0 | I66: =+SUM(G66:H66) -> 60900 | J66: =I66*E66 -> 257577159 | K66: =+F66*I66 -> 2.8014268e+08
A67: =$A$57&"."&ROW()-ROW($A$57) -> 3A.S1.10 | B67: Bu lông liên kết xà gồ 檩条連接螺栓 | C67: Cấp bền 4.6 mạ điện phân 4.6 耐久等级，电镀 | D67: Kg | E67: 1451.03 | F67: 1058.67 | G67: =_xlfn.XLOOKUP(B67, Rate_Master!$A:$A, Rate_Master!$C:$C, "") -> 60900 | H67: =_xlfn.XLOOKUP(B67, Rate_Master!$A:$A, Rate_Master!$D:$D, "") -> 0 | I67: =+SUM(G67:H67) -> 60900 | J67: =I67*E67 -> 88367727 | K67: =+F67*I67 -> 64473003
A68: =$A$57&"."&ROW()-ROW($A$57) -> 3A.S1.11 | B68: Đinh chống cắt D16*150 防剪釘 D16*150 | C68: Cấp bền 4.6 4.6 耐久等级 | D68: Pcs | E68: 6178 | F68: 6580 | G68: =_xlfn.XLOOKUP(B68, Rate_Master!$A:$A, Rate_Master!$C:$C, "") -> 21000 | H68: =_xlfn.XLOOKUP(B68, Rate_Master!$A:$A, Rate_Master!$D:$D, "") -> 0 | I68: =+SUM(G68:H68) -> 21000 | J68: =I68*E68 -> 129738000 | K68: =+F68*I68 -> 138180000
A69: =$A$57&"."&ROW()-ROW($A$57) -> 3A.S1.12 | B69: Vận chuyển bu lông móng đến công trình 將基礎螺栓運輸至工地 | D69: Kg | E69: 10507.8 | F69: 9977.68 | G69: =_xlfn.XLOOKUP(B69, Rate_Master!$A:$A, Rate_Master!$C:$C, "") -> 630 | H69: =_xlfn.XLOOKUP(B69, Rate_Master!$A:$A, Rate_Master!$D:$D, "") -> 0 | I69: =+SUM(G69:H69) -> 630 | J69: =I69*E69 -> 6619914 | K69: =+F69*I69 -> 6285938.4
A70: =$A$57&"."&ROW()-ROW($A$57) -> 3A.S1.13 | B70: Vận chuyển kết cấu thép đến công trình 將鋼結構運輸至工地 | D70: Kg | E70: 569356.28 | F70: 609305.82 | G70: =_xlfn.XLOOKUP(B70, Rate_Master!$A:$A, Rate_Master!$C:$C, "") -> 630 | H70: =_xlfn.XLOOKUP(B70, Rate_Master!$A:$A, Rate_Master!$D:$D, "") -> 0 | I70: =+SUM(G70:H70) -> 630 | J70: =I70*E70 -> 3.5869446e+08 | K70: =+F70*I70 -> 3.8386266e+08
A71: =$A$57&"."&ROW()-ROW($A$57) -> 3A.S1.14 | B71: Định vị, lắp đặt bu lông móng tại công trình 在工地定位並安裝基礎螺栓 | D71: Pcs | E71: 1266 | F71: 1354 | G71: =_xlfn.XLOOKUP(B71, Rate_Master!$A:$A, Rate_Master!$C:$C, "") -> 0 | H71: =_xlfn.XLOOKUP(B71, Rate_Master!$A:$A, Rate_Master!$D:$D, "") -> 264500 | I71: =+SUM(G71:H71) -> 264500 | J71: =I71*E71 -> 334857000 | K71: =+F71*I71 -> 358133000
A72: =$A$57&"."&ROW()-ROW($A$57) -> 3A.S1.15 | B72: Lắp đặt kết cấu thép tại công trình 在工地安裝鋼結構 | D72: Kg | E72: 569356.28 | F72: 609305.82 | G72: =_xlfn.XLOOKUP(B72, Rate_Master!$A:$A, Rate_Master!$C:$C, "") -> 2940 | H72: =_xlfn.XLOOKUP(B72, Rate_Master!$A:$A, Rate_Master!$D:$D, "") -> 0 | I72: =+SUM(G72:H72) -> 2940 | J72: =I72*E72 -> 1.6739075e+09 | K72: =+F72*I72 -> 1.7913591e+09
A73: =$A$56&2 -> 3A.S2 | B73: Sàn deck 樓承板工項 | G73: =_xlfn.XLOOKUP(B73, Rate_Master!$A:$A, Rate_Master!$C:$C, "") -> 0 | H73: =_xlfn.XLOOKUP(B73, Rate_Master!$A:$A, Rate_Master!$D:$D, "") -> 0 | J73: =SUBTOTAL(9,J74:J78) -> 0 | K73: =SUBTOTAL(9,K74:K78) -> 0
A74: =$A$73&"."&ROW()-ROW($A$73) -> 3A.S2.1 | B74: Tấm sàn decking mạ kẽm thk=0.95mm WxH 50*1000mm 鍍鋅樓承板，厚度0.95毫米，寬50毫米，長1000毫米 | C74: Thép G350, mạ kẽm, độ mạ Z60 G350鋼材，鍍鋅，鍍層厚度Z60 | D74: sqm M2 | E74: 0 | G74: =_xlfn.XLOOKUP(B74, Rate_Master!$A:$A, Rate_Master!$C:$C, "") -> 0 | H74: =_xlfn.XLOOKUP(B74, Rate_Master!$A:$A, Rate_Master!$D:$D, "") -> 0 | I74: =G74+H74 -> 0 | J74: =I74*E74 -> 0 | K74: =+F74*I74 -> 0
A75: =$A$73&"."&ROW()-ROW($A$73) -> 3A.S2.2 | B75: Đinh chống cắt D19*90 防剪釘D19*90 | C75: Cấp bền 4.6 4.6耐久等級 | D75: Pcs | E75: 0 | G75: =_xlfn.XLOOKUP(B75, Rate_Master!$A:$A, Rate_Master!$C:$C, "") -> 0 | H75: =_xlfn.XLOOKUP(B75, Rate_Master!$A:$A, Rate_Master!$D:$D, "") -> 0 | I75: =G75+H75 -> 0 | J75: =I75*E75 -> 0 | K75: =+F75*I75 -> 0
A76: =$A$73&"."&ROW()-ROW($A$73) -> 3A.S2.3 | B76: Phụ kiện tôn sàn deck: Ke bo sàn, thanh chống, vít … 樓承板配件：樓承板角鋼、支撐桿、螺絲 | D76: sqm M2 | E76: 0 | G76: =_xlfn.XLOOKUP(B76, Rate_Master!$A:$A, Rate_Master!$C:$C, "") -> 0 | H76: =_xlfn.XLOOKUP(B76, Rate_Master!$A:$A, Rate_Master!$D:$D, "") -> 0 | I76: =G76+H76 -> 0 | J76: =I76*E76 -> 0 | K76: =+F76*I76 -> 0
A77: =$A$73&"."&ROW()-ROW($A$73) -> 3A.S2.4 | B77: Vận chuyển tôn sàn deck đến công trình 將樓承板鐵皮運至工地 | D77: Lot | E77: 0 | G77: =_xlfn.XLOOKUP(B77, Rate_Master!$A:$A, Rate_Master!$C:$C, "") -> 0 | H77: =_xlfn.XLOOKUP(B77, Rate_Master!$A:$A, Rate_Master!$D:$D, "") -> 0 | I77: =G77+H77 -> 0 | J77: =I77*E77 -> 0 | K77: =+F77*I77 -> 0
A78: =$A$73&"."&ROW()-ROW($A$73) -> 3A.S2.5 | B78: Lắp dựng tôn sàn deck 樓承板鐵皮安裝 | D78: sqm M2 | E78: 0 | G78: =_xlfn.XLOOKUP(B78, Rate_Master!$A:$A, Rate_Master!$C:$C, "") -> 0 | H78: =_xlfn.XLOOKUP(B78, Rate_Master!$A:$A, Rate_Master!$D:$D, "") -> 0 | I78: =G78+H78 -> 0 | J78: =I78*E78 -> 0 | K78: =+F78*I78 -> 0
A79: =$A$56&3 -> 3A.S3 | B79: Tôn bao che và phụ kiện 覆蓋鐵皮及配件 | G79: =_xlfn.XLOOKUP(B79, Rate_Master!$A:$A, Rate_Master!$C:$C, "") -> 0 | H79: =_xlfn.XLOOKUP(B79, Rate_Master!$A:$A, Rate_Master!$D:$D, "") -> 0 | J79: =SUBTOTAL(9,J80:J93) -> 8.1037132e+09 | K79: =SUBTOTAL(9,K80:K93) -> 8.0041092e+09
A80: =$A$79&"."&ROW()-ROW($A$79) -> 3A.S3.1 | B80: Mái chính: Tôn Seamlock K485, mạ nhôm kẽm thk=0.5mm. Sơn PVDF 170g/m2 và phụ kiện đi kèm 主屋頂：Seamlock K485 鋼板，鍍鋅鋁 厚度0.5mm，PVDF塗料170g/m²，及配件 | C80: =+'2A'!C80 -> Tôn liên doanh Việt hàn, AZ170 | D80: sqm M2 | E80: 16343.46 | F80: 16334.39 | G80: =_xlfn.XLOOKUP(B80, Rate_Master!$A:$A, Rate_Master!$C:$C, "") -> 248400 | H80: =_xlfn.XLOOKUP(B80, Rate_Master!$A:$A, Rate_Master!$D:$D, "") -> 34500 | I80: =+SUM(G80:H80) -> 282900 | J80: =I80*E80 -> 4623564834 | K80: =+F80*I80 -> 4620998931
A81: =$A$79&"."&ROW()-ROW($A$79) -> 3A.S3.2 | B81: Mái đua: Tôn cán cong, 5 sóng công nghiệp, mạ nhôm kẽm thk=0.5mm. Sơn PVDF 170g/m2 và phụ kiện đi kèm 延伸屋頂：彎曲鋼板，5波工業型，鍍鋁鋅厚度0.5mm，PVDF塗料 170g/m²，及配件 | C81: =+'2A'!C81 -> Tôn liên doanh Việt hàn, AZ170 | D81: sqm M2 | E81: 806.382 | F81: 629.802 | G81: =_xlfn.XLOOKUP(B81, Rate_Master!$A:$A, Rate_Master!$C:$C, "") -> 207000 | H81: =_xlfn.XLOOKUP(B81, Rate_Master!$A:$A, Rate_Master!$D:$D, "") -> 34500 | I81: =+SUM(G81:H81) -> 241500 | J81: =I81*E81 -> 1.9474125e+08 | K81: =+F81*I81 -> 152097183
A82: =$A$79&"."&ROW()-ROW($A$79) -> 3A.S3.3 | B82: Mái phụ trợ, vách thưng tôn: Tôn 5 sóng công nghiệp, mạ nhôm kẽm thk=0.5mm. Sơn PVDF 170g/m2 và phụ kiện đi kèm 輔助屋頂、鐵皮圍牆：5波工業型，鍍鋁鋅厚度0.5mm，PVDF塗料 170g/m²，及配件 | C82: =+'2A'!C82 -> Tôn liên doanh Việt hàn, AZ170 | D82: sqm M2 | E82: 409.588 | F82: 337.536 | G82: =_xlfn.XLOOKUP(B82, Rate_Master!$A:$A, Rate_Master!$C:$C, "") -> 195500 | H82: =_xlfn.XLOOKUP(B82, Rate_Master!$A:$A, Rate_Master!$D:$D, "") -> 34500 | I82: =+SUM(G82:H82) -> 230000 | J82: =I82*E82 -> 94205240 | K82: =+F82*I82 -> 77633280
A83: =$A$79&"."&ROW()-ROW($A$79) -> 3A.S3.4 | B83: Túi khí cách nhiệt 2 mặt nhôm A2 雙面鋁箔汽包膜 A2 | D83: sqm M2 | E83: 16343.46 | F83: 16334.39 | G83: =_xlfn.XLOOKUP(B83, Rate_Master!$A:$A, Rate_Master!$C:$C, "") -> 23000 | H83: =_xlfn.XLOOKUP(B83, Rate_Master!$A:$A, Rate_Master!$D:$D, "") -> 11500 | I83: =+SUM(G83:H83) -> 34500 | J83: =I83*E83 -> 563849370 | K83: =+F83*I83 -> 563536455
A84: =$A$79&"."&ROW()-ROW($A$79) -> 3A.S3.5 | B84: Ke diềm và phụ kiện, tôn phẳng mạ màu thk=0.5mm 收邊條及配件，鍍色鋼平板厚度=0.5mm | C84: Khổ 600-1200mm | D84: M | E84: 921.8 | F84: 1008.24 | G84: =_xlfn.XLOOKUP(B84, Rate_Master!$A:$A, Rate_Master!$C:$C, "") -> 110400 | H84: =_xlfn.XLOOKUP(B84, Rate_Master!$A:$A, Rate_Master!$D:$D, "") -> 17250 | I84: =+SUM(G84:H84) -> 127650 | J84: =I84*E84 -> 1.1766777e+08 | K84: =+F84*I84 -> 1.2870184e+08
A85: =$A$79&"."&ROW()-ROW($A$79) -> 3A.S3.6 | B85: Ke diềm và phụ kiện, tôn phẳng mạ màu thk=0.5mm 收邊條及配件，鍍色鋼平板厚度=0.5mm | C85: Khổ 200-600mm | D85: M | E85: 2856.6 | F85: 2606.4 | G85: =_xlfn.XLOOKUP(B85, Rate_Master!$A:$A, Rate_Master!$C:$C, "") -> 110400 | H85: =_xlfn.XLOOKUP(B85, Rate_Master!$A:$A, Rate_Master!$D:$D, "") -> 17250 | I85: =+SUM(G85:H85) -> 127650 | J85: =I85*E85 -> 3.6464499e+08 | K85: =+F85*I85 -> 3.3270696e+08
A86: =$A$79&"."&ROW()-ROW($A$79) -> 3A.S3.7 | B86: Máng nước inox 304 thk=1.2mm, loại 1 不鏽鋼水槽 304 厚度1.2mm | C86: Inox 304, khổ máng 2.2m 304不鏽鋼,槽尺寸2.2m | D86: M | E86: 392.4 | F86: 392.4 | G86: =_xlfn.XLOOKUP(B86, Rate_Master!$A:$A, Rate_Master!$C:$C, "") -> 1976115.4 | H86: =_xlfn.XLOOKUP(B86, Rate_Master!$A:$A, Rate_Master!$D:$D, "") -> 28750 | I86: =+SUM(G86:H86) -> 2004865.4 | J86: =I86*E86 -> 7.8670918e+08 | K86: =+F86*I86 -> 7.8670918e+08
A87: =$A$79&"."&ROW()-ROW($A$79) -> 3A.S3.8 | B87: Máng nước inox 304 thk=1.2mm, loại 2 不鏽鋼水槽 304 厚度1.2mm | C87: Inox 304, khổ máng 1.2m 304不鏽鋼,槽尺寸1.2m | D87: M | E87: 196.2 | F87: 196.2 | G87: =_xlfn.XLOOKUP(B87, Rate_Master!$A:$A, Rate_Master!$C:$C, "") -> 1077881.1 | H87: =_xlfn.XLOOKUP(B87, Rate_Master!$A:$A, Rate_Master!$D:$D, "") -> 23000 | I87: =+SUM(G87:H87) -> 1100881.1 | J87: =I87*E87 -> 2.1599288e+08 | K87: =+F87*I87 -> 2.1599288e+08
A88: =$A$79&"."&ROW()-ROW($A$79) -> 3A.S3.9 | B88: Cầu chắn rác inox 304 D200mm 不鏽鋼防堵塞過濾網罩 304 D200mm | D88: Pcs | E88: 24 | F88: 38 | G88: =_xlfn.XLOOKUP(B88, Rate_Master!$A:$A, Rate_Master!$C:$C, "") -> 92000 | H88: =_xlfn.XLOOKUP(B88, Rate_Master!$A:$A, Rate_Master!$D:$D, "") -> 11500 | I88: =+SUM(G88:H88) -> 103500 | J88: =I88*E88 -> 2484000 | K88: =+F88*I88 -> 3933000
A89: =$A$79&"."&ROW()-ROW($A$79) -> 3A.S3.10 | B89: Ống thoát nước PVC D200 và phụ kiện đi kèm 排水管 PVC D200及配件 | C89: PVC class 2 Sơn dầu bề mặt cùng màu kết cấu (hoặc tường gạch) PVC class 2 油漆表面與結構顏色相同 (或磚牆) | D89: M | E89: 376.2 | F89: 364.8 | G89: =_xlfn.XLOOKUP(B89, Rate_Master!$A:$A, Rate_Master!$C:$C, "") -> 297443.47 | H89: =_xlfn.XLOOKUP(B89, Rate_Master!$A:$A, Rate_Master!$D:$D, "") -> 23000 | I89: =+SUM(G89:H89) -> 320443.47 | J89: =I89*E89 -> 1.2055084e+08 | K89: =+F89*I89 -> 1.1689778e+08
A90: =$A$79&"."&ROW()-ROW($A$79) -> 3A.S3.11 | B90: Vận chuyển tôn mái và phụ kiện đến công trình 將屋頂鐵皮及配件運輸至工地 | D90: Lot | E90: 1 | F90: 1 | G90: =_xlfn.XLOOKUP(B90, Rate_Master!$A:$A, Rate_Master!$C:$C, "") -> 0 | H90: =_xlfn.XLOOKUP(B90, Rate_Master!$A:$A, Rate_Master!$D:$D, "") -> 57500000 | I90: =+SUM(G90:H90) -> 57500000 | J90: =I90*E90 -> 57500000 | K90: =+F90*I90 -> 57500000
A91: =$A$79&"."&ROW()-ROW($A$79) -> 3A.S3.12 | B91: Nhân công lợp tôn mái và cách nhiệt tại công trình 人工安裝屋頂鐵皮及進行隔熱施工 | D91: sqm M2 | E91: 17559.43 | F91: 17301.728 | G91: =_xlfn.XLOOKUP(B91, Rate_Master!$A:$A, Rate_Master!$C:$C, "") -> 0 | H91: =_xlfn.XLOOKUP(B91, Rate_Master!$A:$A, Rate_Master!$D:$D, "") -> 40250 | I91: =+SUM(G91:H91) -> 40250 | J91: =I91*E91 -> 7.0676706e+08 | K91: =+F91*I91 -> 696394552
A92: =$A$79&"."&ROW()-ROW($A$79) -> 3A.S3.13 | B92: Nhân công lắp đặt ke diềm, máng nước, ống xối và phụ kiện tôn tại công trình 人工安裝收邊條、水槽、排水管、鐵板配件 | D92: M | E92: 4743.2 | F92: 4568.04 | G92: =_xlfn.XLOOKUP(B92, Rate_Master!$A:$A, Rate_Master!$C:$C, "") -> 0 | H92: =_xlfn.XLOOKUP(B92, Rate_Master!$A:$A, Rate_Master!$D:$D, "") -> 23000 | I92: =+SUM(G92:H92) -> 23000 | J92: =I92*E92 -> 109093600 | K92: =+F92*I92 -> 105064920
A93: =$A$79&"."&ROW()-ROW($A$79) -> 3A.S3.14 | B93: Vật tư phụ khác 其他輔材 | C93: Vít, keo sealant … 螺絲、密封膠等 | D93: Lot | E93: 1 | F93: 1 | G93: =_xlfn.XLOOKUP(B93, Rate_Master!$A:$A, Rate_Master!$C:$C, "") -> 1.4594224e+08 | H93: =_xlfn.XLOOKUP(B93, Rate_Master!$A:$A, Rate_Master!$D:$D, "") -> 0 | I93: =+SUM(G93:H93) -> 1.4594224e+08 | J93: =I93*E93 -> 1.4594224e+08 | K93: =+F93*I93 -> 1.4594224e+08
A94: =$A$56&4 -> 3A.S4 | B94: Các công việc khác 其他工項 | G94: =_xlfn.XLOOKUP(B94, Rate_Master!$A:$A, Rate_Master!$C:$C, "") -> 0 | H94: =_xlfn.XLOOKUP(B94, Rate_Master!$A:$A, Rate_Master!$D:$D, "") -> 0 | J94: =SUBTOTAL(9,J95:J102) -> 6.143796e+08 | K94: =SUBTOTAL(9,K95:K102) -> 419754600
A95: =$A$94&"."&ROW()-ROW($A$94) -> 3A.S4.1 | B95: Cung cấp, vận chuyển và lắp đặt thang leo mái và phụ kiện ( Thang lồng) 提供、運輸及安裝屋頂爬梯及配件（護籠爬梯） | C95: SS400, mạ kẽm nhúng nóng SS400，熱浸鍍鋅 | D95: M | E95: 17.995 | F95: 12 | G95: =_xlfn.XLOOKUP(B95, Rate_Master!$A:$A, Rate_Master!$C:$C, "") -> 5175000 | H95: =_xlfn.XLOOKUP(B95, Rate_Master!$A:$A, Rate_Master!$D:$D, "") -> 0 | I95: =+SUM(G95:H95) -> 5175000 | J95: =I95*E95 -> 93124125 | K95: =+F95*I95 -> 62100000
A96: =$A$94&"."&ROW()-ROW($A$94) -> 3A.S4.2 | B96: Cung cấp, vận chuyển và lắp đặt thang leo mái và phụ kiện ( Thang không có lồng) 提供、運輸及安裝屋頂爬梯及配件（無護籠爬梯） | C96: Inox 304 304不鏽鋼 | D96: M | E96: 0 | G96: =_xlfn.XLOOKUP(B96, Rate_Master!$A:$A, Rate_Master!$C:$C, "") -> 0 | H96: =_xlfn.XLOOKUP(B96, Rate_Master!$A:$A, Rate_Master!$D:$D, "") -> 0 | I96: =+SUM(G96:H96) -> 0 | J96: =I96*E96 -> 0 | K96: =+F96*I96 -> 0
A97: =$A$94&"."&ROW()-ROW($A$94) -> 3A.S4.3 | B97: Cung cấp, vận chuyển và lắp đặt lan can cầu thang bộ và phụ kiện 提供、運輸及安裝樓梯扶手及配件 | C97: Thép hộp 方鋼 | D97: M | E97: 0 | G97: =_xlfn.XLOOKUP(B97, Rate_Master!$A:$A, Rate_Master!$C:$C, "") -> 0 | H97: =_xlfn.XLOOKUP(B97, Rate_Master!$A:$A, Rate_Master!$D:$D, "") -> 0 | I97: =+SUM(G97:H97) -> 0 | J97: =I97*E97 -> 0 | K97: =+F97*I97 -> 0
A98: =$A$94&"."&ROW()-ROW($A$94) -> 3A.S4.4 | B98: Cung cấp, vận chuyển và lắp đặt lan can sàn và phụ kiện 提供、運輸及安裝地板欄杆及配件 | C98: Thép hộp 方鋼 | D98: M | E98: 0 | G98: =_xlfn.XLOOKUP(B98, Rate_Master!$A:$A, Rate_Master!$C:$C, "") -> 0 | H98: =_xlfn.XLOOKUP(B98, Rate_Master!$A:$A, Rate_Master!$D:$D, "") -> 0 | I98: =+SUM(G98:H98) -> 0 | J98: =I98*E98 -> 0 | K98: =+F98*I98 -> 0
A99: =$A$94&"."&ROW()-ROW($A$94) -> 3A.S4.5 | B99: Chi phí biện pháp an toàn trong lắp dựng 安全施工措施採取費用 | C99: Bao gồm nhưng không giới hạn lưới an toàn, cảnh báo, cáp neo … 包括但不限於安全網、警告標誌、鋼絲繩等 | D99: sqm M2 | E99: 15550.2 | F99: 15550.2 | G99: =_xlfn.XLOOKUP(B99, Rate_Master!$A:$A, Rate_Master!$C:$C, "") -> 17250 | H99: =_xlfn.XLOOKUP(B99, Rate_Master!$A:$A, Rate_Master!$D:$D, "") -> 5750 | I99: =+SUM(G99:H99) -> 23000 | J99: =I99*E99 -> 357654600 | K99: =+F99*I99 -> 357654600
A100: =$A$94&"."&ROW()-ROW($A$94) -> 3A.S4.6 | B100: Sơn chống cháy cho kết cấu chính ( Cột thép, dầm thép, kèo thép) 主結構防火塗料（鋼柱、鋼樑、桁架） | C100: R45 | D100: sqm M2 | E100: 8368.3313 | G100: =_xlfn.XLOOKUP(B100, Rate_Master!$A:$A, Rate_Master!$C:$C, "") -> 0 | H100: =_xlfn.XLOOKUP(B100, Rate_Master!$A:$A, Rate_Master!$D:$D, "") -> 0 | I100: =+SUM(G100:H100) -> 0 | J100: =I100*E100 -> 0 | K100: =+F100*I100 -> 0 | L100: Nhà thầu không báo giá
A101: =$A$94&"."&ROW()-ROW($A$94) -> 3A.S4.7 | B101: Chi phí kiểm định sơn chống cháy 防火塗料檢測費用 | D101: Lot | E101: 1 | G101: =_xlfn.XLOOKUP(B101, Rate_Master!$A:$A, Rate_Master!$C:$C, "") -> 0 | H101: =_xlfn.XLOOKUP(B101, Rate_Master!$A:$A, Rate_Master!$D:$D, "") -> 0 | I101: =+SUM(G101:H101) -> 0 | J101: =I101*E101 -> 0 | K101: =+F101*I101 -> 0 | L101: Nhà thầu không báo giá
...

Sheet 4A
A2: 工程標單 (II) 詳細價目表 (Detail sheet)
B3: Chủ đầu tư 業主
B4: Dự án 工程名稱
B5: Địa điểm 工程名稱
B6: Hạng mục công trình | C6: =INDEX(總表!$B$9:$B$47,MATCH('4A'!A9,總表!$A$9:$A$48,0)) -> Nhà xưởng sản xuất 3 三號生產廠房
B7: Nhà thầu thi công | C7: Công ty TNHH Công trình L&K Việt Nam
A8: TT 專案 | B8: Tên hạng mục 專案名稱 | C8: Thông số kỹ thuật , mô tả 規格及說明 | D8: Đơn vị 单位 | E8: Khối lượng 專案數量 | G8: Khối lượng Nhà thầu | H8: Vật tư chính 主要材料 | I8: Nhân công + vật tư phụ+ máy thi công 人工+輔助材料+施工機械 | J8: Đơn giá 專案單價 (VND) | K8: Thành Tiền 專案複價 (VND) | L8: Thành tiền Nhà thầu | M8: Ghi chú
A9: 4A | B9: =C6 -> Nhà xưởng sản xuất 3 三號生產廠房 | H9: =_xlfn.XLOOKUP(B9, Rate_Master!$A:$A, Rate_Master!$C:$C, "") -> 0 | I9: =_xlfn.XLOOKUP(B9, Rate_Master!$A:$A, Rate_Master!$D:$D, "") -> 0 | K9: =SUBTOTAL(9,K10:K180) -> 1.1934102e+11 | L9: =SUBTOTAL(9,L10:L180) -> 1.347729e+11
A10: =$A$9&".C" -> 4A.C | B10: KẾT CẤU BÊ TÔNG 混凝土結構 | H10: =_xlfn.XLOOKUP(B10, Rate_Master!$A:$A, Rate_Master!$C:$C, "") -> 0 | I10: =_xlfn.XLOOKUP(B10, Rate_Master!$A:$A, Rate_Master!$D:$D, "") -> 0
A11: =$A$10&1 -> 4A.C1 | B11: Công tác cọc 基樁工項 | H11: =_xlfn.XLOOKUP(B11, Rate_Master!$A:$A, Rate_Master!$C:$C, "") -> 0 | I11: =_xlfn.XLOOKUP(B11, Rate_Master!$A:$A, Rate_Master!$D:$D, "") -> 0 | K11: =SUBTOTAL(9,K12:K22) -> 1.9922871e+10 | L11: =SUBTOTAL(9,L12:L22) -> 20351146350
A12: =$A$11&"."&ROW()-ROW($A$11) -> 4A.C1.1 | B12: Huy động và giải thể thiết bị ép cọc 調動和拆除壓樁設備 | D12: Set | E12: 1 | G12: 1 | H12: =_xlfn.XLOOKUP(B12, Rate_Master!$A:$A, Rate_Master!$C:$C, "") -> 0 | I12: =_xlfn.XLOOKUP(B12, Rate_Master!$A:$A, Rate_Master!$D:$D, "") -> 1.15e+08 | J12: =H12+I12 -> 1.15e+08 | K12: =J12*E12 -> 1.15e+08 | L12: =+G12*J12 -> 1.15e+08
A13: =$A$11&"."&ROW()-ROW($A$11) -> 4A.C1.2 | B13: Cung cấp cọc thí nghiệm PHC D400A 提供PHC D400A試驗樁 | D13: M | E13: 384 | G13: 384 | H13: =_xlfn.XLOOKUP(B13, Rate_Master!$A:$A, Rate_Master!$C:$C, "") -> 425500 | I13: =_xlfn.XLOOKUP(B13, Rate_Master!$A:$A, Rate_Master!$D:$D, "") -> 0 | J13: =H13+I13 -> 425500 | K13: =J13*E13 -> 1.63392e+08 | L13: =+G13*J13 -> 1.63392e+08
A14: =$A$11&"."&ROW()-ROW($A$11) -> 4A.C1.3 | B14: Thi công khoan dẫn cho cọc thí nghiệm PHC D400A PHC D400A試驗樁導孔施工 | D14: M | E14: 352 | G14: 384 | H14: =_xlfn.XLOOKUP(B14, Rate_Master!$A:$A, Rate_Master!$C:$C, "") -> 0 | I14: =_xlfn.XLOOKUP(B14, Rate_Master!$A:$A, Rate_Master!$D:$D, "") -> 69000 | J14: =H14+I14 -> 69000 | K14: =J14*E14 -> 24288000 | L14: =+G14*J14 -> 26496000
A15: =$A$11&"."&ROW()-ROW($A$11) -> 4A.C1.4 | B15: Thi công ép cọc thí nghiệm PHC D400A PHC D400A試驗樁壓樁施工 | D15: M | E15: 368 | G15: 384 | H15: =_xlfn.XLOOKUP(B15, Rate_Master!$A:$A, Rate_Master!$C:$C, "") -> 0 | I15: =_xlfn.XLOOKUP(B15, Rate_Master!$A:$A, Rate_Master!$D:$D, "") -> 57500 | J15: =H15+I15 -> 57500 | K15: =J15*E15 -> 21160000 | L15: =+G15*J15 -> 22080000
A16: =$A$11&"."&ROW()-ROW($A$11) -> 4A.C1.5 | B16: Thí nghiệm nén tĩnh cọc (khả năng chịu nén, bao gồm ép cọc thí nghiệm và thí nghiệm nghiệm thu khả năng chịu lực của cọc, cao độ đỉnh cọc là cao độ mặt đất sau khi san lấp mặt bằng, Sức chịu tải của cọc đơn là 1100kN, và Tải trọng thí nghiệm là 2200kN) 基樁靜載試驗(抗壓,含先行試打樁及承載力驗收樁檢測、樁頂標高為整地後地面標高，單樁抗壓承載力特徵值1100kN，試驗值為2200kN) | D16: Pcs | E16: 16 | G16: 16 | H16: =_xlfn.XLOOKUP(B16, Rate_Master!$A:$A, Rate_Master!$C:$C, "") -> 0 | I16: =_xlfn.XLOOKUP(B16, Rate_Master!$A:$A, Rate_Master!$D:$D, "") -> 13800000 | J16: =H16+I16 -> 13800000 | K16: =J16*E16 -> 2.208e+08 | L16: =+G16*J16 -> 2.208e+08
A17: =$A$11&"."&ROW()-ROW($A$11) -> 4A.C1.6 | B17: Thí nghiệm biến dạng nhỏ PIT cho cọc 基樁小應變試驗 | D17: Pcs | E17: 317 | G17: 384 | H17: =_xlfn.XLOOKUP(B17, Rate_Master!$A:$A, Rate_Master!$C:$C, "") -> 0 | I17: =_xlfn.XLOOKUP(B17, Rate_Master!$A:$A, Rate_Master!$D:$D, "") -> 253000 | J17: =H17+I17 -> 253000 | K17: =J17*E17 -> 80201000 | L17: =+G17*J17 -> 97152000
A18: =$A$11&"."&ROW()-ROW($A$11) -> 4A.C1.7 | B18: Cung cấp cọc đại trà PHC D400A 提供PHC D400A工程樁 | D18: M | E18: 34408 | G18: 34694 | H18: =_xlfn.XLOOKUP(B18, Rate_Master!$A:$A, Rate_Master!$C:$C, "") -> 402500 | I18: =_xlfn.XLOOKUP(B18, Rate_Master!$A:$A, Rate_Master!$D:$D, "") -> 0 | J18: =H18+I18 -> 402500 | K18: =J18*E18 -> 1.384922e+10 | L18: =+G18*J18 -> 1.3964335e+10
A19: =$A$11&"."&ROW()-ROW($A$11) -> 4A.C1.8 | B19: Cung cấp mũi cọc D400 提供D400樁尖 | D19: Pcs | E19: 1580 | G19: 1593 | H19: =_xlfn.XLOOKUP(B19, Rate_Master!$A:$A, Rate_Master!$C:$C, "") -> 80500 | I19: =_xlfn.XLOOKUP(B19, Rate_Master!$A:$A, Rate_Master!$D:$D, "") -> 0 | J19: =H19+I19 -> 80500 | K19: =J19*E19 -> 127190000 | L19: =+G19*J19 -> 128236500
A20: =$A$11&"."&ROW()-ROW($A$11) -> 4A.C1.9 | B20: Thi công khoan dẫn cho cọc đại trà PHC D400A PHC D400A工程樁導孔施工 | D20: M | E20: 33313.6 | G20: 36266.9 | H20: =_xlfn.XLOOKUP(B20, Rate_Master!$A:$A, Rate_Master!$C:$C, "") -> 0 | I20: =_xlfn.XLOOKUP(B20, Rate_Master!$A:$A, Rate_Master!$D:$D, "") -> 69000 | J20: =H20+I20 -> 69000 | K20: =J20*E20 -> 2298638400 | L20: =+G20*J20 -> 2502416100
A21: =$A$11&"."&ROW()-ROW($A$11) -> 4A.C1.10 | B21: Thi công ép cọc đại trà PHC D400A PHC D400A工程樁壓樁施工 | D21: M | E21: 34877.6 | G21: 36266.9 | H21: =_xlfn.XLOOKUP(B21, Rate_Master!$A:$A, Rate_Master!$C:$C, "") -> 0 | I21: =_xlfn.XLOOKUP(B21, Rate_Master!$A:$A, Rate_Master!$D:$D, "") -> 57500 | J21: =H21+I21 -> 57500 | K21: =J21*E21 -> 2.005462e+09 | L21: =+G21*J21 -> 2.0853467e+09
A22: =$A$11&"."&ROW()-ROW($A$11) -> 4A.C1.11 | B22: Xử lý đầu cọc D400 ( Bao gồm cắt , cốt thép, bê tông đầu cọc và vận chuyển đầu cọc thừa ra ngoài công trường nếu có) 樁頭處理D400mm(包括切割、鋼筋、樁頭混凝土以及將多餘的樁頭移運到工地外面) | D22: Pcs | E22: 1580 | G22: 1593 | H22: =_xlfn.XLOOKUP(B22, Rate_Master!$A:$A, Rate_Master!$C:$C, "") -> 483000 | I22: =_xlfn.XLOOKUP(B22, Rate_Master!$A:$A, Rate_Master!$D:$D, "") -> 161000 | J22: =H22+I22 -> 644000 | K22: =J22*E22 -> 1017520000 | L22: =+G22*J22 -> 1025892000
A23: =$A$10&2 -> 4A.C2 | B23: Công tác đất 土方工項 | H23: =_xlfn.XLOOKUP(B23, Rate_Master!$A:$A, Rate_Master!$C:$C, "") -> 0 | I23: =_xlfn.XLOOKUP(B23, Rate_Master!$A:$A, Rate_Master!$D:$D, "") -> 0 | K23: =SUBTOTAL(9,K24:K31) -> 5.1211789e+09 | L23: =SUBTOTAL(9,L24:L31) -> 5.7387377e+09
A24: =$A$23&"."&ROW()-ROW($A$23) -> 4A.C2.1 | B24: Đào đất móng, dầm móng 地基、基礎梁開挖 | D24: cum M3 | E24: 5123.405 | G24: 7482.07 | H24: =_xlfn.XLOOKUP(B24, Rate_Master!$A:$A, Rate_Master!$C:$C, "") -> 0 | I24: =_xlfn.XLOOKUP(B24, Rate_Master!$A:$A, Rate_Master!$D:$D, "") -> 32200 | J24: =H24+I24 -> 32200 | K24: =J24*E24 -> 1.6497364e+08 | L24: =+G24*J24 -> 2.4092265e+08
A25: =$A$23&"."&ROW()-ROW($A$23) -> 4A.C2.2 | B25: Đầm chặt đất đáy móng, dầm móng 將基礎底部土壤、基礎梁壓實 | D25: sqm M2 | E25: 5414.064 | G25: 5546.72 | H25: =_xlfn.XLOOKUP(B25, Rate_Master!$A:$A, Rate_Master!$C:$C, "") -> 0 | I25: =_xlfn.XLOOKUP(B25, Rate_Master!$A:$A, Rate_Master!$D:$D, "") -> 17250 | J25: =H25+I25 -> 17250 | K25: =J25*E25 -> 93392604 | L25: =+G25*J25 -> 95680920
A26: =$A$23&"."&ROW()-ROW($A$23) -> 4A.C2.3 | B26: Lấp đất móng và đầm chặt 將基礎回填並壓實 | D26: cum M3 | E26: 3334.038 | G26: 3941.73 | H26: =_xlfn.XLOOKUP(B26, Rate_Master!$A:$A, Rate_Master!$C:$C, "") -> 0 | I26: =_xlfn.XLOOKUP(B26, Rate_Master!$A:$A, Rate_Master!$D:$D, "") -> 37950 | J26: =H26+I26 -> 37950 | K26: =J26*E26 -> 1.2652674e+08 | L26: =+G26*J26 -> 1.4958865e+08
A27: =$A$23&"."&ROW()-ROW($A$23) -> 4A.C2.4 | B27: Vận chuyển xử lý đất thừa ( Trong phạm vi công trường) 多餘土壤運輸和處理（施工現場內） | C27: Tận dụng đắp nền nhà xưởng 回填利用廠房地坪 | D27: cum M3 | E27: 1789.366 | G27: 3540.34 | H27: =_xlfn.XLOOKUP(B27, Rate_Master!$A:$A, Rate_Master!$C:$C, "") -> 0 | I27: =_xlfn.XLOOKUP(B27, Rate_Master!$A:$A, Rate_Master!$D:$D, "") -> 32200 | J27: =H27+I27 -> 32200 | K27: =J27*E27 -> 57617585 | L27: =+G27*J27 -> 1.1399895e+08
A28: =$A$23&"."&ROW()-ROW($A$23) -> 4A.C2.5 | B28: Lớp nylon lót cho bê tông lót đài móng dầm móng 用於混凝土承台和基礎樑的尼龍墊層 | D28: sqm M2 | E28: 5414.064 | G28: 5546.72 | H28: =_xlfn.XLOOKUP(B28, Rate_Master!$A:$A, Rate_Master!$C:$C, "") -> 6900 | I28: =_xlfn.XLOOKUP(B28, Rate_Master!$A:$A, Rate_Master!$D:$D, "") -> 1725 | J28: =H28+I28 -> 8625 | K28: =J28*E28 -> 46696302 | L28: =+G28*J28 -> 47840460
A29: =$A$23&"."&ROW()-ROW($A$23) -> 4A.C2.6 | B29: Lớp màng HDPE chống ẩm, chống thấm dày 0.3mm ( hàn nhiệt) cho sàn nền tầng 1 一樓地板防潮防水HDPE膜層0.3mm厚（熱焊接） | D29: sqm M2 | E29: 17101.829 | G29: 18883.23 | H29: =_xlfn.XLOOKUP(B29, Rate_Master!$A:$A, Rate_Master!$C:$C, "") -> 34500 | I29: =_xlfn.XLOOKUP(B29, Rate_Master!$A:$A, Rate_Master!$D:$D, "") -> 5750 | J29: =H29+I29 -> 40250 | K29: =J29*E29 -> 6.8834862e+08 | L29: =+G29*J29 -> 7.6005001e+08
A30: =$A$23&"."&ROW()-ROW($A$23) -> 4A.C2.7 | B30: San gạt, lu nền hiện trạng nhà xưởng, độ chặt k>=0.90 整平並碾壓廠房現況地基，壓實系數k≥0.90 | D30: sqm M2 | E30: 17101.829 | G30: 18883.23 | H30: =_xlfn.XLOOKUP(B30, Rate_Master!$A:$A, Rate_Master!$C:$C, "") -> 0 | I30: =_xlfn.XLOOKUP(B30, Rate_Master!$A:$A, Rate_Master!$D:$D, "") -> 13800 | J30: =H30+I30 -> 13800 | K30: =J30*E30 -> 2.3600524e+08 | L30: =+G30*J30 -> 2.6058857e+08
A31: =$A$23&"."&ROW()-ROW($A$23) -> 4A.C2.8 | B31: Cấp phối đá dăm loại II đầm chặt,dày 35cm, k>=0.92 二型碎石級配層35cm厚，壓實k>=0.92 | D31: cum M3 | E31: 6020.571 | G31: 6609.13 | H31: =_xlfn.XLOOKUP(B31, Rate_Master!$A:$A, Rate_Master!$C:$C, "") -> 512325 | I31: =_xlfn.XLOOKUP(B31, Rate_Master!$A:$A, Rate_Master!$D:$D, "") -> 103500 | J31: =H31+I31 -> 615825 | K31: =J31*E31 -> 3.7076181e+09 | L31: =+G31*J31 -> 4.0700675e+09
A32: =$A$10&3 -> 4A.C3 | B32: Công tác bê tông 混凝土工項 | H32: =_xlfn.XLOOKUP(B32, Rate_Master!$A:$A, Rate_Master!$C:$C, "") -> 0 | I32: =_xlfn.XLOOKUP(B32, Rate_Master!$A:$A, Rate_Master!$D:$D, "") -> 0 | K32: =SUBTOTAL(9,K33:K39) -> 1.5989191e+10 | L32: =SUBTOTAL(9,L33:L39) -> 1.6861565e+10
A33: =$A$32&"."&ROW()-ROW($A$32) -> 4A.C3.1 | B33: Bê tông lót đá 1x2 B7.5 cho móng, dầm móng, nền 基礎、基礎樑、底層的石1x2 B7.5混凝土墊層 | D33: cum M3 | E33: 542.437 | G33: 554.67 | H33: =_xlfn.XLOOKUP(B33, Rate_Master!$A:$A, Rate_Master!$C:$C, "") -> 1249762.5 | I33: =_xlfn.XLOOKUP(B33, Rate_Master!$A:$A, Rate_Master!$D:$D, "") -> 207000 | J33: =+I33+H33 -> 1456762.5 | K33: =J33*E33 -> 7.9020188e+08 | L33: =+G33*J33 -> 8.0802246e+08
A34: =$A$32&"."&ROW()-ROW($A$32) -> 4A.C3.2 | B34: Bê tông đá 1x2 B30 cho đài móng, dầm móng, cổ cột, vách hố pit thang máy,nền sàn tầng 1 承台、基礎樑、柱頸、電梯坑、一層地面的石1x2 B30混凝土 | D34: cum M3 | E34: 8322.021 | G34: 8493.28 | H34: =_xlfn.XLOOKUP(B34, Rate_Master!$A:$A, Rate_Master!$C:$C, "") -> 1607444.4 | I34: =_xlfn.XLOOKUP(B34, Rate_Master!$A:$A, Rate_Master!$D:$D, "") -> 149500 | J34: =+I34+H34 -> 1756944.4 | K34: =J34*E34 -> 1.4621329e+10 | L34: =+G34*J34 -> 1.4922221e+10
A35: =$A$32&"."&ROW()-ROW($A$32) -> 4A.C3.3 | B35: Bê tông đá 1x2 B30 cho cột từ tầng 1 đến tầng mái 從一層到屋頂的柱子採用石1x2 B30混凝土 | D35: cum M3 | E35: 103.851 | G35: 195.06 | H35: =_xlfn.XLOOKUP(B35, Rate_Master!$A:$A, Rate_Master!$C:$C, "") -> 1520555.6 | I35: =_xlfn.XLOOKUP(B35, Rate_Master!$A:$A, Rate_Master!$D:$D, "") -> 253000 | J35: =+I35+H35 -> 1773555.6 | K35: =J35*E35 -> 1.8418552e+08 | L35: =+G35*J35 -> 3.4594975e+08
A36: =$A$32&"."&ROW()-ROW($A$32) -> 4A.C3.4 | B36: Bê tông đá 1x2 B30 cho dầm sàn từ tầng 2 đến tầng mái 二樓至屋頂地板樑的石1x2 B30混凝土 | D36: cum M3 | E36: 104.401 | G36: 338.59 | H36: =_xlfn.XLOOKUP(B36, Rate_Master!$A:$A, Rate_Master!$C:$C, "") -> 1520555.6 | I36: =_xlfn.XLOOKUP(B36, Rate_Master!$A:$A, Rate_Master!$D:$D, "") -> 149500 | J36: =+I36+H36 -> 1670055.6 | K36: =J36*E36 -> 1.7435547e+08 | L36: =+G36*J36 -> 5.6546411e+08
A37: =$A$32&"."&ROW()-ROW($A$32) -> 4A.C3.5 | B37: Bê tông đá mi M250 bảo vệ lớp chống thấm mái 保護屋頂防水層的石M250混凝土 | D37: cum M3 | E37: 15.6312 | G37: 15.44 | H37: =_xlfn.XLOOKUP(B37, Rate_Master!$A:$A, Rate_Master!$C:$C, "") -> 1390222.2 | I37: =_xlfn.XLOOKUP(B37, Rate_Master!$A:$A, Rate_Master!$D:$D, "") -> 149500 | J37: =+I37+H37 -> 1539722.2 | K37: =J37*E37 -> 24067706 | L37: =+G37*J37 -> 23773311
A38: =$A$32&"."&ROW()-ROW($A$32) -> 4A.C3.6 | B38: Bê tông đá mi M250 bảo vệ chân cột kết cấu thép thép 保護鋼結構柱腳之M250細石混凝土 | D38: cum M3 | E38: 63.718 | G38: 76 | H38: =_xlfn.XLOOKUP(B38, Rate_Master!$A:$A, Rate_Master!$C:$C, "") -> 1390222.2 | I38: =_xlfn.XLOOKUP(B38, Rate_Master!$A:$A, Rate_Master!$D:$D, "") -> 149500 | J38: =+I38+H38 -> 1539722.2 | K38: =J38*E38 -> 98108021 | L38: =+G38*J38 -> 1.1701889e+08
A39: =$A$32&"."&ROW()-ROW($A$32) -> 4A.C3.7 | B39: Vữa tự chảy không co ngót cường độ cao cho chân cột kết cấu thép ‌鋼結構柱腳的高強度無收縮自流砂漿 | D39: cum M3 | E39: 3.1859 | G39: 2.6 | H39: =_xlfn.XLOOKUP(B39, Rate_Master!$A:$A, Rate_Master!$C:$C, "") -> 22425000 | I39: =_xlfn.XLOOKUP(B39, Rate_Master!$A:$A, Rate_Master!$D:$D, "") -> 8004000 | J39: =+I39+H39 -> 30429000 | K39: =J39*E39 -> 96943751 | L39: =+G39*J39 -> 79115400
A40: =$A$10&4 -> 4A.C4 | B40: Công tác ván khuôn 模板工項 | H40: =_xlfn.XLOOKUP(B40, Rate_Master!$A:$A, Rate_Master!$C:$C, "") -> 0 | I40: =_xlfn.XLOOKUP(B40, Rate_Master!$A:$A, Rate_Master!$D:$D, "") -> 0 | K40: =SUBTOTAL(9,K41:K45) -> 3.4426165e+09 | L40: =SUBTOTAL(9,L41:L45) -> 4289842240
A41: =$A$40&"."&ROW()-ROW($A$40) -> 4A.C4.1 | B41: Ván khuôn bê tông lót cho móng, dầm móng, nền 基礎、基礎樑和地面的混凝土墊層模板 | D41: sqm M2 | E41: 1450.893 | G41: 1553.2 | H41: =_xlfn.XLOOKUP(B41, Rate_Master!$A:$A, Rate_Master!$C:$C, "") -> 80500 | I41: =_xlfn.XLOOKUP(B41, Rate_Master!$A:$A, Rate_Master!$D:$D, "") -> 92000 | J41: =+I41+H41 -> 172500 | K41: =J41*E41 -> 2.5027904e+08 | L41: =+G41*J41 -> 267927000
A42: =$A$40&"."&ROW()-ROW($A$40) -> 4A.C4.2 | B42: Ván khuôn cho đài móng, dầm móng, cổ cột, vách hố pit thang máy,nền sàn tầng 1 承台、基礎樑、柱頸、電梯坑、一層地面的模板 | D42: sqm M2 | E42: 10931.228 | G42: 10413.77 | H42: =_xlfn.XLOOKUP(B42, Rate_Master!$A:$A, Rate_Master!$C:$C, "") -> 126500 | I42: =_xlfn.XLOOKUP(B42, Rate_Master!$A:$A, Rate_Master!$D:$D, "") -> 103500 | J42: =+I42+H42 -> 230000 | K42: =J42*E42 -> 2.5141824e+09 | L42: =+G42*J42 -> 2395167100
A43: =$A$40&"."&ROW()-ROW($A$40) -> 4A.C4.3 | B43: Ván khuôn cho cột từ tầng 1 đến tầng mái 從一樓到屋頂的柱子模板 | D43: sqm M2 | E43: 1379.584 | G43: 2935.09 | H43: =_xlfn.XLOOKUP(B43, Rate_Master!$A:$A, Rate_Master!$C:$C, "") -> 126500 | I43: =_xlfn.XLOOKUP(B43, Rate_Master!$A:$A, Rate_Master!$D:$D, "") -> 149500 | J43: =+I43+H43 -> 276000 | K43: =J43*E43 -> 380765184 | L43: =+G43*J43 -> 810084840
A44: =$A$40&"."&ROW()-ROW($A$40) -> 4A.C4.4 | B44: Ván khuôn cho dầm sàn từ tầng 2 đến tầng mái 二樓至屋頂地板樑的模板 | D44: sqm M2 | E44: 864.465 | G44: 2958.2 | H44: =_xlfn.XLOOKUP(B44, Rate_Master!$A:$A, Rate_Master!$C:$C, "") -> 126500 | I44: =_xlfn.XLOOKUP(B44, Rate_Master!$A:$A, Rate_Master!$D:$D, "") -> 115000 | J44: =+I44+H44 -> 241500 | K44: =J44*E44 -> 2.087683e+08 | L44: =+G44*J44 -> 7.144053e+08
A45: =$A$40&"."&ROW()-ROW($A$40) -> 4A.C4.5 | B45: Ván khuôn cho bê tông bảo vệ chân cột kết cấu thép ‌鋼結構柱腳保護混凝土之模板 | D45: sqm M2 | E45: 395.191 | G45: 456 | H45: =_xlfn.XLOOKUP(B45, Rate_Master!$A:$A, Rate_Master!$C:$C, "") -> 126500 | I45: =_xlfn.XLOOKUP(B45, Rate_Master!$A:$A, Rate_Master!$D:$D, "") -> 97750 | J45: =+I45+H45 -> 224250 | K45: =J45*E45 -> 88621582 | L45: =+G45*J45 -> 1.02258e+08
A46: =$A$10&5 -> 4A.C5 | B46: Công tác cốt thép 鋼筋工項 | H46: =_xlfn.XLOOKUP(B46, Rate_Master!$A:$A, Rate_Master!$C:$C, "") -> 0 | I46: =_xlfn.XLOOKUP(B46, Rate_Master!$A:$A, Rate_Master!$D:$D, "") -> 0 | K46: =SUBTOTAL(9,K47:K51) -> 2.2473326e+10 | L46: =SUBTOTAL(9,L47:L51) -> 2.7856825e+10
A47: =$A$46&"."&ROW()-ROW($A$46) -> 4A.C5.1 | B47: Cốt thép cho đài móng, dầm móng, cổ cột, tường vách ,nền sàn tầng 1 承台、基礎樑、柱頸、隔間牆、一層地面的鋼筋 | C47: d<10 CB240T; d>=10 CB500V | D47: Kg | E47: 1041647.8 | G47: 1231778.9 | H47: =_xlfn.XLOOKUP(B47, Rate_Master!$A:$A, Rate_Master!$C:$C, "") -> 16770.565 | I47: =_xlfn.XLOOKUP(B47, Rate_Master!$A:$A, Rate_Master!$D:$D, "") -> 2875 | J47: =+I47+H47 -> 19645.565 | K47: =J47*E47 -> 2.0463759e+10 | L47: =+G47*J47 -> 2.4198993e+10
A48: =$A$46&"."&ROW()-ROW($A$46) -> 4A.C5.2 | B48: Cốt thép cho cột, vách từ tầng 1 đến tầng mái 從一層到屋頂的柱子、隔間鋼筋 | C48: d<10 CB240T; d>=10 CB500V | D48: Kg | E48: 28825.475 | G48: 53213.92 | H48: =_xlfn.XLOOKUP(B48, Rate_Master!$A:$A, Rate_Master!$C:$C, "") -> 16770.565 | I48: =_xlfn.XLOOKUP(B48, Rate_Master!$A:$A, Rate_Master!$D:$D, "") -> 3680 | J48: =+I48+H48 -> 20450.565 | K48: =J48*E48 -> 5.8949725e+08 | L48: =+G48*J48 -> 1.0882547e+09
A49: =$A$46&"."&ROW()-ROW($A$46) -> 4A.C5.3 | B49: Cốt thép cho dầm sàn từ tầng 2 đến tầng mái 二樓至屋頂地板樑的鋼筋 | C49: d<10 CB240T; d>=10 CB500V | D49: Kg | E49: 15499.776 | G49: 19336.84 | H49: =_xlfn.XLOOKUP(B49, Rate_Master!$A:$A, Rate_Master!$C:$C, "") -> 16770.565 | I49: =_xlfn.XLOOKUP(B49, Rate_Master!$A:$A, Rate_Master!$D:$D, "") -> 3450 | J49: =+I49+H49 -> 20220.565 | K49: =J49*E49 -> 3.1341422e+08 | L49: =+G49*J49 -> 3.9100183e+08
A50: =$A$46&"."&ROW()-ROW($A$46) -> 4A.C5.4 | B50: Cốt thép cho giằng tường, bổ trụ từ tầng 1 đến tầng mái 從一層到屋頂的加強柱、加強樑 | C50: d<10 CB240T; d>=10 CB500V | D50: Kg | E50: 53755.777 | G50: 106135.15 | H50: =_xlfn.XLOOKUP(B50, Rate_Master!$A:$A, Rate_Master!$C:$C, "") -> 16770.565 | I50: =_xlfn.XLOOKUP(B50, Rate_Master!$A:$A, Rate_Master!$D:$D, "") -> 3680 | J50: =+I50+H50 -> 20450.565 | K50: =J50*E50 -> 1.099336e+09 | L50: =+G50*J50 -> 2.1705238e+09
A51: =$A$46&"."&ROW()-ROW($A$46) -> 4A.C5.5 | B51: Lưới thép hàn 電焊鋼絲網 | C51: fy=485Mpa | D51: Kg | E51: 343.8864 | G51: 378.28 | H51: =_xlfn.XLOOKUP(B51, Rate_Master!$A:$A, Rate_Master!$C:$C, "") -> 17834.66 | I51: =_xlfn.XLOOKUP(B51, Rate_Master!$A:$A, Rate_Master!$D:$D, "") -> 3450 | J51: =+I51+H51 -> 21284.66 | K51: =J51*E51 -> 7319505.1 | L51: =+G51*J51 -> 8051561.2
A52: =$A$10&6 -> 4A.C6 | B52: Công tác kết cấu khác 其他結構工項 | H52: =_xlfn.XLOOKUP(B52, Rate_Master!$A:$A, Rate_Master!$C:$C, "") -> 0 | I52: =_xlfn.XLOOKUP(B52, Rate_Master!$A:$A, Rate_Master!$D:$D, "") -> 0 | J52: =H52+I52 -> 0 | K52: =SUBTOTAL(9,K53:K55) -> 1.120735e+09 | L52: =SUBTOTAL(9,L53:L55) -> 1116611613
A53: =$A$52&"."&ROW()-ROW($A$52) -> 4A.C6.1 | B53: Hoàn thiện đánh bóng bề mặt bê tông bằng máy 使用機器打磨混凝土表面 | D53: sqm M2 | E53: 20762.364 | G53: 21629.29 | H53: =_xlfn.XLOOKUP(B53, Rate_Master!$A:$A, Rate_Master!$C:$C, "") -> 14950 | I53: =_xlfn.XLOOKUP(B53, Rate_Master!$A:$A, Rate_Master!$D:$D, "") -> 17250 | J53: =+I53+H53 -> 32200 | K53: =J53*E53 -> 6.6854812e+08 | L53: =+G53*J53 -> 696463138
A54: =$A$52&"."&ROW()-ROW($A$52) -> 4A.C6.2 | B54: Cắt mạch bê tông khe co rộng 5mm, sâu 10mm khoảng cách @3*3m. Chèn khe bằng flexiseal. 切割混凝土伸縮縫，寬5mm，深10mm，間距@3×3m。使用彈性密封劑的聚氨酯填縫 | D54: M | E54: 15728.24 | G54: 14613.86 | H54: =_xlfn.XLOOKUP(B54, Rate_Master!$A:$A, Rate_Master!$C:$C, "") -> 5750 | I54: =_xlfn.XLOOKUP(B54, Rate_Master!$A:$A, Rate_Master!$D:$D, "") -> 23000 | J54: =+I54+H54 -> 28750 | K54: =J54*E54 -> 452186900 | L54: =+G54*J54 -> 420148475
A55: =$A$52&"."&ROW()-ROW($A$52) -> 4A.C6.3 | B55: Cung cấp lắp đặt băng cản nước V20 cho hố pít thang máy 電梯底坑V20止水帶供應與安裝 | D55: M | E55: 0 | H55: =_xlfn.XLOOKUP(B55, Rate_Master!$A:$A, Rate_Master!$C:$C, "") -> 172500 | I55: =_xlfn.XLOOKUP(B55, Rate_Master!$A:$A, Rate_Master!$D:$D, "") -> 57500 | J55: =+I55+H55 -> 230000 | K55: =J55*E55 -> 0 | L55: =+G55*J55 -> 0
A56: =$A$9&".S" -> 4A.S | B56: KẾT CẤU THÉP 鋼結構 | H56: =_xlfn.XLOOKUP(B56, Rate_Master!$A:$A, Rate_Master!$C:$C, "") -> 0 | I56: =_xlfn.XLOOKUP(B56, Rate_Master!$A:$A, Rate_Master!$D:$D, "") -> 0
A57: =$A$56&1 -> 4A.S1 | B57: Kết cấu khung thép 鋼架結構 | H57: =_xlfn.XLOOKUP(B57, Rate_Master!$A:$A, Rate_Master!$C:$C, "") -> 0 | I57: =_xlfn.XLOOKUP(B57, Rate_Master!$A:$A, Rate_Master!$D:$D, "") -> 0 | K57: =SUBTOTAL(9,K58:K72) -> 2.1042649e+10 | L57: =SUBTOTAL(9,L58:L72) -> 2.2357466e+10
A58: =$A$57&"."&ROW()-ROW($A$57) -> 4A.S1.1 | B58: Sản xuất hoàn thiện kết cấu thép tấm tổ hợp : Cột thép, dầm thép, kèo thép, giằng thép tổ hợp 製造完整鋼板組合結構：鋼柱、鋼樑、桁架、支撐鋼 | C58: Thép Q355B. Phun bi làm sạch SA2.0. Sơn 1 lớp chống gỉ dày 30µm Q355B鋼材。噴丸清理SA2.0。塗一層30µm厚的防鏽塗料 | D58: Kg | E58: 513225.1 | G58: 526132.06 | H58: =_xlfn.XLOOKUP(B58, Rate_Master!$A:$A, Rate_Master!$C:$C, "") -> 20475 | I58: =_xlfn.XLOOKUP(B58, Rate_Master!$A:$A, Rate_Master!$D:$D, "") -> 0 | J58: =+SUM(H58:I58) -> 20475 | K58: =J58*E58 -> 1.0508284e+10 | L58: =+G58*J58 -> 1.0772554e+10
A59: =$A$57&"."&ROW()-ROW($A$57) -> 4A.S1.2 | B59: Sản xuất hoàn thiện kết cấu thép phụ : Giằng thép hình 製造完整次要鋼結構：有型支撐鋼 | C59: Thép SS400 hoặc tương đương.Phun bi làm sạch SA2.0. Sơn 1 lớp chống gỉ, 2 lớp sơn phủ màu tổng độ dày 80µm SS400鋼材或同等材質。噴丸清理SA2.0。塗一層防鏽塗料，塗兩層面漆，總厚度80µm 。 | D59: Kg | E59: 84093.329 | G59: 89976.836 | H59: =_xlfn.XLOOKUP(B59, Rate_Master!$A:$A, Rate_Master!$C:$C, "") -> 26775 | I59: =_xlfn.XLOOKUP(B59, Rate_Master!$A:$A, Rate_Master!$D:$D, "") -> 0 | J59: =+SUM(H59:I59) -> 26775 | K59: =J59*E59 -> 2.2515989e+09 | L59: =+G59*J59 -> 2.4091298e+09
A60: =$A$57&"."&ROW()-ROW($A$57) -> 4A.S1.3 | B60: Sản xuất hoàn thiện kết cấu thép phụ : Giằng thép tròn 製造完整次要鋼結構：圓支撐鋼 | C60: Thép SS400 hoặc tương đương.Phun bi làm sạch SA2.0. Sơn 1 lớp chống gỉ, 2 lớp sơn phủ màu tổng độ dày 80µm SS400鋼材或同等材質。噴丸清理SA2.0。塗一層防鏽塗料，塗兩層面漆，總厚度80微米。 | D60: Kg | E60: 5013.9054 | G60: 5610.5336 | H60: =_xlfn.XLOOKUP(B60, Rate_Master!$A:$A, Rate_Master!$C:$C, "") -> 36750 | I60: =_xlfn.XLOOKUP(B60, Rate_Master!$A:$A, Rate_Master!$D:$D, "") -> 0 | J60: =+SUM(H60:I60) -> 36750 | K60: =J60*E60 -> 1.8426102e+08 | L60: =+G60*J60 -> 2.0618711e+08
A61: =$A$57&"."&ROW()-ROW($A$57) -> 4A.S1.4 | B61: Sản xuất hoàn thiện xà gồ thép hộp 製造完整方鋼檁條 | C61: Thép SS400 hoặc tương đương.Phun bi làm sạch SA2.0. Sơn 1 lớp chống gỉ, 2 lớp sơn phủ màu tổng độ dày 80µm SS400鋼材或同等材質。噴丸清理SA2.0。塗一層防鏽塗料，塗兩層面漆，總厚度80微米。 | D61: Kg | E61: 12307.23 | G61: 12736.189 | H61: =_xlfn.XLOOKUP(B61, Rate_Master!$A:$A, Rate_Master!$C:$C, "") -> 26775 | I61: =_xlfn.XLOOKUP(B61, Rate_Master!$A:$A, Rate_Master!$D:$D, "") -> 0 | J61: =+SUM(H61:I61) -> 26775 | K61: =J61*E61 -> 3.2952608e+08 | L61: =+G61*J61 -> 3.4101147e+08
A62: =$A$57&"."&ROW()-ROW($A$57) -> 4A.S1.5 | B62: Sản xuất hoàn thiện xà gồ mạ kẽm 製造鍍鋅檁條 | C62: Thép G450. mạ kẽm, độ mạ Z275 G450鋼材。鍍鋅，鍍層厚度Z275 | D62: Kg | E62: 116104.6 | G62: 143845.17 | H62: =_xlfn.XLOOKUP(B62, Rate_Master!$A:$A, Rate_Master!$C:$C, "") -> 22365 | I62: =_xlfn.XLOOKUP(B62, Rate_Master!$A:$A, Rate_Master!$D:$D, "") -> 0 | J62: =+SUM(H62:I62) -> 22365 | K62: =J62*E62 -> 2.5966794e+09 | L62: =+G62*J62 -> 3.2170972e+09
A63: =$A$57&"."&ROW()-ROW($A$57) -> 4A.S1.6 | B63: Sản xuất hoàn thiện ty giằng xà gồ 製造完整檁條拉桿 | C63: Thép SS400 hoặc tương đương. Mạ kẽm điện phân SS400鋼材或同等材質。電鍍鋅 | D63: Kg | E63: 11936.923 | G63: 10795.797 | H63: =_xlfn.XLOOKUP(B63, Rate_Master!$A:$A, Rate_Master!$C:$C, "") -> 36750 | I63: =_xlfn.XLOOKUP(B63, Rate_Master!$A:$A, Rate_Master!$D:$D, "") -> 0 | J63: =+SUM(H63:I63) -> 36750 | K63: =J63*E63 -> 4.3868194e+08 | L63: =+G63*J63 -> 3.9674555e+08
A64: =$A$57&"."&ROW()-ROW($A$57) -> 4A.S1.7 | B64: Sản xuất hoàn thiện chống lật xà gồ 製造完整檩条防翻 | C64: Thép SS400 hoặc tương đương. Mạ kẽm SS400鋼材或同等材質。鍍鋅 | D64: Kg | E64: 9864.7747 | G64: 11609.224 | H64: =_xlfn.XLOOKUP(B64, Rate_Master!$A:$A, Rate_Master!$C:$C, "") -> 27930 | I64: =_xlfn.XLOOKUP(B64, Rate_Master!$A:$A, Rate_Master!$D:$D, "") -> 0 | J64: =+SUM(H64:I64) -> 27930 | K64: =J64*E64 -> 2.7552316e+08 | L64: =+G64*J64 -> 3.2424564e+08
A65: =$A$57&"."&ROW()-ROW($A$57) -> 4A.S1.8 | B65: Bu lông móng 基礎螺栓 | C65: Cấp bền 5.6 mạ kẽm đầu ren 5.6耐久等級鍍鋅螺紋頭 | D65: Kg | E65: 13562.2 | G65: 13073.84 | H65: =_xlfn.XLOOKUP(B65, Rate_Master!$A:$A, Rate_Master!$C:$C, "") -> 52500 | I65: =_xlfn.XLOOKUP(B65, Rate_Master!$A:$A, Rate_Master!$D:$D, "") -> 0 | J65: =+SUM(H65:I65) -> 52500 | K65: =J65*E65 -> 712015500 | L65: =+G65*J65 -> 686376600
A66: =$A$57&"."&ROW()-ROW($A$57) -> 4A.S1.9 | B66: Bu lông liên kết cường độ cao 高強度連接螺栓 | C66: Cấp bền 8.8, mạ điện phân 8.8耐久等級，電鍍 | D66: Kg | E66: 5605 | G66: 6051.908 | H66: =_xlfn.XLOOKUP(B66, Rate_Master!$A:$A, Rate_Master!$C:$C, "") -> 60900 | I66: =_xlfn.XLOOKUP(B66, Rate_Master!$A:$A, Rate_Master!$D:$D, "") -> 0 | J66: =+SUM(H66:I66) -> 60900 | K66: =J66*E66 -> 341344500 | L66: =+G66*J66 -> 3.685612e+08
A67: =$A$57&"."&ROW()-ROW($A$57) -> 4A.S1.10 | B67: Bu lông liên kết xà gồ 檩条連接螺栓 | C67: Cấp bền 4.6 mạ điện phân 4.6 耐久等级，电镀 | D67: Kg | E67: 1896.18 | G67: 1409.214 | H67: =_xlfn.XLOOKUP(B67, Rate_Master!$A:$A, Rate_Master!$C:$C, "") -> 60900 | I67: =_xlfn.XLOOKUP(B67, Rate_Master!$A:$A, Rate_Master!$D:$D, "") -> 0 | J67: =+SUM(H67:I67) -> 60900 | K67: =J67*E67 -> 115477362 | L67: =+G67*J67 -> 85821133
A68: =$A$57&"."&ROW()-ROW($A$57) -> 4A.S1.11 | B68: Đinh chống cắt D16*150 防剪釘 D16*150 | C68: Cấp bền 4.6 4.6 耐久等级 | D68: Pcs | E68: 7711 | G68: 8180 | H68: =_xlfn.XLOOKUP(B68, Rate_Master!$A:$A, Rate_Master!$C:$C, "") -> 21000 | I68: =_xlfn.XLOOKUP(B68, Rate_Master!$A:$A, Rate_Master!$D:$D, "") -> 0 | J68: =+SUM(H68:I68) -> 21000 | K68: =J68*E68 -> 161931000 | L68: =+G68*J68 -> 171780000
A69: =$A$57&"."&ROW()-ROW($A$57) -> 4A.S1.12 | B69: Vận chuyển bu lông móng đến công trình 將基礎螺栓運輸至工地 | D69: Kg | E69: 13562.2 | G69: 13073.84 | H69: =_xlfn.XLOOKUP(B69, Rate_Master!$A:$A, Rate_Master!$C:$C, "") -> 630 | I69: =_xlfn.XLOOKUP(B69, Rate_Master!$A:$A, Rate_Master!$D:$D, "") -> 0 | J69: =+SUM(H69:I69) -> 630 | K69: =J69*E69 -> 8544186 | L69: =+G69*J69 -> 8236519.2
A70: =$A$57&"."&ROW()-ROW($A$57) -> 4A.S1.13 | B70: Vận chuyển kết cấu thép đến công trình 將鋼結構運輸至工地 | D70: Kg | E70: 752545.86 | G70: 808166.93 | H70: =_xlfn.XLOOKUP(B70, Rate_Master!$A:$A, Rate_Master!$C:$C, "") -> 630 | I70: =_xlfn.XLOOKUP(B70, Rate_Master!$A:$A, Rate_Master!$D:$D, "") -> 0 | J70: =+SUM(H70:I70) -> 630 | K70: =J70*E70 -> 4.7410389e+08 | L70: =+G70*J70 -> 5.0914516e+08
A71: =$A$57&"."&ROW()-ROW($A$57) -> 4A.S1.14 | B71: Định vị, lắp đặt bu lông móng tại công trình 在工地定位並安裝基礎螺栓 | D71: Pcs | E71: 1634 | G71: 1832 | H71: =_xlfn.XLOOKUP(B71, Rate_Master!$A:$A, Rate_Master!$C:$C, "") -> 0 | I71: =_xlfn.XLOOKUP(B71, Rate_Master!$A:$A, Rate_Master!$D:$D, "") -> 264500 | J71: =+SUM(H71:I71) -> 264500 | K71: =J71*E71 -> 432193000 | L71: =+G71*J71 -> 484564000
A72: =$A$57&"."&ROW()-ROW($A$57) -> 4A.S1.15 | B72: Lắp đặt kết cấu thép tại công trình 在工地安裝鋼結構 | D72: Kg | E72: 752545.86 | G72: 808166.93 | H72: =_xlfn.XLOOKUP(B72, Rate_Master!$A:$A, Rate_Master!$C:$C, "") -> 2940 | I72: =_xlfn.XLOOKUP(B72, Rate_Master!$A:$A, Rate_Master!$D:$D, "") -> 0 | J72: =+SUM(H72:I72) -> 2940 | K72: =J72*E72 -> 2.2124848e+09 | L72: =+G72*J72 -> 2.3760108e+09
A73: =$A$56&2 -> 4A.S2 | B73: Sàn deck 樓承板工項 | H73: =_xlfn.XLOOKUP(B73, Rate_Master!$A:$A, Rate_Master!$C:$C, "") -> 0 | I73: =_xlfn.XLOOKUP(B73, Rate_Master!$A:$A, Rate_Master!$D:$D, "") -> 0 | K73: =SUBTOTAL(9,K74:K78) -> 0
A74: =$A$73&"."&ROW()-ROW($A$73) -> 4A.S2.1 | B74: Tấm sàn decking mạ kẽm thk=0.95mm WxH 50*1000mm 鍍鋅樓承板，厚度0.95毫米，寬50毫米，長1000毫米 | C74: Thép G350, mạ kẽm, độ mạ Z60 G350鋼材，鍍鋅，鍍層厚度Z60 | D74: sqm M2 | E74: 0 | H74: =_xlfn.XLOOKUP(B74, Rate_Master!$A:$A, Rate_Master!$C:$C, "") -> 0 | I74: =_xlfn.XLOOKUP(B74, Rate_Master!$A:$A, Rate_Master!$D:$D, "") -> 0 | J74: =H74+I74 -> 0 | K74: =J74*E74 -> 0
A75: =$A$73&"."&ROW()-ROW($A$73) -> 4A.S2.2 | B75: Đinh chống cắt D19*90 防剪釘D19*90 | C75: Cấp bền 4.6 4.6耐久等級 | D75: Pcs | E75: 0 | H75: =_xlfn.XLOOKUP(B75, Rate_Master!$A:$A, Rate_Master!$C:$C, "") -> 0 | I75: =_xlfn.XLOOKUP(B75, Rate_Master!$A:$A, Rate_Master!$D:$D, "") -> 0 | J75: =H75+I75 -> 0 | K75: =J75*E75 -> 0
A76: =$A$73&"."&ROW()-ROW($A$73) -> 4A.S2.3 | B76: Phụ kiện tôn sàn deck: Ke bo sàn, thanh chống, vít … 樓承板配件：樓承板角鋼、支撐桿、螺絲 | D76: sqm M2 | E76: 0 | H76: =_xlfn.XLOOKUP(B76, Rate_Master!$A:$A, Rate_Master!$C:$C, "") -> 0 | I76: =_xlfn.XLOOKUP(B76, Rate_Master!$A:$A, Rate_Master!$D:$D, "") -> 0 | J76: =H76+I76 -> 0 | K76: =J76*E76 -> 0
A77: =$A$73&"."&ROW()-ROW($A$73) -> 4A.S2.4 | B77: Vận chuyển tôn sàn deck đến công trình 將樓承板鐵皮運至工地 | D77: Lot | E77: 0 | H77: =_xlfn.XLOOKUP(B77, Rate_Master!$A:$A, Rate_Master!$C:$C, "") -> 0 | I77: =_xlfn.XLOOKUP(B77, Rate_Master!$A:$A, Rate_Master!$D:$D, "") -> 0 | J77: =H77+I77 -> 0 | K77: =J77*E77 -> 0
A78: =$A$73&"."&ROW()-ROW($A$73) -> 4A.S2.5 | B78: Lắp dựng tôn sàn deck 樓承板鐵皮安裝 | D78: sqm M2 | E78: 0 | H78: =_xlfn.XLOOKUP(B78, Rate_Master!$A:$A, Rate_Master!$C:$C, "") -> 0 | I78: =_xlfn.XLOOKUP(B78, Rate_Master!$A:$A, Rate_Master!$D:$D, "") -> 0 | J78: =H78+I78 -> 0 | K78: =J78*E78 -> 0
A79: =$A$56&3 -> 4A.S3 | B79: Tôn bao che và phụ kiện 覆蓋鐵皮及配件 | H79: =_xlfn.XLOOKUP(B79, Rate_Master!$A:$A, Rate_Master!$C:$C, "") -> 0 | I79: =_xlfn.XLOOKUP(B79, Rate_Master!$A:$A, Rate_Master!$D:$D, "") -> 0 | K79: =SUBTOTAL(9,K80:K93) -> 1.0736236e+10 | L79: =SUBTOTAL(9,L80:L93) -> 1.0587209e+10
A80: =$A$79&"."&ROW()-ROW($A$79) -> 4A.S3.1 | B80: Mái chính: Tôn Seamlock K485, mạ nhôm kẽm thk=0.5mm. Sơn PVDF 170g/m2 và phụ kiện đi kèm 主屋頂：Seamlock K485 鋼板，鍍鋅鋁 厚度0.5mm，PVDF塗料170g/m²，及配件 | C80: =+'3A'!C80 -> Tôn liên doanh Việt hàn, AZ170 | D80: sqm M2 | E80: 21774.62 | G80: 21814.656 | H80: =_xlfn.XLOOKUP(B80, Rate_Master!$A:$A, Rate_Master!$C:$C, "") -> 248400 | I80: =_xlfn.XLOOKUP(B80, Rate_Master!$A:$A, Rate_Master!$D:$D, "") -> 34500 | J80: =+SUM(H80:I80) -> 282900 | K80: =J80*E80 -> 6160039998 | L80: =+G80*J80 -> 6.1713662e+09
A81: =$A$79&"."&ROW()-ROW($A$79) -> 4A.S3.2 | B81: Mái đua: Tôn cán cong, 5 sóng công nghiệp, mạ nhôm kẽm thk=0.5mm. Sơn PVDF 170g/m2 và phụ kiện đi kèm 延伸屋頂：彎曲鋼板，5波工業型，鍍鋁鋅厚度0.5mm，PVDF塗料 170g/m²，及配件 | C81: =+'3A'!C81 -> Tôn liên doanh Việt hàn, AZ170 | D81: sqm M2 | E81: 1074.354 | G81: 838.131 | H81: =_xlfn.XLOOKUP(B81, Rate_Master!$A:$A, Rate_Master!$C:$C, "") -> 207000 | I81: =_xlfn.XLOOKUP(B81, Rate_Master!$A:$A, Rate_Master!$D:$D, "") -> 34500 | J81: =+SUM(H81:I81) -> 241500 | K81: =J81*E81 -> 2.5945649e+08 | L81: =+G81*J81 -> 2.0240864e+08
A82: =$A$79&"."&ROW()-ROW($A$79) -> 4A.S3.3 | B82: Mái phụ trợ, vách thưng tôn: Tôn 5 sóng công nghiệp, mạ nhôm kẽm thk=0.5mm. Sơn PVDF 170g/m2 và phụ kiện đi kèm 輔助屋頂、鐵皮圍牆：5波工業型，鍍鋁鋅厚度0.5mm，PVDF塗料 170g/m²，及配件 | C82: =+'3A'!C82 -> Tôn liên doanh Việt hàn, AZ170 | D82: sqm M2 | E82: 546.257 | G82: 480.368 | H82: =_xlfn.XLOOKUP(B82, Rate_Master!$A:$A, Rate_Master!$C:$C, "") -> 195500 | I82: =_xlfn.XLOOKUP(B82, Rate_Master!$A:$A, Rate_Master!$D:$D, "") -> 34500 | J82: =+SUM(H82:I82) -> 230000 | K82: =J82*E82 -> 1.2563911e+08 | L82: =+G82*J82 -> 1.1048464e+08
A83: =$A$79&"."&ROW()-ROW($A$79) -> 4A.S3.4 | B83: Túi khí cách nhiệt 2 mặt nhôm A2 雙面鋁箔汽包膜 A2 | D83: sqm M2 | E83: 21774.62 | G83: 21814.656 | H83: =_xlfn.XLOOKUP(B83, Rate_Master!$A:$A, Rate_Master!$C:$C, "") -> 23000 | I83: =_xlfn.XLOOKUP(B83, Rate_Master!$A:$A, Rate_Master!$D:$D, "") -> 11500 | J83: =+SUM(H83:I83) -> 34500 | K83: =J83*E83 -> 751224390 | L83: =+G83*J83 -> 7.5260564e+08
A84: =$A$79&"."&ROW()-ROW($A$79) -> 4A.S3.5 | B84: Ke diềm và phụ kiện, tôn phẳng mạ màu thk=0.5mm 收邊條及配件，鍍色鋼平板厚度=0.5mm | C84: Khổ 600-1200mm | D84: M | E84: 1117.4 | G84: 1336.98 | H84: =_xlfn.XLOOKUP(B84, Rate_Master!$A:$A, Rate_Master!$C:$C, "") -> 110400 | I84: =_xlfn.XLOOKUP(B84, Rate_Master!$A:$A, Rate_Master!$D:$D, "") -> 17250 | J84: =+SUM(H84:I84) -> 127650 | K84: =J84*E84 -> 142636110 | L84: =+G84*J84 -> 1.706655e+08
A85: =$A$79&"."&ROW()-ROW($A$79) -> 4A.S3.6 | B85: Ke diềm và phụ kiện, tôn phẳng mạ màu thk=0.5mm 收邊條及配件，鍍色鋼平板厚度=0.5mm | C85: Khổ 200-600mm | D85: M | E85: 3962.2 | G85: 3536.4 | H85: =_xlfn.XLOOKUP(B85, Rate_Master!$A:$A, Rate_Master!$C:$C, "") -> 110400 | I85: =_xlfn.XLOOKUP(B85, Rate_Master!$A:$A, Rate_Master!$D:$D, "") -> 17250 | J85: =+SUM(H85:I85) -> 127650 | K85: =J85*E85 -> 5.0577483e+08 | L85: =+G85*J85 -> 4.5142146e+08
A86: =$A$79&"."&ROW()-ROW($A$79) -> 4A.S3.7 | B86: Máng nước inox 304 thk=1.2mm, loại 1 不鏽鋼水槽 304 厚度1.2mm | C86: Inox 304, khổ máng 2.2m 304不鏽鋼,槽尺寸2.2m | D86: M | E86: 522.8 | G86: 522.2 | H86: =_xlfn.XLOOKUP(B86, Rate_Master!$A:$A, Rate_Master!$C:$C, "") -> 1976115.4 | I86: =_xlfn.XLOOKUP(B86, Rate_Master!$A:$A, Rate_Master!$D:$D, "") -> 28750 | J86: =+SUM(H86:I86) -> 2004865.4 | K86: =J86*E86 -> 1.0481436e+09 | L86: =+G86*J86 -> 1.0469407e+09
A87: =$A$79&"."&ROW()-ROW($A$79) -> 4A.S3.8 | B87: Máng nước inox 304 thk=1.2mm, loại 2 不鏽鋼水槽 304 厚度1.2mm | C87: Inox 304, khổ máng 1.2m 304不鏽鋼,槽尺寸1.2m | D87: M | E87: 261.4 | G87: 261.1 | H87: =_xlfn.XLOOKUP(B87, Rate_Master!$A:$A, Rate_Master!$C:$C, "") -> 1077881.1 | I87: =_xlfn.XLOOKUP(B87, Rate_Master!$A:$A, Rate_Master!$D:$D, "") -> 23000 | J87: =+SUM(H87:I87) -> 1100881.1 | K87: =J87*E87 -> 2.8777033e+08 | L87: =+G87*J87 -> 2.8744006e+08
A88: =$A$79&"."&ROW()-ROW($A$79) -> 4A.S3.9 | B88: Cầu chắn rác inox 304 D200mm 不鏽鋼防堵塞過濾網罩 304 D200mm | D88: Pcs | E88: 32 | G88: 38 | H88: =_xlfn.XLOOKUP(B88, Rate_Master!$A:$A, Rate_Master!$C:$C, "") -> 92000 | I88: =_xlfn.XLOOKUP(B88, Rate_Master!$A:$A, Rate_Master!$D:$D, "") -> 11500 | J88: =+SUM(H88:I88) -> 103500 | K88: =J88*E88 -> 3312000 | L88: =+G88*J88 -> 3933000
A89: =$A$79&"."&ROW()-ROW($A$79) -> 4A.S3.10 | B89: Ống thoát nước PVC D200 và phụ kiện đi kèm 排水管 PVC D200及配件 | C89: PVC class 2 Sơn dầu bề mặt cùng màu kết cấu (hoặc tường gạch) PVC class 2 油漆表面與結構顏色相同 (或磚牆) | D89: M | E89: 501.6 | G89: 364.8 | H89: =_xlfn.XLOOKUP(B89, Rate_Master!$A:$A, Rate_Master!$C:$C, "") -> 297443.47 | I89: =_xlfn.XLOOKUP(B89, Rate_Master!$A:$A, Rate_Master!$D:$D, "") -> 23000 | J89: =+SUM(H89:I89) -> 320443.47 | K89: =J89*E89 -> 1.6073445e+08 | L89: =+G89*J89 -> 1.1689778e+08
A90: =$A$79&"."&ROW()-ROW($A$79) -> 4A.S3.11 | B90: Vận chuyển tôn mái và phụ kiện đến công trình 將屋頂鐵皮及配件運輸至工地 | D90: Lot | E90: 1 | G90: 1 | H90: =_xlfn.XLOOKUP(B90, Rate_Master!$A:$A, Rate_Master!$C:$C, "") -> 0 | I90: =_xlfn.XLOOKUP(B90, Rate_Master!$A:$A, Rate_Master!$D:$D, "") -> 57500000 | J90: =+SUM(H90:I90) -> 57500000 | K90: =J90*E90 -> 57500000 | L90: =+G90*J90 -> 57500000
A91: =$A$79&"."&ROW()-ROW($A$79) -> 4A.S3.12 | B91: Nhân công lợp tôn mái và cách nhiệt tại công trình 人工安裝屋頂鐵皮及進行隔熱施工 | D91: sqm M2 | E91: 23395.231 | G91: 23133.155 | H91: =_xlfn.XLOOKUP(B91, Rate_Master!$A:$A, Rate_Master!$C:$C, "") -> 0 | I91: =_xlfn.XLOOKUP(B91, Rate_Master!$A:$A, Rate_Master!$D:$D, "") -> 40250 | J91: =+SUM(H91:I91) -> 40250 | K91: =J91*E91 -> 9.4165805e+08 | L91: =+G91*J91 -> 9.311095e+08
A92: =$A$79&"."&ROW()-ROW($A$79) -> 4A.S3.13 | B92: Nhân công lắp đặt ke diềm, máng nước, ống xối và phụ kiện tôn tại công trình 人工安裝收邊條、水槽、排水管、鐵板配件 | D92: M | E92: 6365.4 | G92: 6021.48 | H92: =_xlfn.XLOOKUP(B92, Rate_Master!$A:$A, Rate_Master!$C:$C, "") -> 0 | I92: =_xlfn.XLOOKUP(B92, Rate_Master!$A:$A, Rate_Master!$D:$D, "") -> 23000 | J92: =+SUM(H92:I92) -> 23000 | K92: =J92*E92 -> 146404200 | L92: =+G92*J92 -> 138494040
A93: =$A$79&"."&ROW()-ROW($A$79) -> 4A.S3.14 | B93: Vật tư phụ khác 其他輔材 | C93: Vít, keo sealant … 螺絲、密封膠等 | D93: Lot | E93: 1 | G93: 1 | H93: =_xlfn.XLOOKUP(B93, Rate_Master!$A:$A, Rate_Master!$C:$C, "") -> 1.4594224e+08 | I93: =_xlfn.XLOOKUP(B93, Rate_Master!$A:$A, Rate_Master!$D:$D, "") -> 0 | J93: =+SUM(H93:I93) -> 1.4594224e+08 | K93: =J93*E93 -> 1.4594224e+08 | L93: =+G93*J93 -> 1.4594224e+08
A94: =$A$56&4 -> 4A.S4 | B94: Các công việc khác 其他工項 | H94: =_xlfn.XLOOKUP(B94, Rate_Master!$A:$A, Rate_Master!$C:$C, "") -> 0 | I94: =_xlfn.XLOOKUP(B94, Rate_Master!$A:$A, Rate_Master!$D:$D, "") -> 0 | K94: =SUBTOTAL(9,K95:K102) -> 7.9774231e+08 | L94: =SUBTOTAL(9,L95:L102) -> 540069900
A95: =$A$94&"."&ROW()-ROW($A$94) -> 4A.S4.1 | B95: Cung cấp, vận chuyển và lắp đặt thang leo mái và phụ kiện ( Thang lồng) 提供、運輸及安裝屋頂爬梯及配件（護籠爬梯） | C95: SS400, mạ kẽm nhúng nóng SS400，熱浸鍍鋅 | D95: M | E95: 17.995 | G95: 12 | H95: =_xlfn.XLOOKUP(B95, Rate_Master!$A:$A, Rate_Master!$C:$C, "") -> 5175000 | I95: =_xlfn.XLOOKUP(B95, Rate_Master!$A:$A, Rate_Master!$D:$D, "") -> 0 | J95: =+SUM(H95:I95) -> 5175000 | K95: =J95*E95 -> 93124125 | L95: =+G95*J95 -> 62100000
A96: =$A$94&"."&ROW()-ROW($A$94) -> 4A.S4.2 | B96: Cung cấp, vận chuyển và lắp đặt thang leo mái và phụ kiện ( Thang không có lồng) 提供、運輸及安裝屋頂爬梯及配件（無護籠爬梯） | C96: Inox 304 304不鏽鋼 | D96: M | E96: 0 | H96: =_xlfn.XLOOKUP(B96, Rate_Master!$A:$A, Rate_Master!$C:$C, "") -> 0 | I96: =_xlfn.XLOOKUP(B96, Rate_Master!$A:$A, Rate_Master!$D:$D, "") -> 0 | J96: =+SUM(H96:I96) -> 0 | K96: =J96*E96 -> 0 | L96: =+G96*J96 -> 0
A97: =$A$94&"."&ROW()-ROW($A$94) -> 4A.S4.3 | B97: Cung cấp, vận chuyển và lắp đặt lan can cầu thang bộ và phụ kiện 提供、運輸及安裝樓梯扶手及配件 | C97: Thép hộp 方鋼 | D97: M | E97: 0 | H97: =_xlfn.XLOOKUP(B97, Rate_Master!$A:$A, Rate_Master!$C:$C, "") -> 0 | I97: =_xlfn.XLOOKUP(B97, Rate_Master!$A:$A, Rate_Master!$D:$D, "") -> 0 | J97: =+SUM(H97:I97) -> 0 | K97: =J97*E97 -> 0 | L97: =+G97*J97 -> 0
A98: =$A$94&"."&ROW()-ROW($A$94) -> 4A.S4.4 | B98: Cung cấp, vận chuyển và lắp đặt lan can sàn và phụ kiện 提供、運輸及安裝地板欄杆及配件 | C98: Thép hộp 方鋼 | D98: M | E98: 0 | H98: =_xlfn.XLOOKUP(B98, Rate_Master!$A:$A, Rate_Master!$C:$C, "") -> 0 | I98: =_xlfn.XLOOKUP(B98, Rate_Master!$A:$A, Rate_Master!$D:$D, "") -> 0 | J98: =+SUM(H98:I98) -> 0 | K98: =J98*E98 -> 0 | L98: =+G98*J98 -> 0
A99: =$A$94&"."&ROW()-ROW($A$94) -> 4A.S4.5 | B99: Chi phí biện pháp an toàn trong lắp dựng 安全施工措施採取費用 | C99: Bao gồm nhưng không giới hạn lưới an toàn, cảnh báo, cáp neo … 包括但不限於安全網、警告標誌、鋼絲繩等 | D99: sqm M2 | E99: 20781.3 | G99: 20781.3 | H99: =_xlfn.XLOOKUP(B99, Rate_Master!$A:$A, Rate_Master!$C:$C, "") -> 17250 | I99: =_xlfn.XLOOKUP(B99, Rate_Master!$A:$A, Rate_Master!$D:$D, "") -> 5750 | J99: =+SUM(H99:I99) -> 23000 | K99: =J99*E99 -> 477969900 | L99: =+G99*J99 -> 477969900
A100: =$A$94&"."&ROW()-ROW($A$94) -> 4A.S4.6 | B100: Sơn chống cháy cho kết cấu chính ( Cột thép, dầm thép, kèo thép) 主結構防火塗料（鋼柱、鋼樑、桁架） | C100: R45 | D100: sqm M2 | E100: 11593.263 | H100: =_xlfn.XLOOKUP(B100, Rate_Master!$A:$A, Rate_Master!$C:$C, "") -> 0 | I100: =_xlfn.XLOOKUP(B100, Rate_Master!$A:$A, Rate_Master!$D:$D, "") -> 0 | J100: =+SUM(H100:I100) -> 0 | K100: =J100*E100 -> 0 | L100: =+G100*J100 -> 0 | M100: Nhà thầu không báo giá
A101: =$A$94&"."&ROW()-ROW($A$94) -> 4A.S4.7 | B101: Chi phí kiểm định sơn chống cháy 防火塗料檢測費用 | D101: Lot | E101: 1 | H101: =_xlfn.XLOOKUP(B101, Rate_Master!$A:$A, Rate_Master!$C:$C, "") -> 0 | I101: =_xlfn.XLOOKUP(B101, Rate_Master!$A:$A, Rate_Master!$D:$D, "") -> 0 | J101: =+SUM(H101:I101) -> 0 | K101: =J101*E101 -> 0 | L101: =+G101*J101 -> 0 | M101: Nhà thầu không báo giá
...

Sheet 5A
A2: 工程標單 (II) 詳細價目表 (Detail sheet)
B3: Chủ đầu tư 業主
B4: Dự án 工程名稱
B5: Địa điểm 工程名稱
B6: Hạng mục công trình | C6: =INDEX(總表!$B$9:$B$47,MATCH('5A'!A9,總表!$A$9:$A$48,0)) -> Nhà xưởng sản xuất 4 四號生產廠房
B7: Nhà thầu thi công | C7: Công ty TNHH Công trình L&K Việt Nam
A8: TT 專案 | B8: Tên hạng mục 專案名稱 | C8: Thông số kỹ thuật , mô tả 規格及說明 | D8: Đơn vị 单位 | E8: Khối lượng 專案數量 | F8: Khối lượng Nhà thầu | H8: Vật tư chính 主要材料 | I8: Nhân công + vật tư phụ+ máy thi công 人工+輔助材料+施工機械 | J8: Đơn giá 專案單價 (VND) | K8: Thành Tiền 專案複價 (VND) | L8: Thành tiền Nhà thầu | M8: Ghi chú
A9: 5A | B9: =C6 -> Nhà xưởng sản xuất 4 四號生產廠房 | H9: =_xlfn.XLOOKUP(B9, Rate_Master!$A:$A, Rate_Master!$C:$C, "") -> 0 | I9: =_xlfn.XLOOKUP(B9, Rate_Master!$A:$A, Rate_Master!$D:$D, "") -> 0 | K9: =SUBTOTAL(9,K10:K170) -> 9.4570532e+10 | L9: =SUBTOTAL(9,L10:L170) -> 8.7712753e+10
A10: =$A$9&".C" -> 5A.C | B10: KẾT CẤU BÊ TÔNG 混凝土結構 | H10: =_xlfn.XLOOKUP(B10, Rate_Master!$A:$A, Rate_Master!$C:$C, "") -> 0 | I10: =_xlfn.XLOOKUP(B10, Rate_Master!$A:$A, Rate_Master!$D:$D, "") -> 0
A11: =$A$10&1 -> 5A.C1 | B11: Công tác cọc 基樁工項 | H11: =_xlfn.XLOOKUP(B11, Rate_Master!$A:$A, Rate_Master!$C:$C, "") -> 0 | I11: =_xlfn.XLOOKUP(B11, Rate_Master!$A:$A, Rate_Master!$D:$D, "") -> 0 | K11: =SUBTOTAL(9,K12:K22) -> 1.6847142e+10 | L11: =SUBTOTAL(9,L12:L22) -> 1.2901216e+10
A12: =$A$11&"."&ROW()-ROW($A$11) -> 5A.C1.1 | B12: Huy động và giải thể thiết bị ép cọc 調動和拆除壓樁設備 | D12: Set | E12: 1 | F12: 1 | H12: =_xlfn.XLOOKUP(B12, Rate_Master!$A:$A, Rate_Master!$C:$C, "") -> 0 | I12: =_xlfn.XLOOKUP(B12, Rate_Master!$A:$A, Rate_Master!$D:$D, "") -> 1.15e+08 | J12: =+I12+H12 -> 1.15e+08 | K12: =J12*E12 -> 1.15e+08 | L12: =+F12*J12 -> 1.15e+08
A13: =$A$11&"."&ROW()-ROW($A$11) -> 5A.C1.2 | B13: Cung cấp cọc thí nghiệm PHC D400A 提供PHC D400A試驗樁 | D13: M | E13: 336 | F13: 264 | H13: =_xlfn.XLOOKUP(B13, Rate_Master!$A:$A, Rate_Master!$C:$C, "") -> 425500 | I13: =_xlfn.XLOOKUP(B13, Rate_Master!$A:$A, Rate_Master!$D:$D, "") -> 0 | J13: =+I13+H13 -> 425500 | K13: =J13*E13 -> 1.42968e+08 | L13: =+F13*J13 -> 1.12332e+08
A14: =$A$11&"."&ROW()-ROW($A$11) -> 5A.C1.3 | B14: Thi công khoan dẫn cho cọc thí nghiệm PHC D400A PHC D400A試驗樁導孔施工 | D14: M | E14: 308 | F14: 264 | H14: =_xlfn.XLOOKUP(B14, Rate_Master!$A:$A, Rate_Master!$C:$C, "") -> 0 | I14: =_xlfn.XLOOKUP(B14, Rate_Master!$A:$A, Rate_Master!$D:$D, "") -> 69000 | J14: =+I14+H14 -> 69000 | K14: =J14*E14 -> 21252000 | L14: =+F14*J14 -> 18216000
A15: =$A$11&"."&ROW()-ROW($A$11) -> 5A.C1.4 | B15: Thi công ép cọc thí nghiệm PHC D400A PHC D400A試驗樁壓樁施工 | D15: M | E15: 322 | F15: 264 | H15: =_xlfn.XLOOKUP(B15, Rate_Master!$A:$A, Rate_Master!$C:$C, "") -> 0 | I15: =_xlfn.XLOOKUP(B15, Rate_Master!$A:$A, Rate_Master!$D:$D, "") -> 57500 | J15: =+I15+H15 -> 57500 | K15: =J15*E15 -> 18515000 | L15: =+F15*J15 -> 15180000
A16: =$A$11&"."&ROW()-ROW($A$11) -> 5A.C1.5 | B16: Thí nghiệm nén tĩnh cọc (khả năng chịu nén, bao gồm ép cọc thí nghiệm và thí nghiệm nghiệm thu khả năng chịu lực của cọc, cao độ đỉnh cọc là cao độ mặt đất sau khi san lấp mặt bằng, Sức chịu tải của cọc đơn là 1100kN, và Tải trọng thí nghiệm là 2200kN) 基樁靜載試驗(抗壓,含先行試打樁及承載力驗收樁檢測、樁頂標高為整地後地面標高，單樁抗壓承載力特徵值1100kN，試驗值為2200kN) | D16: Pcs | E16: 14 | F16: 11 | H16: =_xlfn.XLOOKUP(B16, Rate_Master!$A:$A, Rate_Master!$C:$C, "") -> 0 | I16: =_xlfn.XLOOKUP(B16, Rate_Master!$A:$A, Rate_Master!$D:$D, "") -> 13800000 | J16: =+I16+H16 -> 13800000 | K16: =J16*E16 -> 1.932e+08 | L16: =+F16*J16 -> 1.518e+08
A17: =$A$11&"."&ROW()-ROW($A$11) -> 5A.C1.6 | B17: Thí nghiệm biến dạng nhỏ PIT cho cọc 基樁小應變試驗 | D17: Pcs | E17: 267 | F17: 264 | H17: =_xlfn.XLOOKUP(B17, Rate_Master!$A:$A, Rate_Master!$C:$C, "") -> 0 | I17: =_xlfn.XLOOKUP(B17, Rate_Master!$A:$A, Rate_Master!$D:$D, "") -> 253000 | J17: =+I17+H17 -> 253000 | K17: =J17*E17 -> 67551000 | L17: =+F17*J17 -> 66792000
A18: =$A$11&"."&ROW()-ROW($A$11) -> 5A.C1.7 | B18: Cung cấp cọc đại trà PHC D400A 提供PHC D400A工程樁 | D18: M | E18: 29040 | F18: 21868 | H18: =_xlfn.XLOOKUP(B18, Rate_Master!$A:$A, Rate_Master!$C:$C, "") -> 402500 | I18: =_xlfn.XLOOKUP(B18, Rate_Master!$A:$A, Rate_Master!$D:$D, "") -> 0 | J18: =+I18+H18 -> 402500 | K18: =J18*E18 -> 1.16886e+10 | L18: =+F18*J18 -> 8.80187e+09
A19: =$A$11&"."&ROW()-ROW($A$11) -> 5A.C1.8 | B19: Cung cấp mũi cọc D400 提供D400樁尖 | D19: Pcs | E19: 1334 | F19: 1005 | H19: =_xlfn.XLOOKUP(B19, Rate_Master!$A:$A, Rate_Master!$C:$C, "") -> 80500 | I19: =_xlfn.XLOOKUP(B19, Rate_Master!$A:$A, Rate_Master!$D:$D, "") -> 0 | J19: =+I19+H19 -> 80500 | K19: =J19*E19 -> 107387000 | L19: =+F19*J19 -> 80902500
A20: =$A$11&"."&ROW()-ROW($A$11) -> 5A.C1.9 | B20: Thi công khoan dẫn cho cọc đại trà PHC D400A PHC D400A工程樁導孔施工 | D20: M | E20: 28123.9 | F20: 22860.9 | H20: =_xlfn.XLOOKUP(B20, Rate_Master!$A:$A, Rate_Master!$C:$C, "") -> 0 | I20: =_xlfn.XLOOKUP(B20, Rate_Master!$A:$A, Rate_Master!$D:$D, "") -> 69000 | J20: =+I20+H20 -> 69000 | K20: =J20*E20 -> 1940549100 | L20: =+F20*J20 -> 1577402100
A21: =$A$11&"."&ROW()-ROW($A$11) -> 5A.C1.10 | B21: Thi công ép cọc đại trà PHC D400A PHC D400A工程樁壓樁施工 | D21: M | E21: 29443.9 | F21: 22860.9 | H21: =_xlfn.XLOOKUP(B21, Rate_Master!$A:$A, Rate_Master!$C:$C, "") -> 0 | I21: =_xlfn.XLOOKUP(B21, Rate_Master!$A:$A, Rate_Master!$D:$D, "") -> 57500 | J21: =+I21+H21 -> 57500 | K21: =J21*E21 -> 1.6930242e+09 | L21: =+F21*J21 -> 1314501750
A22: =$A$11&"."&ROW()-ROW($A$11) -> 5A.C1.11 | B22: Xử lý đầu cọc D400 ( Bao gồm cắt , cốt thép, bê tông đầu cọc và vận chuyển đầu cọc thừa ra ngoài công trường nếu có) 樁頭處理D400mm(包括切割、鋼筋、樁頭混凝土以及將多餘的樁頭移運到工地外面) | D22: Pcs | E22: 1334 | F22: 1005 | H22: =_xlfn.XLOOKUP(B22, Rate_Master!$A:$A, Rate_Master!$C:$C, "") -> 483000 | I22: =_xlfn.XLOOKUP(B22, Rate_Master!$A:$A, Rate_Master!$D:$D, "") -> 161000 | J22: =+I22+H22 -> 644000 | K22: =J22*E22 -> 859096000 | L22: =+F22*J22 -> 647220000
A23: =$A$10&2 -> 5A.C2 | B23: Công tác đất 土方工項 | H23: =_xlfn.XLOOKUP(B23, Rate_Master!$A:$A, Rate_Master!$C:$C, "") -> 0 | I23: =_xlfn.XLOOKUP(B23, Rate_Master!$A:$A, Rate_Master!$D:$D, "") -> 0 | K23: =SUBTOTAL(9,K24:K31) -> 4.2030122e+09 | L23: =SUBTOTAL(9,L24:L31) -> 3.9750625e+09
A24: =$A$23&"."&ROW()-ROW($A$23) -> 5A.C2.1 | B24: Đào đất móng, dầm móng 地基、基礎梁開挖 | D24: cum M3 | E24: 4429.767 | F24: 5237.449 | H24: =_xlfn.XLOOKUP(B24, Rate_Master!$A:$A, Rate_Master!$C:$C, "") -> 0 | I24: =_xlfn.XLOOKUP(B24, Rate_Master!$A:$A, Rate_Master!$D:$D, "") -> 32200 | J24: =+I24+H24 -> 32200 | K24: =J24*E24 -> 1.426385e+08 | L24: =+F24*J24 -> 1.6864586e+08
A25: =$A$23&"."&ROW()-ROW($A$23) -> 5A.C2.2 | B25: Đầm chặt đất đáy móng, dầm móng 將基礎底部土壤、基礎梁壓實 | D25: sqm M2 | E25: 4557.725 | F25: 3882.704 | H25: =_xlfn.XLOOKUP(B25, Rate_Master!$A:$A, Rate_Master!$C:$C, "") -> 0 | I25: =_xlfn.XLOOKUP(B25, Rate_Master!$A:$A, Rate_Master!$D:$D, "") -> 17250 | J25: =+I25+H25 -> 17250 | K25: =J25*E25 -> 78620756 | L25: =+F25*J25 -> 66976644
A26: =$A$23&"."&ROW()-ROW($A$23) -> 5A.C2.3 | B26: Lấp đất móng và đầm chặt 將基礎回填並壓實 | D26: cum M3 | E26: 2899.726 | F26: 1583.736 | H26: =_xlfn.XLOOKUP(B26, Rate_Master!$A:$A, Rate_Master!$C:$C, "") -> 0 | I26: =_xlfn.XLOOKUP(B26, Rate_Master!$A:$A, Rate_Master!$D:$D, "") -> 37950 | J26: =+I26+H26 -> 37950 | K26: =J26*E26 -> 1.100446e+08 | L26: =+F26*J26 -> 60102781
A27: =$A$23&"."&ROW()-ROW($A$23) -> 5A.C2.4 | B27: Vận chuyển xử lý đất thừa ( Trong phạm vi công trường) 多餘土壤運輸和處理（施工現場內） | C27: Tận dụng đắp nền nhà xưởng 回填利用廠房地坪 | D27: cum M3 | E27: 1530.04 | F27: 2557.597 | H27: =_xlfn.XLOOKUP(B27, Rate_Master!$A:$A, Rate_Master!$C:$C, "") -> 0 | I27: =_xlfn.XLOOKUP(B27, Rate_Master!$A:$A, Rate_Master!$D:$D, "") -> 32200 | J27: =+I27+H27 -> 32200 | K27: =J27*E27 -> 49267288 | L27: =+F27*J27 -> 82354623
A28: =$A$23&"."&ROW()-ROW($A$23) -> 5A.C2.5 | B28: Lớp nylon lót cho bê tông lót đài móng dầm móng 用於混凝土承台和基礎樑的尼龍墊層 | D28: sqm M2 | E28: 4557.725 | F28: 3882.704 | H28: =_xlfn.XLOOKUP(B28, Rate_Master!$A:$A, Rate_Master!$C:$C, "") -> 6900 | I28: =_xlfn.XLOOKUP(B28, Rate_Master!$A:$A, Rate_Master!$D:$D, "") -> 1725 | J28: =+I28+H28 -> 8625 | K28: =J28*E28 -> 39310378 | L28: =+F28*J28 -> 33488322
A29: =$A$23&"."&ROW()-ROW($A$23) -> 5A.C2.6 | B29: Lớp màng HDPE chống ẩm, chống thấm dày 0.3mm ( hàn nhiệt) cho sàn nền tầng 1 一樓地板防潮防水HDPE膜層0.3mm厚（熱焊接） | D29: sqm M2 | E29: 13975.823 | F29: 13218.261 | H29: =_xlfn.XLOOKUP(B29, Rate_Master!$A:$A, Rate_Master!$C:$C, "") -> 34500 | I29: =_xlfn.XLOOKUP(B29, Rate_Master!$A:$A, Rate_Master!$D:$D, "") -> 5750 | J29: =+I29+H29 -> 40250 | K29: =J29*E29 -> 5.6252688e+08 | L29: =+F29*J29 -> 5.3203501e+08
A30: =$A$23&"."&ROW()-ROW($A$23) -> 5A.C2.7 | B30: San gạt, lu nền hiện trạng nhà xưởng, độ chặt k>=0.90 整平並碾壓廠房現況地基，壓實系數k≥0.90 | D30: sqm M2 | E30: 13975.823 | F30: 13218.261 | H30: =_xlfn.XLOOKUP(B30, Rate_Master!$A:$A, Rate_Master!$C:$C, "") -> 0 | I30: =_xlfn.XLOOKUP(B30, Rate_Master!$A:$A, Rate_Master!$D:$D, "") -> 13800 | J30: =+I30+H30 -> 13800 | K30: =J30*E30 -> 1.9286636e+08 | L30: =+F30*J30 -> 1.82412e+08
A31: =$A$23&"."&ROW()-ROW($A$23) -> 5A.C2.8 | B31: Cấp phối đá dăm loại II đầm chặt,dày 35cm, k>=0.92 二型碎石級配層35cm厚，壓實k>=0.92 | D31: cum M3 | E31: 4916.555 | F31: 4626.391 | H31: =_xlfn.XLOOKUP(B31, Rate_Master!$A:$A, Rate_Master!$C:$C, "") -> 512325 | I31: =_xlfn.XLOOKUP(B31, Rate_Master!$A:$A, Rate_Master!$D:$D, "") -> 103500 | J31: =+I31+H31 -> 615825 | K31: =J31*E31 -> 3.0277375e+09 | L31: =+F31*J31 -> 2.8490472e+09
A32: =$A$10&3 -> 5A.C3 | B32: Công tác bê tông 混凝土工項 | H32: =_xlfn.XLOOKUP(B32, Rate_Master!$A:$A, Rate_Master!$C:$C, "") -> 0 | I32: =_xlfn.XLOOKUP(B32, Rate_Master!$A:$A, Rate_Master!$D:$D, "") -> 0 | K32: =SUBTOTAL(9,K33:K39) -> 1.3197502e+10 | L32: =SUBTOTAL(9,L33:L39) -> 1.1803096e+10
A33: =$A$32&"."&ROW()-ROW($A$32) -> 5A.C3.1 | B33: Bê tông lót đá 1x2 B7.5 cho móng, dầm móng, nền 基礎、基礎樑、底層的石1x2 B7.5混凝土墊層 | D33: cum M3 | E33: 459.079 | F33: 388.269 | H33: =_xlfn.XLOOKUP(B33, Rate_Master!$A:$A, Rate_Master!$C:$C, "") -> 1249762.5 | I33: =_xlfn.XLOOKUP(B33, Rate_Master!$A:$A, Rate_Master!$D:$D, "") -> 207000 | J33: =+I33+H33 -> 1456762.5 | K33: =J33*E33 -> 6.6876907e+08 | L33: =+F33*J33 -> 5.6561572e+08
A34: =$A$32&"."&ROW()-ROW($A$32) -> 5A.C3.2 | B34: Bê tông đá 1x2 B30 cho đài móng, dầm móng, cổ cột, vách hố pit thang máy,nền sàn tầng 1 承台、基礎樑、柱頸、電梯坑、一層地面的石1x2 B30混凝土 | D34: cum M3 | E34: 6894.438 | F34: 5945.296 | H34: =_xlfn.XLOOKUP(B34, Rate_Master!$A:$A, Rate_Master!$C:$C, "") -> 1607444.4 | I34: =_xlfn.XLOOKUP(B34, Rate_Master!$A:$A, Rate_Master!$D:$D, "") -> 149500 | J34: =+I34+H34 -> 1756944.4 | K34: =J34*E34 -> 1.2113145e+10 | L34: =+F34*J34 -> 1.0445555e+10
A35: =$A$32&"."&ROW()-ROW($A$32) -> 5A.C3.3 | B35: Bê tông đá 1x2 B30 cho cột từ tầng 1 đến tầng mái 從一層到屋頂的柱子採用石1x2 B30混凝土 | D35: cum M3 | E35: 81.07 | F35: 136.542 | H35: =_xlfn.XLOOKUP(B35, Rate_Master!$A:$A, Rate_Master!$C:$C, "") -> 1520555.6 | I35: =_xlfn.XLOOKUP(B35, Rate_Master!$A:$A, Rate_Master!$D:$D, "") -> 253000 | J35: =+I35+H35 -> 1773555.6 | K35: =J35*E35 -> 1.4378215e+08 | L35: =+F35*J35 -> 2.4216482e+08
A36: =$A$32&"."&ROW()-ROW($A$32) -> 5A.C3.4 | B36: Bê tông đá 1x2 B30 cho dầm sàn từ tầng 2 đến tầng mái 二樓至屋頂地板樑的石1x2 B30混凝土 | D36: cum M3 | E36: 58.972 | F36: 237.013 | H36: =_xlfn.XLOOKUP(B36, Rate_Master!$A:$A, Rate_Master!$C:$C, "") -> 1520555.6 | I36: =_xlfn.XLOOKUP(B36, Rate_Master!$A:$A, Rate_Master!$D:$D, "") -> 149500 | J36: =+I36+H36 -> 1670055.6 | K36: =J36*E36 -> 98486516 | L36: =+F36*J36 -> 3.9582488e+08
A37: =$A$32&"."&ROW()-ROW($A$32) -> 5A.C3.5 | B37: Bê tông đá mi M250 bảo vệ lớp chống thấm mái 保護屋頂防水層的石M250混凝土 | D37: cum M3 | E37: 9.5706 | F37: 10.808 | H37: =_xlfn.XLOOKUP(B37, Rate_Master!$A:$A, Rate_Master!$C:$C, "") -> 1390222.2 | I37: =_xlfn.XLOOKUP(B37, Rate_Master!$A:$A, Rate_Master!$D:$D, "") -> 149500 | J37: =+I37+H37 -> 1539722.2 | K37: =J37*E37 -> 14736066 | L37: =+F37*J37 -> 16641318
A38: =$A$32&"."&ROW()-ROW($A$32) -> 5A.C3.6 | B38: Bê tông đá mi M250 bảo vệ chân cột kết cấu thép thép 保護鋼結構柱腳之M250細石混凝土 | D38: cum M3 | E38: 51.805 | F38: 53.2 | H38: =_xlfn.XLOOKUP(B38, Rate_Master!$A:$A, Rate_Master!$C:$C, "") -> 1390222.2 | I38: =_xlfn.XLOOKUP(B38, Rate_Master!$A:$A, Rate_Master!$D:$D, "") -> 149500 | J38: =+I38+H38 -> 1539722.2 | K38: =J38*E38 -> 79765310 | L38: =+F38*J38 -> 81913222
A39: =$A$32&"."&ROW()-ROW($A$32) -> 5A.C3.7 | B39: Vữa tự chảy không co ngót cường độ cao cho chân cột kết cấu thép ‌鋼結構柱腳的高強度無收縮自流砂漿 | D39: cum M3 | E39: 2.59025 | F39: 1.82 | H39: =_xlfn.XLOOKUP(B39, Rate_Master!$A:$A, Rate_Master!$C:$C, "") -> 22425000 | I39: =_xlfn.XLOOKUP(B39, Rate_Master!$A:$A, Rate_Master!$D:$D, "") -> 8004000 | J39: =+I39+H39 -> 30429000 | K39: =J39*E39 -> 78818717 | L39: =+F39*J39 -> 55380780
A40: =$A$10&4 -> 5A.C4 | B40: Công tác ván khuôn 模板工項 | H40: =_xlfn.XLOOKUP(B40, Rate_Master!$A:$A, Rate_Master!$C:$C, "") -> 0 | I40: =_xlfn.XLOOKUP(B40, Rate_Master!$A:$A, Rate_Master!$D:$D, "") -> 0 | K40: =SUBTOTAL(9,K41:K45) -> 2.826293e+09 | L40: =SUBTOTAL(9,L41:L45) -> 3002889568
A41: =$A$40&"."&ROW()-ROW($A$40) -> 5A.C4.1 | B41: Ván khuôn bê tông lót cho móng, dầm móng, nền 基礎、基礎樑和地面的混凝土墊層模板 | D41: sqm M2 | E41: 1204.314 | F41: 1087.24 | H41: =_xlfn.XLOOKUP(B41, Rate_Master!$A:$A, Rate_Master!$C:$C, "") -> 80500 | I41: =_xlfn.XLOOKUP(B41, Rate_Master!$A:$A, Rate_Master!$D:$D, "") -> 92000 | J41: =+I41+H41 -> 172500 | K41: =J41*E41 -> 207744165 | L41: =+F41*J41 -> 187548900
A42: =$A$40&"."&ROW()-ROW($A$40) -> 5A.C4.2 | B42: Ván khuôn cho đài móng, dầm móng, cổ cột, vách hố pit thang máy,nền sàn tầng 1 承台、基礎樑、柱頸、電梯坑、一層地面的模板 | D42: sqm M2 | E42: 9251.311 | F42: 7289.639 | H42: =_xlfn.XLOOKUP(B42, Rate_Master!$A:$A, Rate_Master!$C:$C, "") -> 126500 | I42: =_xlfn.XLOOKUP(B42, Rate_Master!$A:$A, Rate_Master!$D:$D, "") -> 103500 | J42: =+I42+H42 -> 230000 | K42: =J42*E42 -> 2.1278015e+09 | L42: =+F42*J42 -> 1.676617e+09
A43: =$A$40&"."&ROW()-ROW($A$40) -> 5A.C4.3 | B43: Ván khuôn cho cột từ tầng 1 đến tầng mái 從一樓到屋頂的柱子模板 | D43: sqm M2 | E43: 1080.104 | F43: 2054.563 | H43: =_xlfn.XLOOKUP(B43, Rate_Master!$A:$A, Rate_Master!$C:$C, "") -> 126500 | I43: =_xlfn.XLOOKUP(B43, Rate_Master!$A:$A, Rate_Master!$D:$D, "") -> 149500 | J43: =+I43+H43 -> 276000 | K43: =J43*E43 -> 298108704 | L43: =+F43*J43 -> 567059388
A44: =$A$40&"."&ROW()-ROW($A$40) -> 5A.C4.4 | B44: Ván khuôn cho dầm sàn từ tầng 2 đến tầng mái 二樓至屋頂地板樑的模板 | D44: sqm M2 | E44: 486.407 | F44: 2070.74 | H44: =_xlfn.XLOOKUP(B44, Rate_Master!$A:$A, Rate_Master!$C:$C, "") -> 126500 | I44: =_xlfn.XLOOKUP(B44, Rate_Master!$A:$A, Rate_Master!$D:$D, "") -> 115000 | J44: =+I44+H44 -> 241500 | K44: =J44*E44 -> 1.1746729e+08 | L44: =+F44*J44 -> 5.0008371e+08
A45: =$A$40&"."&ROW()-ROW($A$40) -> 5A.C4.5 | B45: Ván khuôn cho bê tông bảo vệ chân cột kết cấu thép ‌鋼結構柱腳保護混凝土之模板 | D45: sqm M2 | E45: 335.212 | F45: 319.2 | H45: =_xlfn.XLOOKUP(B45, Rate_Master!$A:$A, Rate_Master!$C:$C, "") -> 126500 | I45: =_xlfn.XLOOKUP(B45, Rate_Master!$A:$A, Rate_Master!$D:$D, "") -> 97750 | J45: =+I45+H45 -> 224250 | K45: =J45*E45 -> 75171291 | L45: =+F45*J45 -> 71580600
A46: =$A$10&5 -> 5A.C5 | B46: Công tác cốt thép 鋼筋工項 | H46: =_xlfn.XLOOKUP(B46, Rate_Master!$A:$A, Rate_Master!$C:$C, "") -> 0 | I46: =_xlfn.XLOOKUP(B46, Rate_Master!$A:$A, Rate_Master!$D:$D, "") -> 0 | K46: =SUBTOTAL(9,K47:K51) -> 1.822141e+10 | L46: =SUBTOTAL(9,L47:L51) -> 1.9499778e+10
A47: =$A$46&"."&ROW()-ROW($A$46) -> 5A.C5.1 | B47: Cốt thép cho đài móng, dầm móng, cổ cột, tường vách ,nền sàn tầng 1 承台、基礎樑、柱頸、隔間牆、一層地面的鋼筋 | C47: d<10 CB240T; d>=10 CB500V | D47: Kg | E47: 862960.57 | F47: 862245.26 | H47: =_xlfn.XLOOKUP(B47, Rate_Master!$A:$A, Rate_Master!$C:$C, "") -> 16770.565 | I47: =_xlfn.XLOOKUP(B47, Rate_Master!$A:$A, Rate_Master!$D:$D, "") -> 2875 | J47: =+I47+H47 -> 19645.565 | K47: =J47*E47 -> 1.6953348e+10 | L47: =+F47*J47 -> 1.6939295e+10
A48: =$A$46&"."&ROW()-ROW($A$46) -> 5A.C5.2 | B48: Cốt thép cho cột, vách từ tầng 1 đến tầng mái 從一層到屋頂的柱子、隔間鋼筋 | C48: d<10 CB240T; d>=10 CB500V | D48: Kg | E48: 22502.251 | F48: 37249.744 | H48: =_xlfn.XLOOKUP(B48, Rate_Master!$A:$A, Rate_Master!$C:$C, "") -> 16770.565 | I48: =_xlfn.XLOOKUP(B48, Rate_Master!$A:$A, Rate_Master!$D:$D, "") -> 3680 | J48: =+I48+H48 -> 20450.565 | K48: =J48*E48 -> 4.6018374e+08 | L48: =+F48*J48 -> 7.6177831e+08
A49: =$A$46&"."&ROW()-ROW($A$46) -> 5A.C5.3 | B49: Cốt thép cho dầm sàn từ tầng 2 đến tầng mái 二樓至屋頂地板樑的鋼筋 | C49: d<10 CB240T; d>=10 CB500V | D49: Kg | E49: 8755.2108 | F49: 13535.788 | H49: =_xlfn.XLOOKUP(B49, Rate_Master!$A:$A, Rate_Master!$C:$C, "") -> 16770.565 | I49: =_xlfn.XLOOKUP(B49, Rate_Master!$A:$A, Rate_Master!$D:$D, "") -> 3450 | J49: =+I49+H49 -> 20220.565 | K49: =J49*E49 -> 1.7703531e+08 | L49: =+F49*J49 -> 2.7370128e+08
A50: =$A$46&"."&ROW()-ROW($A$46) -> 5A.C5.4 | B50: Cốt thép cho giằng tường, bổ trụ từ tầng 1 đến tầng mái 從一層到屋頂的加強柱、加強樑 | C50: d<10 CB240T; d>=10 CB500V | D50: Kg | E50: 30628.063 | F50: 74294.605 | H50: =_xlfn.XLOOKUP(B50, Rate_Master!$A:$A, Rate_Master!$C:$C, "") -> 16770.565 | I50: =_xlfn.XLOOKUP(B50, Rate_Master!$A:$A, Rate_Master!$D:$D, "") -> 3680 | J50: =+I50+H50 -> 20450.565 | K50: =J50*E50 -> 6.2636119e+08 | L50: =+F50*J50 -> 1.5193666e+09
A51: =$A$46&"."&ROW()-ROW($A$46) -> 5A.C5.5 | B51: Lưới thép hàn 電焊鋼絲網 | C51: fy=485Mpa | D51: Kg | E51: 210.5532 | F51: 264.796 | H51: =_xlfn.XLOOKUP(B51, Rate_Master!$A:$A, Rate_Master!$C:$C, "") -> 17834.66 | I51: =_xlfn.XLOOKUP(B51, Rate_Master!$A:$A, Rate_Master!$D:$D, "") -> 3450 | J51: =+I51+H51 -> 21284.66 | K51: =J51*E51 -> 4481553.3 | L51: =+F51*J51 -> 5636092.8
A52: =$A$10&6 -> 5A.C6 | B52: Công tác kết cấu khác 其他結構工項 | H52: =_xlfn.XLOOKUP(B52, Rate_Master!$A:$A, Rate_Master!$C:$C, "") -> 0 | I52: =_xlfn.XLOOKUP(B52, Rate_Master!$A:$A, Rate_Master!$D:$D, "") -> 0 | J52: =H52+I52 -> 0 | K52: =SUBTOTAL(9,K53:K55) -> 9.3833527e+08 | L52: =SUBTOTAL(9,L53:L55) -> 7.834909e+08
A53: =$A$52&"."&ROW()-ROW($A$52) -> 5A.C6.1 | B53: Hoàn thiện đánh bóng bề mặt bê tông bằng máy 使用機器打磨混凝土表面 | D53: sqm M2 | E53: 17323.972 | F53: 15140.503 | H53: =_xlfn.XLOOKUP(B53, Rate_Master!$A:$A, Rate_Master!$C:$C, "") -> 14950 | I53: =_xlfn.XLOOKUP(B53, Rate_Master!$A:$A, Rate_Master!$D:$D, "") -> 17250 | J53: =+I53+H53 -> 32200 | K53: =J53*E53 -> 5.578319e+08 | L53: =+F53*J53 -> 4.875242e+08
A54: =$A$52&"."&ROW()-ROW($A$52) -> 5A.C6.2 | B54: Cắt mạch bê tông khe co rộng 5mm, sâu 10mm khoảng cách @3*3m. Chèn khe bằng flexiseal. 切割混凝土伸縮縫，寬5mm，深10mm，間距@3×3m。使用彈性密封劑的聚氨酯填縫 | D54: M | E54: 13163.7 | F54: 10229.702 | H54: =_xlfn.XLOOKUP(B54, Rate_Master!$A:$A, Rate_Master!$C:$C, "") -> 5750 | I54: =_xlfn.XLOOKUP(B54, Rate_Master!$A:$A, Rate_Master!$D:$D, "") -> 23000 | J54: =+I54+H54 -> 28750 | K54: =J54*E54 -> 378456375 | L54: =+F54*J54 -> 2.9410393e+08
A55: =$A$52&"."&ROW()-ROW($A$52) -> 5A.C6.3 | B55: Cung cấp lắp đặt băng cản nước V20 cho hố pít thang máy 電梯底坑V20止水帶供應與安裝 | D55: M | E55: 8.9 | F55: 8.099 | H55: =_xlfn.XLOOKUP(B55, Rate_Master!$A:$A, Rate_Master!$C:$C, "") -> 172500 | I55: =_xlfn.XLOOKUP(B55, Rate_Master!$A:$A, Rate_Master!$D:$D, "") -> 57500 | J55: =+I55+H55 -> 230000 | K55: =J55*E55 -> 2047000 | L55: =+F55*J55 -> 1862770
A56: =$A$9&".S" -> 5A.S | B56: KẾT CẤU THÉP 鋼結構 | H56: =_xlfn.XLOOKUP(B56, Rate_Master!$A:$A, Rate_Master!$C:$C, "") -> 0 | I56: =_xlfn.XLOOKUP(B56, Rate_Master!$A:$A, Rate_Master!$D:$D, "") -> 0
A57: =$A$56&1 -> 5A.S1 | B57: Kết cấu khung thép 鋼架結構 | H57: =_xlfn.XLOOKUP(B57, Rate_Master!$A:$A, Rate_Master!$C:$C, "") -> 0 | I57: =_xlfn.XLOOKUP(B57, Rate_Master!$A:$A, Rate_Master!$D:$D, "") -> 0 | K57: =SUBTOTAL(9,K58:K72) -> 1.7628013e+10 | L57: =SUBTOTAL(9,L58:L72) -> 1.4195894e+10
A58: =$A$57&"."&ROW()-ROW($A$57) -> 5A.S1.1 | B58: Sản xuất hoàn thiện kết cấu thép tấm tổ hợp : Cột thép, dầm thép, kèo thép, giằng thép tổ hợp 製造完整鋼板組合結構：鋼柱、鋼樑、桁架、支撐鋼 | C58: Thép Q355B. Phun bi làm sạch SA2.0. Sơn 1 lớp chống gỉ dày 30µm Q355B鋼材。噴丸清理SA2.0。塗一層30µm厚的防鏽塗料 | D58: Kg | E58: 425386.22 | F58: 332381.52 | H58: =_xlfn.XLOOKUP(B58, Rate_Master!$A:$A, Rate_Master!$C:$C, "") -> 20475 | I58: =_xlfn.XLOOKUP(B58, Rate_Master!$A:$A, Rate_Master!$D:$D, "") -> 0 | J58: =+SUM(H58:I58) -> 20475 | K58: =J58*E58 -> 8.7097829e+09 | L58: =+F58*J58 -> 6.8055117e+09
A59: =$A$57&"."&ROW()-ROW($A$57) -> 5A.S1.2 | B59: Sản xuất hoàn thiện kết cấu thép phụ : Giằng thép hình 製造完整次要鋼結構：有型支撐鋼 | C59: Thép SS400 hoặc tương đương.Phun bi làm sạch SA2.0. Sơn 1 lớp chống gỉ, 2 lớp sơn phủ màu tổng độ dày 80µm SS400鋼材或同等材質。噴丸清理SA2.0。塗一層防鏽塗料，塗兩層面漆，總厚度80µm 。 | D59: Kg | E59: 73517.273 | F59: 58745.749 | H59: =_xlfn.XLOOKUP(B59, Rate_Master!$A:$A, Rate_Master!$C:$C, "") -> 26775 | I59: =_xlfn.XLOOKUP(B59, Rate_Master!$A:$A, Rate_Master!$D:$D, "") -> 0 | J59: =+SUM(H59:I59) -> 26775 | K59: =J59*E59 -> 1.968425e+09 | L59: =+F59*J59 -> 1.5729174e+09
A60: =$A$57&"."&ROW()-ROW($A$57) -> 5A.S1.3 | B60: Sản xuất hoàn thiện kết cấu thép phụ : Giằng thép tròn 製造完整次要鋼結構：圓支撐鋼 | C60: Thép SS400 hoặc tương đương.Phun bi làm sạch SA2.0. Sơn 1 lớp chống gỉ, 2 lớp sơn phủ màu tổng độ dày 80µm SS400鋼材或同等材質。噴丸清理SA2.0。塗一層防鏽塗料，塗兩層面漆，總厚度80微米。 | D60: Kg | E60: 4184.1519 | F60: 3493.2436 | H60: =_xlfn.XLOOKUP(B60, Rate_Master!$A:$A, Rate_Master!$C:$C, "") -> 36750 | I60: =_xlfn.XLOOKUP(B60, Rate_Master!$A:$A, Rate_Master!$D:$D, "") -> 0 | J60: =+SUM(H60:I60) -> 36750 | K60: =J60*E60 -> 1.5376758e+08 | L60: =+F60*J60 -> 1.283767e+08
A61: =$A$57&"."&ROW()-ROW($A$57) -> 5A.S1.4 | B61: Sản xuất hoàn thiện xà gồ thép hộp 製造完整方鋼檁條 | C61: Thép SS400 hoặc tương đương.Phun bi làm sạch SA2.0. Sơn 1 lớp chống gỉ, 2 lớp sơn phủ màu tổng độ dày 80µm SS400鋼材或同等材質。噴丸清理SA2.0。塗一層防鏽塗料，塗兩層面漆，總厚度80微米。 | D61: Kg | E61: 11558.34 | F61: 7960.1184 | H61: =_xlfn.XLOOKUP(B61, Rate_Master!$A:$A, Rate_Master!$C:$C, "") -> 26775 | I61: =_xlfn.XLOOKUP(B61, Rate_Master!$A:$A, Rate_Master!$D:$D, "") -> 0 | J61: =+SUM(H61:I61) -> 26775 | K61: =J61*E61 -> 3.0947455e+08 | L61: =+F61*J61 -> 2.1313217e+08
A62: =$A$57&"."&ROW()-ROW($A$57) -> 5A.S1.5 | B62: Sản xuất hoàn thiện xà gồ mạ kẽm 製造鍍鋅檁條 | C62: Thép G450. mạ kẽm, độ mạ Z275 G450鋼材。鍍鋅，鍍層厚度Z275 | D62: Kg | E62: 97387.304 | F62: 90183.12 | H62: =_xlfn.XLOOKUP(B62, Rate_Master!$A:$A, Rate_Master!$C:$C, "") -> 22365 | I62: =_xlfn.XLOOKUP(B62, Rate_Master!$A:$A, Rate_Master!$D:$D, "") -> 0 | J62: =+SUM(H62:I62) -> 22365 | K62: =J62*E62 -> 2.1780671e+09 | L62: =+F62*J62 -> 2.0169455e+09
A63: =$A$57&"."&ROW()-ROW($A$57) -> 5A.S1.6 | B63: Sản xuất hoàn thiện ty giằng xà gồ 製造完整檁條拉桿 | C63: Thép SS400 hoặc tương đương. Mạ kẽm điện phân SS400鋼材或同等材質。電鍍鋅 | D63: Kg | E63: 10105.96 | F63: 6859.968 | H63: =_xlfn.XLOOKUP(B63, Rate_Master!$A:$A, Rate_Master!$C:$C, "") -> 36750 | I63: =_xlfn.XLOOKUP(B63, Rate_Master!$A:$A, Rate_Master!$D:$D, "") -> 0 | J63: =+SUM(H63:I63) -> 36750 | K63: =J63*E63 -> 3.7139402e+08 | L63: =+F63*J63 -> 2.5210382e+08
A64: =$A$57&"."&ROW()-ROW($A$57) -> 5A.S1.7 | B64: Sản xuất hoàn thiện chống lật xà gồ 製造完整檩条防翻 | C64: Thép SS400 hoặc tương đương. Mạ kẽm SS400鋼材或同等材質。鍍鋅 | D64: Kg | E64: 7200.3968 | F64: 7394.2588 | H64: =_xlfn.XLOOKUP(B64, Rate_Master!$A:$A, Rate_Master!$C:$C, "") -> 27930 | I64: =_xlfn.XLOOKUP(B64, Rate_Master!$A:$A, Rate_Master!$D:$D, "") -> 0 | J64: =+SUM(H64:I64) -> 27930 | K64: =J64*E64 -> 2.0110708e+08 | L64: =+F64*J64 -> 2.0652165e+08
A65: =$A$57&"."&ROW()-ROW($A$57) -> 5A.S1.8 | B65: Bu lông móng 基礎螺栓 | C65: Cấp bền 5.6 mạ kẽm đầu ren 5.6耐久等級鍍鋅螺紋頭 | D65: Kg | E65: 11404.2 | F65: 8557.2 | H65: =_xlfn.XLOOKUP(B65, Rate_Master!$A:$A, Rate_Master!$C:$C, "") -> 52500 | I65: =_xlfn.XLOOKUP(B65, Rate_Master!$A:$A, Rate_Master!$D:$D, "") -> 0 | J65: =+SUM(H65:I65) -> 52500 | K65: =J65*E65 -> 598720500 | L65: =+F65*J65 -> 4.49253e+08
A66: =$A$57&"."&ROW()-ROW($A$57) -> 5A.S1.9 | B66: Bu lông liên kết cường độ cao 高強度連接螺栓 | C66: Cấp bền 8.8, mạ điện phân 8.8耐久等級，電鍍 | D66: Kg | E66: 4656.66 | F66: 3840.956 | H66: =_xlfn.XLOOKUP(B66, Rate_Master!$A:$A, Rate_Master!$C:$C, "") -> 60900 | I66: =_xlfn.XLOOKUP(B66, Rate_Master!$A:$A, Rate_Master!$D:$D, "") -> 0 | J66: =+SUM(H66:I66) -> 60900 | K66: =J66*E66 -> 283590594 | L66: =+F66*J66 -> 2.3391422e+08
A67: =$A$57&"."&ROW()-ROW($A$57) -> 5A.S1.10 | B67: Bu lông liên kết xà gồ 檩条連接螺栓 | C67: Cấp bền 4.6 mạ điện phân 4.6 耐久等级，电镀 | D67: Kg | E67: 1621.72 | F67: 887.478 | H67: =_xlfn.XLOOKUP(B67, Rate_Master!$A:$A, Rate_Master!$C:$C, "") -> 60900 | I67: =_xlfn.XLOOKUP(B67, Rate_Master!$A:$A, Rate_Master!$D:$D, "") -> 0 | J67: =+SUM(H67:I67) -> 60900 | K67: =J67*E67 -> 98762748 | L67: =+F67*J67 -> 54047410
A68: =$A$57&"."&ROW()-ROW($A$57) -> 5A.S1.11 | B68: Đinh chống cắt D16*150 防剪釘 D16*150 | C68: Cấp bền 4.6 4.6 耐久等级 | D68: Pcs | E68: 6551 | F68: 5780 | H68: =_xlfn.XLOOKUP(B68, Rate_Master!$A:$A, Rate_Master!$C:$C, "") -> 21000 | I68: =_xlfn.XLOOKUP(B68, Rate_Master!$A:$A, Rate_Master!$D:$D, "") -> 0 | J68: =+SUM(H68:I68) -> 21000 | K68: =J68*E68 -> 137571000 | L68: =+F68*J68 -> 121380000
A69: =$A$57&"."&ROW()-ROW($A$57) -> 5A.S1.12 | B69: Vận chuyển bu lông móng đến công trình 將基礎螺栓運輸至工地 | D69: Kg | E69: 11404.2 | F69: 8557.2 | H69: =_xlfn.XLOOKUP(B69, Rate_Master!$A:$A, Rate_Master!$C:$C, "") -> 630 | I69: =_xlfn.XLOOKUP(B69, Rate_Master!$A:$A, Rate_Master!$D:$D, "") -> 0 | J69: =+SUM(H69:I69) -> 630 | K69: =J69*E69 -> 7184646 | L69: =+F69*J69 -> 5391036
A70: =$A$57&"."&ROW()-ROW($A$57) -> 5A.S1.13 | B70: Vận chuyển kết cấu thép đến công trình 將鋼結構運輸至工地 | D70: Kg | E70: 629339.65 | F70: 511746.42 | H70: =_xlfn.XLOOKUP(B70, Rate_Master!$A:$A, Rate_Master!$C:$C, "") -> 630 | I70: =_xlfn.XLOOKUP(B70, Rate_Master!$A:$A, Rate_Master!$D:$D, "") -> 0 | J70: =+SUM(H70:I70) -> 630 | K70: =J70*E70 -> 3.9648398e+08 | L70: =+F70*J70 -> 3.2240024e+08
A71: =$A$57&"."&ROW()-ROW($A$57) -> 5A.S1.14 | B71: Định vị, lắp đặt bu lông móng tại công trình 在工地定位並安裝基礎螺栓 | D71: Pcs | E71: 1374 | F71: 1170 | H71: =_xlfn.XLOOKUP(B71, Rate_Master!$A:$A, Rate_Master!$C:$C, "") -> 0 | I71: =_xlfn.XLOOKUP(B71, Rate_Master!$A:$A, Rate_Master!$D:$D, "") -> 264500 | J71: =+SUM(H71:I71) -> 264500 | K71: =J71*E71 -> 363423000 | L71: =+F71*J71 -> 309465000
A72: =$A$57&"."&ROW()-ROW($A$57) -> 5A.S1.15 | B72: Lắp đặt kết cấu thép tại công trình 在工地安裝鋼結構 | D72: Kg | E72: 629339.65 | F72: 511746.42 | H72: =_xlfn.XLOOKUP(B72, Rate_Master!$A:$A, Rate_Master!$C:$C, "") -> 2940 | I72: =_xlfn.XLOOKUP(B72, Rate_Master!$A:$A, Rate_Master!$D:$D, "") -> 0 | J72: =+SUM(H72:I72) -> 2940 | K72: =J72*E72 -> 1.8502586e+09 | L72: =+F72*J72 -> 1.5045345e+09
A73: =$A$56&2 -> 5A.S2 | B73: Sàn deck 樓承板工項 | H73: =_xlfn.XLOOKUP(B73, Rate_Master!$A:$A, Rate_Master!$C:$C, "") -> 0 | I73: =_xlfn.XLOOKUP(B73, Rate_Master!$A:$A, Rate_Master!$D:$D, "") -> 0 | K73: =SUBTOTAL(9,K74:K78) -> 0 | L73: =SUBTOTAL(9,L74:L78) -> 0
A74: =$A$73&"."&ROW()-ROW($A$73) -> 5A.S2.1 | B74: Tấm sàn decking mạ kẽm thk=0.95mm WxH 50*1000mm 鍍鋅樓承板，厚度0.95毫米，寬50毫米，長1000毫米 | C74: Thép G350, mạ kẽm, độ mạ Z60 G350鋼材，鍍鋅，鍍層厚度Z60 | D74: sqm M2 | E74: 0 | H74: =_xlfn.XLOOKUP(B74, Rate_Master!$A:$A, Rate_Master!$C:$C, "") -> 0 | I74: =_xlfn.XLOOKUP(B74, Rate_Master!$A:$A, Rate_Master!$D:$D, "") -> 0 | J74: =+SUM(H74:I74) -> 0 | K74: =J74*E74 -> 0
A75: =$A$73&"."&ROW()-ROW($A$73) -> 5A.S2.2 | B75: Đinh chống cắt D19*90 防剪釘D19*90 | C75: Cấp bền 4.6 4.6耐久等級 | D75: Pcs | E75: 0 | H75: =_xlfn.XLOOKUP(B75, Rate_Master!$A:$A, Rate_Master!$C:$C, "") -> 0 | I75: =_xlfn.XLOOKUP(B75, Rate_Master!$A:$A, Rate_Master!$D:$D, "") -> 0 | J75: =+SUM(H75:I75) -> 0 | K75: =J75*E75 -> 0
A76: =$A$73&"."&ROW()-ROW($A$73) -> 5A.S2.3 | B76: Phụ kiện tôn sàn deck: Ke bo sàn, thanh chống, vít … 樓承板配件：樓承板角鋼、支撐桿、螺絲 | D76: sqm M2 | E76: 0 | H76: =_xlfn.XLOOKUP(B76, Rate_Master!$A:$A, Rate_Master!$C:$C, "") -> 0 | I76: =_xlfn.XLOOKUP(B76, Rate_Master!$A:$A, Rate_Master!$D:$D, "") -> 0 | J76: =+SUM(H76:I76) -> 0 | K76: =J76*E76 -> 0
A77: =$A$73&"."&ROW()-ROW($A$73) -> 5A.S2.4 | B77: Vận chuyển tôn sàn deck đến công trình 將樓承板鐵皮運至工地 | D77: Lot | E77: 0 | H77: =_xlfn.XLOOKUP(B77, Rate_Master!$A:$A, Rate_Master!$C:$C, "") -> 0 | I77: =_xlfn.XLOOKUP(B77, Rate_Master!$A:$A, Rate_Master!$D:$D, "") -> 0 | J77: =+SUM(H77:I77) -> 0 | K77: =J77*E77 -> 0
A78: =$A$73&"."&ROW()-ROW($A$73) -> 5A.S2.5 | B78: Lắp dựng tôn sàn deck 樓承板鐵皮安裝 | D78: sqm M2 | E78: 0 | H78: =_xlfn.XLOOKUP(B78, Rate_Master!$A:$A, Rate_Master!$C:$C, "") -> 0 | I78: =_xlfn.XLOOKUP(B78, Rate_Master!$A:$A, Rate_Master!$D:$D, "") -> 0 | J78: =+SUM(H78:I78) -> 0 | K78: =J78*E78 -> 0
A79: =$A$56&3 -> 5A.S3 | B79: Tôn bao che và phụ kiện 覆蓋鐵皮及配件 | H79: =_xlfn.XLOOKUP(B79, Rate_Master!$A:$A, Rate_Master!$C:$C, "") -> 0 | I79: =_xlfn.XLOOKUP(B79, Rate_Master!$A:$A, Rate_Master!$D:$D, "") -> 0 | K79: =SUBTOTAL(9,K80:K93) -> 8.9946808e+09 | L79: =SUBTOTAL(9,L80:L93) -> 6.7711659e+09
A80: =$A$79&"."&ROW()-ROW($A$79) -> 5A.S3.1 | B80: Mái chính: Tôn Seamlock K485, mạ nhôm kẽm thk=0.5mm. Sơn PVDF 170g/m2 và phụ kiện đi kèm 主屋頂：Seamlock K485 鋼板，鍍鋅鋁 厚度0.5mm，PVDF塗料170g/m²，及配件 | C80: =+'4A'!C80 -> Tôn liên doanh Việt hàn, AZ170 | D80: sqm M2 | E80: 18143.24 | F80: 13633.535 | H80: =_xlfn.XLOOKUP(B80, Rate_Master!$A:$A, Rate_Master!$C:$C, "") -> 248400 | I80: =_xlfn.XLOOKUP(B80, Rate_Master!$A:$A, Rate_Master!$D:$D, "") -> 34500 | J80: =+SUM(H80:I80) -> 282900 | K80: =J80*E80 -> 5132722596 | L80: =+F80*J80 -> 3.8569271e+09
A81: =$A$79&"."&ROW()-ROW($A$79) -> 5A.S3.2 | B81: Mái đua: Tôn cán cong, 5 sóng công nghiệp, mạ nhôm kẽm thk=0.5mm. Sơn PVDF 170g/m2 và phụ kiện đi kèm 延伸屋頂：彎曲鋼板，5波工業型，鍍鋁鋅厚度0.5mm，PVDF塗料 170g/m²，及配件 | C81: =+'4A'!C81 -> Tôn liên doanh Việt hàn, AZ170 | D81: sqm M2 | E81: 896.528 | F81: 525.156 | H81: =_xlfn.XLOOKUP(B81, Rate_Master!$A:$A, Rate_Master!$C:$C, "") -> 207000 | I81: =_xlfn.XLOOKUP(B81, Rate_Master!$A:$A, Rate_Master!$D:$D, "") -> 34500 | J81: =+SUM(H81:I81) -> 241500 | K81: =J81*E81 -> 2.1651151e+08 | L81: =+F81*J81 -> 1.2682517e+08
A82: =$A$79&"."&ROW()-ROW($A$79) -> 5A.S3.3 | B82: Mái phụ trợ, vách thưng tôn: Tôn 5 sóng công nghiệp, mạ nhôm kẽm thk=0.5mm. Sơn PVDF 170g/m2 và phụ kiện đi kèm 輔助屋頂、鐵皮圍牆：5波工業型，鍍鋁鋅厚度0.5mm，PVDF塗料 170g/m²，及配件 | C82: =+'4A'!C82 -> Tôn liên doanh Việt hàn, AZ170 | D82: sqm M2 | E82: 340.938 | F82: 305.008 | H82: =_xlfn.XLOOKUP(B82, Rate_Master!$A:$A, Rate_Master!$C:$C, "") -> 195500 | I82: =_xlfn.XLOOKUP(B82, Rate_Master!$A:$A, Rate_Master!$D:$D, "") -> 34500 | J82: =+SUM(H82:I82) -> 230000 | K82: =J82*E82 -> 78415740 | L82: =+F82*J82 -> 70151840
A83: =$A$79&"."&ROW()-ROW($A$79) -> 5A.S3.4 | B83: Túi khí cách nhiệt 2 mặt nhôm A2 雙面鋁箔汽包膜 A2 | D83: sqm M2 | E83: 18143.24 | F83: 13633.535 | H83: =_xlfn.XLOOKUP(B83, Rate_Master!$A:$A, Rate_Master!$C:$C, "") -> 23000 | I83: =_xlfn.XLOOKUP(B83, Rate_Master!$A:$A, Rate_Master!$D:$D, "") -> 11500 | J83: =+SUM(H83:I83) -> 34500 | K83: =J83*E83 -> 625941780 | L83: =+F83*J83 -> 4.7035696e+08
